Id	name	popularity	followers	genres	image	cluster id	degree	weighted degree	eccentricity	closeness centrality	harmonic closeness centrality	betweeness centrality	eigencentrality	clustering coefficient	Spotify ID
1	2 Chainz	83	3141364	"[""hip hop"", pop, ""pop rap"", rap, ""southern hip hop"", ""trap music""]"	17lzZA2AlOHwCwFALHttmp.jpg	1	64	108	5	0.412354	0.483401	0.021364	0.99744	0.219758	17lzZA2AlOHwCwFALHttmp
2	Drake	100	23732186	"[""canadian hip hop"", ""canadian pop"", ""hip hop"", ""pop rap"", rap]"	3TVXtAsR1Inumwj472S9r4.jpg	1	44	82	5	0.404255	0.457287	0.015653	0.766439	0.320346	3TVXtAsR1Inumwj472S9r4
3	Quavo	84	1819632		0VRj0yCOv2FXJNP47XQnx5.jpg	1	62	106	5	0.410982	0.478677	0.019353	0.933294	0.210753	0VRj0yCOv2FXJNP47XQnx5
4	Ty Dolla $ign	87	1939644	"[pop, ""pop rap"", rap, ""trap music""]"	7c0XG5cIJTrrAgEC3ULPiq.jpg	1	70	92	5	0.435626	0.503171	0.039915	0.944556	0.161345	7c0XG5cIJTrrAgEC3ULPiq
8	French Montana	81	1810699	"[""dance pop"", ""indie r&b"", pop, ""pop rap"", r&b, ""southern hip hop"", ""urban contemporary""]"	6vXTefBL93Dj5IqAWq6OTv.jpg	1	62	68	5	0.430314	0.492848	0.043709	0.647129	0.154839	6vXTefBL93Dj5IqAWq6OTv
10	Travis Scott	86	3019868	"[""dance pop"", ""indie r&b"", pop, ""pop rap"", r&b, rap, ""urban contemporary""]"	0Y5tJX1MQlPlqiwlOH1tJY.jpg	1	38	74	5	0.37538	0.428205	0.005139	0.555118	0.356725	0Y5tJX1MQlPlqiwlOH1tJY
11	Gucci Mane	82	2065690	"[""hip hop"", pop, ""pop rap"", rap, ""southern hip hop"", ""trap music""]"	13y7CgLHjMVRMDqxdx0Xdo.jpg	1	50	72	5	0.388976	0.452497	0.012648	0.754339	0.22	13y7CgLHjMVRMDqxdx0Xdo
12	Big Sean	82	4582249	"[pop, ""pop rap"", rap, ""trap music""]"	0c173mlxpT3dSFRgMO8XPh.jpg	1	50	80	5	0.3952	0.455938	0.014253	0.748071	0.286667	0c173mlxpT3dSFRgMO8XPh
13	Yo Gotti	74	1846868	"[""dirty south rap"", ""hip hop"", pop, ""pop rap"", rap, ""southern hip hop"", ""trap music""]"	6Ha4aES39QiVjR0L2lwuwq.jpg	1	36	48	5	0.377676	0.42888	0.005435	0.56456	0.366013	6Ha4aES39QiVjR0L2lwuwq
16	YG	79	1221687	"[""detroit hip hop"", ""hip hop"", pop, ""pop rap"", rap, ""southern hip hop"", ""trap music""]"	0A0FS04o6zMoto8OKPsDwY.jpg	1	32	40	5	0.382946	0.429757	0.0037	0.577409	0.391667	0A0FS04o6zMoto8OKPsDwY
20	Future	87	6904802	"[""dirty south rap"", ""dwn trap"", ""gangster rap"", ""hip hop"", ""memphis hip hop"", pop, ""pop rap"", rap, ""southern hip hop"", ""trap music""]"	1RyvyyTE3xzB2ZywiAwp0i.jpg	1	58	84	5	0.418644	0.480027	0.034618	0.81	0.224138	1RyvyyTE3xzB2ZywiAwp0i
33	Nicki Minaj	89	11775181	"[""dwn trap"", ""hip hop"", pop, ""pop rap"", rap, ""southern hip hop"", ""trap music""]"	0hCNtLu0JehylgoiP8L4Gh.jpg	1	66	80	5	0.422945	0.489136	0.026698	1	0.231061	0hCNtLu0JehylgoiP8L4Gh
38	Young Thug	82	3069598	"[""gangster rap"", ""hip hop"", pop, ""pop rap"", rap, ""southern hip hop"", ""trap music""]"	50co4Is1HCEo8bhOyUWKpn.jpg	1	34	40	5	0.368107	0.417881	0.004225	0.506384	0.316176	50co4Is1HCEo8bhOyUWKpn
48	A$AP Rocky	85	4119217	"[pop, rap, ""trap music""]"	13ubrt8QOOCPljQ2FL1Kca.jpg	1	50	70	5	0.400974	0.459447	0.020921	0.646153	0.213333	13ubrt8QOOCPljQ2FL1Kca
54	Juicy J	77	1352059	"[pop, ""pop rap"", rap, ""southern hip hop"", ""trap music""]"	5gCRApTajqwbnHHPbr2Fpi.jpg	1	32	50	5	0.388976	0.436505	0.011841	0.456855	0.166667	5gCRApTajqwbnHHPbr2Fpi
68	Kendrick Lamar	87	10042932	"[""g funk"", ""gangster rap"", ""hip hop"", ""pop rap"", rap, ""west coast rap""]"	2YZyLoL8N0Wb9xBt1NhZWg.jpg	1	36	50	5	0.366469	0.419366	0.007518	0.436761	0.254902	2YZyLoL8N0Wb9xBt1NhZWg
70	T.I.	75	2437036	"[""g funk"", ""gangster rap"", ""hip hop"", rap, ""west coast rap""]"	4OBJLual30L7gRl5UkeRcT.jpg	1	34	44	4	0.374242	0.423752	0.02575	0.393775	0.213235	4OBJLual30L7gRl5UkeRcT
254	J Balvin	92	9322488	"[""boy band"", pop, ""post-teen pop""]"	1vyhD5VmyZ7KMfW5gqLgo5.jpg	1	40	48	6	0.368107	0.421795	0.027829	0.237981	0.210526	1vyhD5VmyZ7KMfW5gqLgo5
281	Bebe Rexha	83	2171609		64M6ah0SkkRsnPGtGiRAbb.jpg	1	30	44	4	0.384137	0.4278	0.023674	0.332407	0.266667	64M6ah0SkkRsnPGtGiRAbb
283	Cardi B	90	3133799	"[""dance pop"", ""hip pop"", pop, ""pop rap""]"	4kYSro6naA4h99UJvo89HB.jpg	1	44	60	5	0.399031	0.454656	0.023802	0.441673	0.203463	4kYSro6naA4h99UJvo89HB
285	Lil Wayne	84	6383456	"[""dance pop"", ""dwn trap"", pop, ""pop rap"", rap, ""southern hip hop"", ""trap music""]"	55Aa2cqylxrFIXC767Z865.jpg	1	58	80	4	0.425862	0.483468	0.023352	0.957151	0.283251	55Aa2cqylxrFIXC767Z865
317	JAY Z	80	4179586	"[pop, rap, ""southern hip hop"", ""trap music""]"	3nFkdlSjzX9mRTtwJOzDYB.jpg	1	34	52	4	0.377099	0.426788	0.017617	0.393595	0.117647	3nFkdlSjzX9mRTtwJOzDYB
329	Snoop Dogg	80	3593594	"[""canadian hip hop"", ""hip hop"", ""indie r&b"", pop, ""pop rap"", r&b, rap, ""southern hip hop"", ""trap music""]"	7hJcb9fa4alzcOq3EaNPoG.jpg	1	28	42	5	0.355908	0.400202	0.016695	0.231299	0.241758	7hJcb9fa4alzcOq3EaNPoG
339	Pharrell Williams	79	2407838	"[""gangster rap"", ""hip hop"", pop, ""pop rap"", rap, ""southern hip hop"", ""trap music""]"	2RdwBSPQiwcmiDo9kixcl8.jpg	1	32	48	5	0.379416	0.424022	0.013246	0.38729	0.25	2RdwBSPQiwcmiDo9kixcl8
342	Jeremih	77	2434241	"[pop, rap, ""southern hip hop"", ""trap music""]"	3KV3p5EY4AvKxOlhGHORLg.jpg	1	38	54	5	0.378834	0.430229	0.010306	0.65688	0.391813	3KV3p5EY4AvKxOlhGHORLg
490	Justin Bieber	84	24030924	"[pop, rap, ""trap music""]"	1uNFoZAHBGtllmzznpCI3s.jpg	1	30	44	5	0.387147	0.432456	0.01262	0.411885	0.304762	1uNFoZAHBGtllmzznpCI3s
572	Chris Brown	85	6652904	"[""trap music""]"	7bXgB6jMjp9ATFy66eO08Z.jpg	1	44	64	5	0.388365	0.442713	0.012079	0.659342	0.311688	7bXgB6jMjp9ATFy66eO08Z
675	Rick Ross	76	2261760	"[""hip hop"", pop, ""pop rap"", rap, ""southern hip hop"", ""trap music"", ""underground hip hop""]"	1sBkRIssrMs1AbVkOJbc7a.jpg	1	40	50	5	0.390823	0.443725	0.009801	0.663308	0.357895	1sBkRIssrMs1AbVkOJbc7a
676	Wiz Khalifa	85	7163240	"[""east coast hip hop"", pop, ""pop rap"", rap, ""trap music""]"	137W8MRPWKqSmrBGDBFSop.jpg	1	42	72	5	0.392687	0.447301	0.016858	0.462876	0.238095	137W8MRPWKqSmrBGDBFSop
755	DJ Khaled	76	2445865	"[""gangster rap"", ""hip hop"", pop, ""pop rap"", rap, ""southern hip hop"", ""trap music"", ""underground hip hop""]"	0QHgL1lAIqAw0HtD7YldmP.jpg	1	34	52	5	0.38959	0.438664	0.008489	0.579064	0.411765	0QHgL1lAIqAw0HtD7YldmP
841	Kanye West	88	8066678	"[""gangster rap"", ""hip hop"", ""pop rap"", rap, ""trap music"", ""underground hip hop""]"	5K4W6rqBFWDnAN6FQUkS6x.jpg	1	42	76	5	0.372549	0.42942	0.011356	0.609026	0.314286	5K4W6rqBFWDnAN6FQUkS6x
5	Trey Songz	75	3256433	"[crunk, ""dirty south rap"", ""gangster rap"", ""hip hop"", ""memphis hip hop"", ""pop rap"", rap, ""southern hip hop"", ""trap music""]"	2iojnBLj0qIMiKPvVhLnsH.jpg	2	22	40	6	0.353868	0.396086	0.00111	0.368914	0.490909	2iojnBLj0qIMiKPvVhLnsH
6	Jhene Aiko	75	1765439	"[""hip hop"", pop, ""pop rap"", rap, ""southern hip hop"", ""trap music""]"	5ZS223C6JyBfXasXxrRqOk.jpg	2	18	28	5	0.345455	0.381646	0.004262	0.284626	0.5	5ZS223C6JyBfXasXxrRqOk
14	Desiigner	71	1959774	"[pop, rap, ""trap music""]"	7pFeBzX627ff0VnN6bxPR4.jpg	2	20	36	5	0.34887	0.388934	0.003861	0.348206	0.688889	7pFeBzX627ff0VnN6bxPR4
18	21 Savage	84	4526274	"[""hip hop"", ""indie r&b"", ""neo soul"", pop, rap]"	1URnnhqYAYcrqrcwql10ft.jpg	2	22	24	6	0.368107	0.409109	0.001417	0.397398	0.418182	1URnnhqYAYcrqrcwql10ft
22	2Pac	77	4332246	"[""hip hop"", rap]"	1ZwdS5xdxEREPySFridCfh.jpg	2	4	16	6	0.222723	0.234615	0	0.004945	1	1ZwdS5xdxEREPySFridCfh
24	Dr. Dre	77	3561723	"[drill, ""hip hop"", ""pop rap"", rap, ""southern hip hop"", ""trap music"", ""underground hip hop"", ""vapor trap""]"	6DPYiyq5kWVQS4RGwxzPC7.jpg	2	10	22	5	0.286211	0.311471	0.004443	0.042317	0.5	6DPYiyq5kWVQS4RGwxzPC7
31	6ix9ine	81	1484050	"[""hip hop"", ""pop rap"", rap, ""west coast rap""]"	7gZfnEnfiaHzxARJ2LeXrf.jpg	2	14	22	6	0.315453	0.34973	0.001179	0.144317	0.428571	7gZfnEnfiaHzxARJ2LeXrf
35	Fetty Wap	76	3139844	"[""dance pop"", ""dirty south rap"", ""gangster rap"", ""hip hop"", ""pop rap"", rap, ""southern hip hop"", ""trap music""]"	6PXS4YHDkKvl1wkIl4V8DL.jpg	2	12	22	6	0.292308	0.320175	0.000753	0.060535	0.466667	6PXS4YHDkKvl1wkIl4V8DL
36	A Boogie Wit da Hoodie	78	1822956	"[""hip hop"", ""indie r&b"", ""pop rap"", rap]"	31W5EY0aAly4Qieq6OFu6I.jpg	2	20	36	6	0.314249	0.353914	0.00118	0.191365	0.377778	31W5EY0aAly4Qieq6OFu6I
37	Tory Lanez	78	1492199	"[""dance pop"", ""indie r&b"", pop, ""pop rap"", r&b, rap]"	2jku7tDXc6XoB6MO2hFuqg.jpg	2	24	32	6	0.364845	0.406275	0.004103	0.339067	0.363636	2jku7tDXc6XoB6MO2hFuqg
40	Kodak Black	80	3352632	"[europop, ""swedish pop""]"	46SHBwWsqBkxI7EeeBEQG7.jpg	2	22	34	5	0.355908	0.397166	0.005326	0.323591	0.381818	46SHBwWsqBkxI7EeeBEQG7
41	PnB Rock	76	1363742	"[""album rock"", ""australian rock"", ""hard rock"", rock]"	21WS9wngs9AqFckK7yYJPM.jpg	2	18	34	6	0.322876	0.360931	0.004047	0.175251	0.361111	21WS9wngs9AqFckK7yYJPM
42	YoungBoy Never Broke Again	79	1201453	"[""hip hop"", ""indie r&b"", pop, ""pop rap"", rap]"	7wlFDEWiM5OoIAt8RSli8b.jpg	2	14	30	6	0.316667	0.351215	0.000333	0.173763	0.571429	7wlFDEWiM5OoIAt8RSli8b
47	A$AP Ferg	77	1417263	[pop]	5dHt1vcEm9qb8fCyLcB3HL.jpg	2	16	22	6	0.34887	0.387449	0.002918	0.254696	0.464286	5dHt1vcEm9qb8fCyLcB3HL
50	ScHoolboy Q	75	1922782	"[pop, ""pop rap"", rap, ""southern hip hop"", ""trap music""]"	5IcR3N7QB1j6KBL8eImZ8m.jpg	2	22	32	5	0.355396	0.396761	0.002281	0.324545	0.4	5IcR3N7QB1j6KBL8eImZ8m
52	Joey Bada$$	74	1052670	"[""pop rap""]"	2P5sC9cVZDToPxyomzF1UH.jpg	2	10	18	7	0.281001	0.307837	0.001278	0.036656	0.4	2P5sC9cVZDToPxyomzF1UH
55	Playboi Carti	78	1528254	"[""dance pop"", pop, ""post-teen pop""]"	699OTQXzgjhIYAHMy9RyPD.jpg	2	28	46	5	0.346424	0.391903	0.002349	0.374633	0.406593	699OTQXzgjhIYAHMy9RyPD
56	Lil Uzi Vert	85	4531373	"[""big room"", ""dance pop"", edm, ""electro house"", pop, ""progressive electro house"", ""tropical house""]"	4O15NlyKLIASxsJ0PrXPfz.jpg	2	24	42	5	0.344011	0.386302	0.001421	0.32453	0.424242	4O15NlyKLIASxsJ0PrXPfz
57	Frank Ocean	79	3519040	"[""contemporary country"", ""country road"", ""modern country rock""]"	2h93pZq0e7k5yf4dywlkpM.jpg	2	18	38	5	0.336054	0.372807	0.000802	0.222387	0.527778	2h93pZq0e7k5yf4dywlkpM
61	Tyler, The Creator	76	2044936	"[""baile pop""]"	4V8LLVI7PbaPR0K2TGSxFF.jpg	2	14	26	5	0.326288	0.359109	0.000327	0.190785	0.52381	4V8LLVI7PbaPR0K2TGSxFF
65	Chief Keef	70	1210427	"[""dance pop"", electropop, metropopolis, pop, ""post-teen pop"", ""swedish electropop"", ""swedish pop"", ""swedish synthpop""]"	15iVAtD3s3FsQR4w1v6M0P.jpg	2	8	8	5	0.316667	0.345277	0.000029	0.14589	0.666667	15iVAtD3s3FsQR4w1v6M0P
71	Kid Cudi	74	2543028	"[""permanent wave"", pop]"	0fA0VVWsXO9YnASrzqfmYu.jpg	2	14	22	5	0.333784	0.367611	0.004216	0.211289	0.52381	0fA0VVWsXO9YnASrzqfmYu
74	Miguel	80	1760041	"[""hip pop"", ""neo soul"", pop, r&b, ""urban contemporary""]"	360IAlyVv4PCEVjgyMZrxK.jpg	2	22	26	6	0.333784	0.376586	0.010391	0.193094	0.2	360IAlyVv4PCEVjgyMZrxK
87	Chance the Rapper	80	3364331	"[""indie rock""]"	1anyVhU62p31KFi8MEzkbf.jpg	2	24	34	5	0.370315	0.412348	0.003445	0.435599	0.469697	1anyVhU62p31KFi8MEzkbf
101	Lil Yachty	82	3566904	"[""dance pop"", ""indie r&b"", pop, ""post-teen pop"", r&b]"	6icQOAFXDZKsumw3YXyusw.jpg	2	24	26	6	0.351852	0.395479	0.007907	0.24966	0.318182	6icQOAFXDZKsumw3YXyusw
104	Macklemore	77	1061197	"[""dance pop"", ""hip hop"", pop, ""pop rap"", r&b, rap, ""southern hip hop"", ""urban contemporary""]"	3JhNCzhSMTxs9WLGJJxWOY.jpg	2	6	6	7	0.263889	0.283237	0.000355	0.02079	0.666667	3JhNCzhSMTxs9WLGJJxWOY
119	Alessia Cara	79	3499287	"[""neo soul""]"	2wUjUUtkb5lvLKcGKsKqsR.jpg	2	8	22	6	0.281321	0.304588	0.000477	0.03899	0.666667	2wUjUUtkb5lvLKcGKsKqsR
121	Alesso	73	2079431	"[""dance pop"", pop, ""post-teen pop"", ""tropical house""]"	4AVFqumd2ogHFlRbKIjp1t.jpg	2	18	22	6	0.295808	0.330297	0.007126	0.041409	0.277778	4AVFqumd2ogHFlRbKIjp1t
122	Florida Georgia Line	81	1906900	"[""dance pop"", edm, ""electro house"", moombahton, pop, ""tropical house""]"	3b8QkneNDz4JHKKKlLgYZg.jpg	2	16	26	5	0.294048	0.325304	0.017605	0.039977	0.285714	3b8QkneNDz4JHKKKlLgYZg
124	Anitta	81	5718254	"[""big room"", ""dance pop"", ""dutch house"", edm, ""electro house"", pop, ""progressive electro house"", ""tropical house""]"	7FNnA9vBm6EKceENgCGRMb.jpg	2	12	16	5	0.330656	0.360796	0.00412	0.073174	0.2	7FNnA9vBm6EKceENgCGRMb
126	Tove Lo	74	1523571	"[""garage rock"", ""modern rock"", ""permanent wave"", ""sheffield indie""]"	4NHQUGzhtTLFvgF5SZesLK.jpg	2	10	24	5	0.293001	0.317544	0.004573	0.032513	0.4	4NHQUGzhtTLFvgF5SZesLK
128	Coldplay	84	13363048	"[""dance pop"", pop, ""post-teen pop""]"	4gzpq5DPGxSnKTe4SA8HAU.jpg	2	6	22	7	0.237044	0.255234	0	0.009374	1	4gzpq5DPGxSnKTe4SA8HAU
133	Alicia Keys	74	4755546	"[""dance pop"", ""hip pop"", pop, ""pop rap"", ""post-teen pop""]"	3DiDSECUqqY1AuBP8qtaIa.jpg	2	8	22	6	0.285549	0.308165	0.004073	0.03918	0.5	3DiDSECUqqY1AuBP8qtaIa
158	Kehlani	81	1588708	"[""contemporary country"", country, ""country road"", ""modern country rock""]"	0cGUm45nv7Z6M6qdXYQGTX.jpg	2	12	18	6	0.312658	0.341835	0.001191	0.083736	0.533333	0cGUm45nv7Z6M6qdXYQGTX
161	Nelly	72	1082038	"[""dance pop"", ""hip hop"", pop, ""pop rap"", rap, ""southern hip hop""]"	2gBjLmx6zQnFGQJCAQpRgw.jpg	2	4	10	6	0.275056	0.293185	0	0.04248	1	2gBjLmx6zQnFGQJCAQpRgw
192	Anne-Marie	84	1317879	"[""alternative metal"", ""nu metal"", post-grunge]"	1zNqDE7qDGCsyzJwohVaoX.jpg	2	16	28	7	0.299757	0.335666	0.003364	0.061413	0.357143	1zNqDE7qDGCsyzJwohVaoX
193	Major Lazer	80	4558172	"[""big room"", edm]"	738wLrAtLtCtFOLvQBXOXp.jpg	2	30	30	6	0.373112	0.422537	0.009539	0.343612	0.12381	738wLrAtLtCtFOLvQBXOXp
196	R3HAB	76	1263197	"[""dance pop"", edm, pop, ""post-teen pop"", r&b, ""tropical house""]"	6cEuCEZu7PAE9ZSzLLc2oQ.jpg	2	6	6	7	0.267896	0.291267	0.000097	0.020434	0.333333	6cEuCEZu7PAE9ZSzLLc2oQ
210	Ariana Grande	89	16866021	"[""big room"", ""dance pop"", edm, ""electro house"", pop, ""tropical house""]"	66CXWjxzNUsdJxJ2JdwvnR.jpg	2	18	32	6	0.332436	0.37004	0.008145	0.156096	0.277778	66CXWjxzNUsdJxJ2JdwvnR
211	Iggy Azalea	72	3216539	"[""dance pop"", latin, ""latin pop"", ""mexican pop""]"	5yG7ZAZafVaAlMTeBybKAL.jpg	2	20	24	5	0.354885	0.39359	0.008043	0.185857	0.222222	5yG7ZAZafVaAlMTeBybKAL
223	B.o.B	72	1399206	"[""dance pop"", ""hip pop"", pop, r&b, ""urban contemporary""]"	5ndkK3dpZLKtBklKjxNQwT.jpg	2	12	12	6	0.317481	0.352024	0.000526	0.157805	0.333333	5ndkK3dpZLKtBklKjxNQwT
235	Avicii	83	9396349	"[""neo mellow"", pop, ""pop rock"", singer-songwriter]"	1vCWHaC5f2uS3yhpwWbIA6.jpg	2	4	18	6	0.252556	0.266667	0	0.0119	1	1vCWHaC5f2uS3yhpwWbIA6
237	Rita Ora	78	2402698	"[""boy band"", ""dance pop"", europop, pop]"	5CCwRZC6euC8Odo6y9X8jr.jpg	2	18	38	5	0.337432	0.372267	0.005437	0.14582	0.416667	5CCwRZC6euC8Odo6y9X8jr
240	Steve Aoki	76	2494652	"[reggaeton, ""trap latino""]"	77AiFEVeAVj2ORpC85QVJs.jpg	2	22	24	5	0.341632	0.383941	0.011979	0.145002	0.181818	77AiFEVeAVj2ORpC85QVJs
243	Ricky Martin	72	3547173	[latin, reggaeton]	7slfeZO9LsJbWgpkIoXBUJ.jpg	2	26	34	6	0.294398	0.338057	0.002664	0.118035	0.576923	7slfeZO9LsJbWgpkIoXBUJ
249	Mariah Carey	72	3322557	"[reggaeton, ""trap latino""]"	4iHNK0tOyZPYnBU7nGAgpQ.jpg	2	8	20	5	0.289566	0.314507	0.004496	0.039691	0.5	4iHNK0tOyZPYnBU7nGAgpQ
252	Backstreet Boys	74	1473421	"[latin, ""latin hip hop"", pop, reggaeton, tropical]"	5rSXSAkZ67PYJSvpUpkOr7.jpg	2	4	22	6	0.22744	0.241026	0	0.005485	1	5rSXSAkZ67PYJSvpUpkOr7
253	Bad Bunny	92	6835165	"[bachata, latin, ""latin pop"", ""merengue urbano"", pop, reggaeton, tropical]"	4q3ewBCX7sLwd24euuV69X.jpg	2	22	38	6	0.320779	0.360121	0.003839	0.114234	0.454545	4q3ewBCX7sLwd24euuV69X
257	Ozuna	92	9108358	"[""adult standards"", ""canadian pop"", lounge, ""neo mellow""]"	1i8SpTcr7yvPOmcqrbnVXY.jpg	2	24	40	6	0.334235	0.377395	0.00671	0.149661	0.424242	1i8SpTcr7yvPOmcqrbnVXY
258	Nicky Jam	88	7154303	"[metropopolis, ""modern rock"", pop]"	1SupJlEpv7RS2tPNRaHViT.jpg	2	22	32	6	0.302326	0.343725	0.002876	0.10167	0.490909	1SupJlEpv7RS2tPNRaHViT
259	Prince Royce	77	2601787	"[""big room"", edm, ""electro house"", pop, ""progressive electro house"", ""tropical house""]"	3MHaV05u0io8fQbZ2XPtlC.jpg	2	14	24	7	0.289227	0.32325	0.001616	0.061629	0.47619	3MHaV05u0io8fQbZ2XPtlC
274	Bastille	74	2748153	"[""dance pop"", pop, ""post-teen pop""]"	7EQ0qTo7fWT7DPxmxtSYEc.jpg	2	4	18	1	1	1	0	0.001774	1	7EQ0qTo7fWT7DPxmxtSYEc
276	Don Diablo	71	1000818	"[""candy pop"", ""dance pop"", electropop, metropopolis, pop, ""post-teen pop""]"	1l2ekx5skC4gJH8djERwh1.jpg	2	2	2	1	1	1	0	0.000974	0	1l2ekx5skC4gJH8djERwh1
282	Charli XCX	76	1137721	[pop]	25uiPmTg16RbhZWAqwLBy5.jpg	2	24	46	5	0.36217	0.402362	0.008992	0.182502	0.348485	25uiPmTg16RbhZWAqwLBy5
284	X Ambassadors	73	1090764	"[""modern alternative rock"", ""modern rock"", pop, ""stomp pop""]"	3NPpFNZtSTHheNBaWC82rB.jpg	2	18	28	5	0.357453	0.392308	0.002017	0.249408	0.611111	3NPpFNZtSTHheNBaWC82rB
287	Becky G	83	2483126	"[""hip hop"", pop, ""pop rap"", rap, ""trap music""]"	4obzFoKoKRHIphyHzJ35G3.jpg	2	16	20	6	0.328021	0.362753	0.003039	0.092847	0.392857	4obzFoKoKRHIphyHzJ35G3
289	De La Ghetto	79	2053573	"[""dance pop"", pop, ""post-teen pop""]"	3EiLUeyEcA6fbRPSHkG5kb.jpg	2	10	10	7	0.285549	0.315221	0.000827	0.044701	0.2	3EiLUeyEcA6fbRPSHkG5kb
290	Farruko	80	4047136	"[latin, ""latin hip hop"", reggaeton, ""reggaeton flow"", ""trap latino"", tropical]"	329e4yvIujISKGKz1BZZbO.jpg	2	6	6	6	0.311869	0.336437	0.000652	0.05452	0.333333	329e4yvIujISKGKz1BZZbO
316	Beyoncé	83	14653194	"[latin, ""latin hip hop"", reggaeton, ""trap latino"", tropical]"	6vWDO969PvNqNYHIOW5v0m.jpg	2	14	34	5	0.336971	0.369163	0.005127	0.146789	0.52381	6vWDO969PvNqNYHIOW5v0m
319	Tim McGraw	71	2314160	"[disco, ""mellow gold"", ""soft rock""]"	6roFdX1y5BYSbp60OTJWMd.jpg	2	8	20	6	0.254902	0.274561	0.001027	0.013723	0.666667	6roFdX1y5BYSbp60OTJWMd
323	Jeezy	70	1022724	"[""neo mellow""]"	4yBK75WVCQXej1p04GWqxH.jpg	2	24	24	5	0.360058	0.401754	0.006616	0.324032	0.333333	4yBK75WVCQXej1p04GWqxH
335	Ludacris	73	1430402	"[""dance pop"", pop, ""post-teen pop"", r&b]"	3ipn9JLAPI5GUEo4y4jcoi.jpg	2	26	30	5	0.378834	0.418961	0.012541	0.337758	0.307692	3ipn9JLAPI5GUEo4y4jcoi
338	Rae Sremmurd	81	3587165	"[""bulgarian hip hop"", ""east coast hip hop"", ""hip hop"", ""pop rap"", rap]"	7iZtZyCzp3LItcw1wtPI3D.jpg	2	18	22	5	0.337893	0.375169	0.00046	0.289092	0.5	7iZtZyCzp3LItcw1wtPI3D
368	Blackbear	77	1429014	"[""contemporary country"", country, ""country road""]"	2cFrymmkijnjDg9SS92EPM.jpg	2	6	18	6	0.296875	0.319973	0.000031	0.067874	0.666667	2cFrymmkijnjDg9SS92EPM
381	Lil Pump	80	3593218	"[crunk, ""dirty south rap"", ""gangster rap"", ""hip hop"", ""pop rap"", rap, ""southern hip hop"", ""trap music""]"	3wyVrVrFCkukjdVIdirGVY.jpg	2	8	20	6	0.324147	0.352834	0.000055	0.116849	0.833333	3wyVrVrFCkukjdVIdirGVY
384	The Weeknd	87	11524932	"[""g funk"", ""gangster rap"", ""hip hop"", ""pop rap"", rap, ""west coast rap""]"	1Xyo4u8uXC1ZmMpatF05PJ.jpg	2	20	34	6	0.364307	0.403239	0.003375	0.298612	0.377778	1Xyo4u8uXC1ZmMpatF05PJ
392	Bob Dylan	71	2561411	"[""dance pop"", ""dirty south rap"", ""hip hop"", ""pop rap"", rap, ""southern hip hop"", ""trap music""]"	74ASZWbe4lXaubB36ztrGX.jpg	2	4	20	1	1	1	0	0.001995	1	74ASZWbe4lXaubB36ztrGX
393	Johnny Cash	73	2657676	"[pop, ""pop rap"", rap, ""southern hip hop"", ""trap music""]"	6kACVPfCOnqzgfEF5ryl0x.jpg	2	4	20	1	1	1	0	0.001995	1	6kACVPfCOnqzgfEF5ryl0x
413	Eric Church	71	1548921	"[""dance pop"", pop, ""pop rap""]"	2IvkS5MXK0vPGnwyJsrEyV.jpg	2	6	24	8	0.178726	0.190259	0	0.004533	1	2IvkS5MXK0vPGnwyJsrEyV
435	Lana Del Rey	79	6588686	"[""dance pop"", ""hip hop"", ""indie r&b"", pop, ""pop rap"", r&b, rap, ""southern hip hop"", ""trap music"", ""urban contemporary""]"	00FQb4jTyendYWaN8pK0wa.jpg	2	8	22	6	0.299031	0.323887	0.000061	0.088266	0.666667	00FQb4jTyendYWaN8pK0wa
437	Carrie Underwood	70	2569307	[pop]	4xFUf1FHVy696Q1JQZMTRj.jpg	2	6	22	6	0.278467	0.295682	0.000997	0.025797	0.666667	4xFUf1FHVy696Q1JQZMTRj
453	Britney Spears	75	4813464	[k-pop]	26dSoYclwsYLMAKD3tpOr4.jpg	2	4	22	6	0.262208	0.277395	0	0.014333	1	26dSoYclwsYLMAKD3tpOr4
457	Bruno Mars	84	14992730	"[""modern rock"", ""pop punk"", punk]"	0du5cEVh5yTK9QJze8zA0C.jpg	2	10	26	6	0.326288	0.353306	0.000556	0.099821	0.6	0du5cEVh5yTK9QJze8zA0C
458	Bryson Tiller	75	2734563	"[""trap music""]"	2EMAnMvWE2eb56ToJVfCWs.jpg	2	8	24	6	0.298309	0.323009	0.000047	0.081986	0.666667	2EMAnMvWE2eb56ToJVfCWs
459	BTS	86	5666697	"[""canadian pop"", pop, rap]"	3Nrfpe0tUJi4K4DXYWgMUX.jpg	2	6	22	6	0.279096	0.299393	0	0.034927	1	3Nrfpe0tUJi4K4DXYWgMUX
464	James Bay	74	1921567	"[""album rock"", ""classic rock"", folk, ""folk rock"", folk-pop, ""mellow gold"", rock, ""roots rock"", singer-songwriter]"	4EzkuveR9pLvDVFNx6foYD.jpg	2	4	20	7	0.222322	0.233343	0	0.004588	1	4EzkuveR9pLvDVFNx6foYD
468	Calvin Harris	86	12464710	"[""outlaw country"", ""traditional country""]"	7CajNmpbOovFoOoasH2HaY.jpg	2	22	24	5	0.338356	0.377193	0.005253	0.177592	0.272727	7CajNmpbOovFoOoasH2HaY
469	Dua Lipa	87	4630290	"[reggae, ""roots reggae""]"	6M2wZ9GZgrQXHCFfjv46we.jpg	2	12	26	6	0.311083	0.341768	0.000944	0.077994	0.466667	6M2wZ9GZgrQXHCFfjv46we
470	Katy Perry	79	10730170	"[""contemporary country"", country, ""country road"", ""modern country rock""]"	6jJ0s89eD6GaHleKKya26X.jpg	2	14	24	5	0.34116	0.374561	0.000839	0.199705	0.52381	6jJ0s89eD6GaHleKKya26X
471	Rihanna	86	25440072	"[""chamber pop"", folk-pop, ""indie folk"", ""indie pop"", melancholia, ""slow core"", ""stomp and holler""]"	5pKCCKE2ajJHZ9KAiaK11H.jpg	2	24	34	5	0.353868	0.393522	0.004117	0.281197	0.333333	5pKCCKE2ajJHZ9KAiaK11H
472	Migos	85	6478387	"[""glam metal"", rock]"	6oMuImdp5ZcFhWP0ESe6mG.jpg	2	22	32	5	0.362702	0.402227	0.003765	0.288586	0.345455	6oMuImdp5ZcFhWP0ESe6mG
477	Camila Cabello	82	4837080	[pop]	4nDoRrQiYLoBzwC5BhVJzF.jpg	2	20	32	6	0.362702	0.400877	0.00519	0.234621	0.355556	4nDoRrQiYLoBzwC5BhVJzF
478	Daddy Yankee	85	8008861	"[""contemporary country"", country, ""country dawn"", ""dance pop"", pop, ""post-teen pop""]"	4VMYDCV2IEDYJArk749S6m.jpg	2	22	28	6	0.324573	0.366127	0.005624	0.117862	0.327273	4VMYDCV2IEDYJArk749S6m
480	SZA	81	1821027	"[""contemporary country"", country, ""country road"", ""modern country rock""]"	7tYKF4w9nC0nq9CsPZTHyP.jpg	2	20	30	6	0.344491	0.384615	0.003982	0.186845	0.333333	7tYKF4w9nC0nq9CsPZTHyP
488	Céline Dion	72	1331764	"[""alternative metal"", ""nu metal"", post-grunge, ""rap metal"", ""rap rock""]"	4S9EykWXhStSc15wEx8QFK.jpg	2	4	18	6	0.254902	0.27139	0	0.012325	1	4S9EykWXhStSc15wEx8QFK
496	Dierks Bentley	71	1403095	"[""dance pop"", pop, ""post-teen pop"", r&b]"	7x8nK0m0cP2ksQf0mjWdPS.jpg	2	4	18	6	0.22744	0.241026	0	0.005485	1	7x8nK0m0cP2ksQf0mjWdPS
500	Afrojack	72	2078258	"[""heartland rock"", ""mellow gold"", ""permanent wave"", rock, singer-songwriter]"	4D75GcNG95ebPtNvoNVXhz.jpg	2	12	14	6	0.336054	0.366397	0.001452	0.089836	0.333333	4D75GcNG95ebPtNvoNVXhz
502	Charlie Puth	81	5215311	"[""dance pop"", pop, ""post-teen pop""]"	6VuMaDnrHyPL1p4EHjYLi7.jpg	2	14	24	6	0.312263	0.342713	0.003868	0.066182	0.333333	6VuMaDnrHyPL1p4EHjYLi7
503	Selena Gomez	84	10681479	"[""dance pop"", ""indie r&b"", pop, ""pop rap"", r&b, rap, ""trap music""]"	0C8ZW7ezQVs4URX5aX7Kqx.jpg	2	14	26	6	0.315051	0.34946	0.002594	0.085221	0.428571	0C8ZW7ezQVs4URX5aX7Kqx
504	Meghan Trainor	75	5928986	[k-pop]	6JL8zeS1NmiOftqZTRgdTz.jpg	2	6	22	7	0.253333	0.270551	0.000163	0.011827	0.666667	6JL8zeS1NmiOftqZTRgdTz
507	Pitbull	80	5951205	"[""neo mellow"", pop]"	0TnOYISbd1XYRBk9myaseg.jpg	2	24	30	5	0.357453	0.397368	0.011707	0.174949	0.212121	0TnOYISbd1XYRBk9myaseg
511	Alejandro Sanz	73	2213567	"[""alternative metal"", ""nu metal"", ""pop punk"", post-grunge, ""rap metal"", ""rap rock"", screamo]"	5sUrlPAHlS9NEirDB8SEbF.jpg	2	16	18	7	0.277217	0.312522	0	0.082849	1	5sUrlPAHlS9NEirDB8SEbF
512	Thalía	71	1287389	"[""alternative rock"", ""garage rock"", ""indie pop"", ""indie rock"", ""modern rock"", ""punk blues""]"	23wEWD21D4TPYiJugoXmYb.jpg	2	16	16	7	0.277217	0.312522	0	0.082849	1	23wEWD21D4TPYiJugoXmYb
521	Alejandro Fernandez	73	1434157	"[""dance pop"", edm, ""electro house"", house, pop, ""progressive house""]"	6sq1yF0OZEWA4xoXVKW1L9.jpg	2	16	16	7	0.277217	0.312522	0	0.082849	1	6sq1yF0OZEWA4xoXVKW1L9
522	Carlos Vives	73	2028945	[pop]	4vhNDa5ycK0ST968ek7kRr.jpg	2	16	18	7	0.277217	0.312522	0	0.082849	1	4vhNDa5ycK0ST968ek7kRr
527	Jennifer Lopez	77	5004128	"[""dance pop"", pop, ""post-teen pop""]"	2DlGxzQSjYe5N6G9nkYghR.jpg	2	30	36	6	0.336054	0.382659	0.008919	0.191197	0.466667	2DlGxzQSjYe5N6G9nkYghR
536	Shakira	82	12606663	"[""dance pop"", pop, r&b, ""urban contemporary""]"	0EmeFodog0BfCgMzAIvKQp.jpg	2	26	34	7	0.291617	0.335599	0.002479	0.118789	0.576923	0EmeFodog0BfCgMzAIvKQp
538	Luis Fonsi	79	3387570	"[pop, rap, ""trap music""]"	4V8Sr092TqfHkfAA5fXXqG.jpg	2	26	32	6	0.309912	0.352632	0.007413	0.129682	0.538462	4V8Sr092TqfHkfAA5fXXqG
545	Christina Aguilera	76	3318889	"[""dance pop"", pop, ""post-teen pop""]"	1l7ZsJRRS8wlW3WfJfPfNS.jpg	2	28	36	6	0.352857	0.39973	0.016793	0.232486	0.483516	1l7ZsJRRS8wlW3WfJfPfNS
548	Wisin	83	3320725	"[latin, ""latin hip hop"", pop, reggaeton, tropical]"	3E6xrwgnVfYCrCs0ePERDz.jpg	2	20	22	7	0.29867	0.341199	0.001872	0.097287	0.4	3E6xrwgnVfYCrCs0ePERDz
551	Little Mix	78	4250555	"[""hip hop"", ""indie r&b"", pop, ""pop rap"", r&b, rap]"	3e7awlrlDSwF3iM0WBjGMp.jpg	2	10	16	6	0.282286	0.306815	0.002407	0.034343	0.4	3e7awlrlDSwF3iM0WBjGMp
553	Demi Lovato	86	9974978	"[""canadian pop"", ""dance pop""]"	6S2OmqARrzebs0tKUEyXyp.jpg	2	8	24	7	0.271131	0.29518	0.000576	0.032668	0.666667	6S2OmqARrzebs0tKUEyXyp
555	David Guetta	86	15156305	"[""canadian pop"", ""dance pop"", pop, ""post-teen pop""]"	1Cs0zKBU1kc0i8ypK3B9ai.jpg	2	22	32	6	0.356421	0.396829	0.009699	0.138823	0.127273	1Cs0zKBU1kc0i8ypK3B9ai
562	Childish Gambino	83	3458163	"[""contemporary country"", country, ""country road""]"	73sIBHcqh3Z3NyqHKZ7FOL.jpg	2	4	22	6	0.257024	0.271525	0	0.019471	1	73sIBHcqh3Z3NyqHKZ7FOL
573	Tyga	83	3239123	"[""big room"", ""dance pop"", ""deep big room"", ""dutch house"", edm, ""electro house"", pop, ""progressive electro house"", ""progressive house"", ""tropical house""]"	5LHRHt1k9lMyONurDHEdrp.jpg	2	24	34	5	0.347887	0.390351	0.001882	0.32498	0.378788	5LHRHt1k9lMyONurDHEdrp
594	Sean Paul	80	1878774	"[pop, ""post-teen pop"", ""viral pop""]"	3Isy6kedDrgPYoTS1dazA9.jpg	2	20	24	6	0.310302	0.347976	0.006349	0.071996	0.288889	3Isy6kedDrgPYoTS1dazA9
603	Christina Perri	70	1416054	"[""dance pop"", pop, ""post-teen pop""]"	7H55rcKCfwqkyDFH9wpKM6.jpg	2	4	18	6	0.248241	0.260999	0	0.009337	1	7H55rcKCfwqkyDFH9wpKM6
605	Ed Sheeran	89	29165243	"[""dance pop"", ""hip pop"", pop, ""post-teen pop""]"	6eUKZXaKkcviH0Ku9w2n3V.jpg	2	16	32	5	0.329773	0.360526	0.006666	0.10834	0.321429	6eUKZXaKkcviH0Ku9w2n3V
614	50 Cent	78	4246450	"[""dance pop"", latin, pop, ""pop rap""]"	3q7HBObVc0L8jNeTe5Gofh.jpg	2	4	6	6	0.278153	0.299123	0	0.057646	1	3q7HBObVc0L8jNeTe5Gofh
617	Clean Bandit	83	1277990	"[cantautor, latin, ""latin arena pop"", ""latin pop"", ""mexican pop"", ""rock en espanol"", ""spanish pop"", tropical]"	6MDME20pz9RveH9rEXvrOM.jpg	2	8	12	7	0.265021	0.290254	0.000607	0.020938	0.166667	6MDME20pz9RveH9rEXvrOM
618	Zara Larsson	76	3024670	"[latin, ""latin pop"", ""mexican pop"", pop]"	1Xylc3o4UrD53lo9CvFvVg.jpg	2	10	22	6	0.320363	0.348381	0.00329	0.079083	0.4	1Xylc3o4UrD53lo9CvFvVg
623	CNCO	75	4003916	"[latin, ""latin arena pop"", ""latin pop"", mariachi, ""mexican pop"", ranchera, tropical]"	0eecdvMrqBftK0M1VKhaF4.jpg	2	6	20	7	0.238187	0.256015	0.000165	0.009688	0.666667	0eecdvMrqBftK0M1VKhaF4
624	Yandel	79	2687754	"[champeta, ""colombian pop"", latin, ""latin pop"", reggaeton, tropical, vallenato]"	0eHQ9o50hj6ZDNBt6Ys1sD.jpg	2	10	12	7	0.281642	0.312994	0.002176	0.052232	0.4	0eHQ9o50hj6ZDNBt6Ys1sD
631	John Legend	77	4134325	"[""dance pop"", pop, ""pop rap"", ""post-teen pop"", r&b, ""urban contemporary""]"	5y2Xq6xcjJb2jVM54GHK3t.jpg	2	12	22	6	0.30344	0.330904	0.003409	0.052493	0.333333	5y2Xq6xcjJb2jVM54GHK3t
652	Trippie Redd	81	1369924	"[""colombian pop"", ""dance pop"", latin, ""latin pop"", ""mexican pop"", pop]"	6Xgp2XMz1fhVYe7i6yNAax.jpg	2	10	10	7	0.293698	0.32406	0.000972	0.059981	0	6Xgp2XMz1fhVYe7i6yNAax
654	Arcangel	80	2679882	"[latin, ""latin pop""]"	4SsVbpTthjScTS7U2hmr1X.jpg	2	4	4	7	0.256224	0.276827	0	0.018734	1	4SsVbpTthjScTS7U2hmr1X
657	Daft Punk	78	4476311	"[""dance pop"", pop, ""post-teen pop"", r&b]"	4tZwfgrHOc3mvqYlEYSvVi.jpg	2	6	20	6	0.288551	0.307962	0.000022	0.047092	0.666667	4tZwfgrHOc3mvqYlEYSvVi
669	Jason Aldean	75	2338249	"[latin, ""latin hip hop"", pop, reggaeton, tropical]"	3FfvYsEGaIb52QPXhg4DcH.jpg	2	8	24	7	0.193574	0.208627	0.001183	0.006071	0.666667	3FfvYsEGaIb52QPXhg4DcH
670	Luke Bryan	75	2907257	"[""dance pop"", ""girl group"", pop, ""post-teen pop"", r&b, ""talent show""]"	0BvkDsjIUla7X0k6CSWh1I.jpg	2	6	24	6	0.229128	0.246289	0.003757	0.007345	0.666667	0BvkDsjIUla7X0k6CSWh1I
679	David Bowie	75	2844774	"[""dance pop"", pop, ""post-teen pop""]"	0oSGxfWSnnOXhD2fKuz2Gy.jpg	2	4	22	1	1	1	0	0.001995	1	0oSGxfWSnnOXhD2fKuz2Gy
683	Sia	86	7110467	"[""dance pop"", edm, pop]"	5WUlDfRSoLAfcVSX1WnrxN.jpg	2	14	28	6	0.308365	0.339879	0.002108	0.063928	0.333333	5WUlDfRSoLAfcVSX1WnrxN
684	Martin Garrix	83	6683942	"[""hip hop"", ""pop rap"", rap]"	60d24wfXkVzDSfLS6hyCjZ.jpg	2	10	14	5	0.315453	0.343387	0.002615	0.055675	0	60d24wfXkVzDSfLS6hyCjZ
726	Diplo	80	1582191	"[""dance pop"", pop, ""pop rap"", r&b, rap]"	5fMUXHkw8R8eOP2RNVYEZX.jpg	2	14	24	6	0.325858	0.359987	0.001939	0.102932	0.095238	5fMUXHkw8R8eOP2RNVYEZX
730	Lil Xan	75	1241337	"[""hip hop"", pop, ""pop rap"", rap, ""southern hip hop"", ""trap music""]"	3EXdLajEO02ziZ90P90bSW.jpg	2	12	22	6	0.306452	0.3361	0.00058	0.090021	0.466667	3EXdLajEO02ziZ90P90bSW
731	Skrillex	77	6555509	"[""dance pop"", dancehall, pop, ""reggae fusion""]"	5he5w2lnU9x7JFhnwcekXX.jpg	2	16	22	6	0.328457	0.365385	0.004454	0.172136	0.357143	5he5w2lnU9x7JFhnwcekXX
735	Disclosure	70	1412109	"[""dance pop"", ""neo mellow"", pop, ""post-teen pop"", ""viral pop""]"	6nS5roXSAGhTGr34W6n7Et.jpg	2	8	12	7	0.233459	0.252468	0.000527	0.010313	0.5	6nS5roXSAGhTGr34W6n7Et
736	Sam Smith	82	6222639	[pop]	2wY79sveU1sp5g7SokKOiI.jpg	2	8	26	6	0.273533	0.295951	0.001656	0.026666	0.5	2wY79sveU1sp5g7SokKOiI
739	Flume	71	1534971	"[""east coast hip hop"", ""gangster rap"", ""hip hop"", ""pop rap"", rap]"	6nxWCVXbOlEVRexSbLsTer.jpg	2	6	8	6	0.231057	0.246491	0.000396	0.006577	0.666667	6nxWCVXbOlEVRexSbLsTer
740	Lorde	75	3444309	"[""dance pop"", edm, pop, ""post-teen pop"", ""tropical house"", ""uk funky""]"	163tK9Wjr9P9DmM0AVK7lm.jpg	2	10	26	7	0.282286	0.31043	0.002443	0.050633	0.7	163tK9Wjr9P9DmM0AVK7lm
748	Mac Miller	74	2347138	"[""dance pop"", edm, pop, ""post-teen pop"", ""swedish electropop"", ""swedish pop"", ""tropical house""]"	4LLpKhyESsyAXpc4laK94U.jpg	2	12	22	6	0.322876	0.355061	0.000948	0.126827	0.466667	4LLpKhyESsyAXpc4laK94U
749	Post Malone	94	5347882	"[""boy band"", latin, pop, reggaeton, tropical]"	246dkjvS1zLTtiykXe5h60.jpg	2	22	32	6	0.344011	0.386505	0.002927	0.25039	0.381818	246dkjvS1zLTtiykXe5h60
750	Meek Mill	77	2046271	"[latin, ""latin hip hop"", pop, reggaeton, tropical]"	20sxb77xiYeusSH8cVdatc.jpg	2	30	36	5	0.371988	0.419231	0.004677	0.533353	0.428571	20sxb77xiYeusSH8cVdatc
756	DJ Snake	77	3018855	"[""neo soul"", pop, r&b, ""urban contemporary""]"	540vIaP2JwjQb9dm3aArA4.jpg	2	12	12	6	0.34022	0.373212	0.000155	0.189881	0.666667	540vIaP2JwjQb9dm3aArA4
762	DNCE	72	1559427	"[rap, ""trap music""]"	6T5tfhQCknKG4UnH90qGnz.jpg	2	6	22	5	0.30798	0.330094	0.000917	0.068688	0.666667	6T5tfhQCknKG4UnH90qGnz
772	Eminem	87	18534540	"[latin, ""latin hip hop"", reggaeton, ""trap latino"", tropical]"	7dGJo4pcD2V6oG8kP0tJRR.jpg	2	22	38	5	0.348378	0.388394	0.016621	0.286109	0.381818	7dGJo4pcD2V6oG8kP0tJRR
778	Akon	75	1613372	"[electro, electronic, ""filter house""]"	0z4gvV4rjIZ9wHck67ucSV.jpg	2	8	8	5	0.292654	0.316869	0.00295	0.041485	0.166667	0z4gvV4rjIZ9wHck67ucSV
780	Michael Jackson	84	5880244	"[""dance pop"", ""neo mellow"", pop, ""pop rock"", ""post-teen pop"", r&b, ""talent show""]"	3fMbdgg4jU18AjLCKBhRSm.jpg	2	6	20	6	0.293698	0.31498	0.00139	0.053887	0.666667	3fMbdgg4jU18AjLCKBhRSm
792	T-Pain	75	1548351	"[""contemporary country"", country, ""country road""]"	3aQeKQSyrW4qWr35idm0cy.jpg	2	10	10	5	0.311869	0.339946	0.00171	0.093443	0.2	3aQeKQSyrW4qWr35idm0cy
806	Earth, Wind & Fire	71	1252397	"[""contemporary country"", country, ""country road""]"	4QQgXkCYTt3BlENzhyNETg.jpg	2	4	16	6	0.21743	0.230567	0	0.005037	1	4QQgXkCYTt3BlENzhyNETg
824	Ellie Goulding	75	5032473	"[""dirty south rap"", ""gangster rap"", ""hip hop"", ""pop rap"", rap, ""southern hip hop"", ""trap music""]"	0X2BH1fck6amBIoJhDVmmJ.jpg	2	6	22	7	0.255959	0.275815	0.000283	0.012573	0.666667	0X2BH1fck6amBIoJhDVmmJ
831	Enrique Iglesias	78	6931255	"[pop, ""pop rap"", rap, ""southern hip hop"", ""trap music""]"	7qG3b048QCHVRO5Pv1T5lw.jpg	2	14	16	6	0.290247	0.322672	0.002129	0.052828	0.428571	7qG3b048QCHVRO5Pv1T5lw
833	Zion & Lennox	81	2286305	"[""art rock"", ""dance rock"", ""glam rock"", ""new wave"", ""permanent wave"", protopunk, rock]"	21451j1KhjAiaYKflxBjr1.jpg	2	4	4	7	0.273836	0.295113	0.00009	0.022751	0	21451j1KhjAiaYKflxBjr1
856	Ne-Yo	76	3730566	"[""australian dance"", ""australian pop"", ""dance pop"", pop]"	21E3waRsmPlU7jZsS13rcj.jpg	2	12	26	5	0.326288	0.353846	0.001363	0.094926	0.4	21E3waRsmPlU7jZsS13rcj
860	Kenny Chesney	74	1971714	"[""big room"", edm, pop, ""progressive house"", ""tropical house""]"	3grHWM9bx2E9vwJCdlRv9O.jpg	2	8	20	7	0.210571	0.225853	0.004431	0.006809	0.666667	3grHWM9bx2E9vwJCdlRv9O
869	Rich The Kid	81	1050201	"[""dance rock"", ""new romantic"", ""new wave"", ""permanent wave"", synthpop]"	1pPmIToKXyGdsCF6LmqLmI.jpg	2	26	30	6	0.365385	0.409987	0.005154	0.385256	0.320513	1pPmIToKXyGdsCF6LmqLmI
872	will.i.am	70	2159468	"[""classic soul"", disco, funk, motown, ""northern soul"", ""quiet storm"", soul]"	085pc2PYOi8bGKj0PNjekA.jpg	2	4	4	7	0.25	0.2663	0.00396	0.010975	0	085pc2PYOi8bGKj0PNjekA
878	Fifth Harmony	74	5939244	[bmore, edm, moombahton, ninja, pop]	1l8Fu6IkuTP0U5QetQJ5Xt.jpg	2	12	20	6	0.331989	0.363765	0.001007	0.150739	0.533333	1l8Fu6IkuTP0U5QetQJ5Xt
879	Kid Ink	72	1780325	"[""underground hip hop""]"	6KZDXtSj0SzGOV705nNeh3.jpg	2	24	30	5	0.365926	0.405466	0.004845	0.304524	0.378788	6KZDXtSj0SzGOV705nNeh3
888	Flo Rida	77	6143767	[brostep, complextro, edm, electro]	0jnsk9HBra6NMjO2oANoPY.jpg	2	8	16	6	0.282932	0.306005	0.000743	0.02624	0.5	0jnsk9HBra6NMjO2oANoPY
889	Maluma	87	11057592	"[house, pop, ""tropical house""]"	1r4hJ1h58CWwUQe3MxPuau.jpg	2	26	36	6	0.34022	0.38529	0.012276	0.146074	0.333333	1r4hJ1h58CWwUQe3MxPuau
917	Machine Gun Kelly	73	1105061	[pop]	6TIYQ3jFPwQSRmorSezPxX.jpg	2	20	28	5	0.345938	0.383063	0.010048	0.159766	0.311111	6TIYQ3jFPwQSRmorSezPxX
924	G-Eazy	83	3158072	"[""australian alternative rock"", ""australian dance"", downtempo, pop]"	02kJSzxNuaWGqwubyUba0Z.jpg	2	22	22	5	0.359012	0.399258	0.006845	0.185424	0.327273	02kJSzxNuaWGqwubyUba0Z
925	Halsey	82	3566624	"[""art pop"", ""dance pop"", electropop, metropopolis, pop]"	26VFTg2z8YR0cCuwLzESi2.jpg	2	16	24	6	0.327152	0.361538	0.002982	0.120258	0.285714	26VFTg2z8YR0cCuwLzESi2
929	Sfera Ebbasta	76	2021168	"[""alternative metal"", ""nu metal"", post-grunge, ""rap metal"", ""rap rock""]"	23TFHmajVfBtlRx5MXqgoz.jpg	2	6	6	6	0.293698	0.317814	0	0.036566	1	23TFHmajVfBtlRx5MXqgoz
962	Gorillaz	80	3141544	"[""hip hop"", ""pop rap"", rap, ""southern hip hop""]"	3AA28KZvwAUcZuOKwyblJQ.jpg	2	4	16	6	0.262766	0.279352	0	0.017672	1	3AA28KZvwAUcZuOKwyblJQ
992	Zedd	80	3107647	[pop, rap]	2qxJFvFYMEDqd7ui6kSAcq.jpg	2	8	12	6	0.275978	0.299798	0.001157	0.020166	0	2qxJFvFYMEDqd7ui6kSAcq
1003	Gwen Stefani	70	2233850	"[""gangster rap"", ""hip hop"", pop, ""pop rap"", rap, ""southern hip hop"", ""trap music""]"	4yiQZ8tQPux8cPriYMWUFP.jpg	2	6	14	6	0.235462	0.252767	0.000268	0.008994	0.666667	4yiQZ8tQPux8cPriYMWUFP
1012	Justin Timberlake	80	6573595	"[""dance pop"", ""dirty south rap"", ""hip hop"", pop, ""pop rap"", r&b, rap, ""southern hip hop"", ""trap music""]"	31TPClRtHm23RisEBtV3X7.jpg	2	14	34	5	0.277528	0.306478	0.013483	0.038352	0.333333	31TPClRtHm23RisEBtV3X7
1014	Hailee Steinfeld	78	2486217	"[""dance pop"", edm, ""electronic trap"", pop, ""tropical house""]"	5p7f24Rk5HkUZsaS3BLG5F.jpg	2	12	22	6	0.282932	0.311066	0.00234	0.030728	0.4	5p7f24Rk5HkUZsaS3BLG5F
1017	Khalid	90	2647256	"[""dance pop"", pop, ""post-teen pop"", ""tropical house""]"	6LuN9FCkKOj5PcnpouEgny.jpg	2	28	36	6	0.34887	0.396829	0.01114	0.227494	0.241758	6LuN9FCkKOj5PcnpouEgny
1043	Wale	71	1492506	"[""detroit hip hop"", ""g funk"", ""hip hop"", rap]"	67nwj3Y5sZQLl72VNUHEYE.jpg	2	32	36	5	0.362702	0.413495	0.00449	0.430377	0.25	67nwj3Y5sZQLl72VNUHEYE
1074	Imagine Dragons	87	10950074	"[""dance pop"", pop, ""pop rap"", r&b]"	53XhwfbYqKCa1cC15pYq2q.jpg	2	14	28	5	0.343533	0.374561	0.00141	0.195748	0.761905	53XhwfbYqKCa1cC15pYq2q
1075	Logic	83	2597817	"[""dance pop"", pop]"	4xRYI6VqpkE3UwrDrAZL8L.jpg	2	24	36	5	0.359012	0.400877	0.010578	0.270754	0.363636	4xRYI6VqpkE3UwrDrAZL8L
1100	J. Cole	83	5840708	"[""dance pop"", ""hip hop"", pop, ""pop rap"", r&b, rap, ""southern hip hop"", ""trap music"", ""urban contemporary""]"	6l3HvQ5sa6mXTsMTB19rO5.jpg	2	16	36	6	0.314249	0.350877	0.001814	0.143715	0.392857	6l3HvQ5sa6mXTsMTB19rO5
1116	James Arthur	78	2251383	"[""album rock"", ""classic rock"", ""folk rock"", ""heartland rock"", ""mellow gold"", rock, ""soft rock""]"	4IWBUUAFIplrNtaOHcJPRM.jpg	2	6	26	6	0.288889	0.309987	0	0.040941	1	4IWBUUAFIplrNtaOHcJPRM
1134	Jason Derulo	82	5582362	"[disco, funk, ""jazz funk"", motown, ""quiet storm"", soul]"	07YZf4WDAMNwqr4jfgOZ8y.jpg	2	14	24	6	0.349858	0.38475	0.005112	0.191481	0.47619	07YZf4WDAMNwqr4jfgOZ8y
1138	Linkin Park	82	9377460	"[""dance pop"", edm, electropop, metropopolis, pop, ""post-teen pop"", ""tropical house""]"	6XyY86QOPPrYVGvF9ch6wz.jpg	2	4	26	5	0.27414	0.291768	0	0.027374	1	6XyY86QOPPrYVGvF9ch6wz
1181	Jessie J	71	4403019	"[""glam rock"", ""mellow gold"", ""piano rock"", rock, ""soft rock""]"	2gsggkzM5R49q6jpPvazou.jpg	2	8	22	6	0.30344	0.330297	0.000152	0.087242	0.666667	2gsggkzM5R49q6jpPvazou
1212	Russ	78	1492234	[christmas, rock-and-roll, rockabilly]	1z7b1Pr1rSlvWRzsW3HOrS.jpg	2	6	22	7	0.251784	0.271872	0.000171	0.017088	0.666667	1z7b1Pr1rSlvWRzsW3HOrS
1216	Tiësto	82	3382710	"[""dance pop"", latin, ""latin pop"", ""mexican pop"", pop, ""pop quebecois"", tropical]"	2o5jDhtHVPhrJdv3cEQ99Z.jpg	2	22	22	5	0.352857	0.396491	0.010913	0.159205	0.109091	2o5jDhtHVPhrJdv3cEQ99Z
1265	Natalia Lafourcade	71	1550795	"[latin, ""latin hip hop"", pop, reggaeton, tropical]"	1hcdI2N1023RvSwLzTtdsp.jpg	2	2	2	7	0.250507	0.267553	0	0.012937	0	1hcdI2N1023RvSwLzTtdsp
1266	Marc Anthony	74	2320206	"[""album rock"", blues-rock, ""classic rock"", ""electric blues"", ""mellow gold"", rock, ""soft rock""]"	4wLXwxDeWQ8mtUIRPxGiD6.jpg	2	2	2	6	0.240741	0.253914	0	0.006885	0	4wLXwxDeWQ8mtUIRPxGiD6
1274	Kevin Gates	73	1739234	"[""pop rap"", rap]"	1gPhS1zisyXr5dHTYZyiMe.jpg	2	6	24	6	0.311869	0.33502	0	0.083731	1	1gPhS1zisyXr5dHTYZyiMe
1275	Alan Walker	79	3564700	"[""dance pop"", k-pop]"	7vk5e3vY1uw9plTHJAMwjN.jpg	2	2	2	6	0.254902	0.27139	0	0.010688	0	7vk5e3vY1uw9plTHJAMwjN
1279	Timbaland	72	1087258	"[""dance pop"", pop, ""pop rap"", r&b, ""urban contemporary""]"	5Y5TRrQiqgUO4S36tzjIRZ.jpg	2	4	6	6	0.217621	0.232591	0	0.005272	1	5Y5TRrQiqgUO4S36tzjIRZ
1290	PARTYNEXTDOOR	77	1439489	"[""contemporary country"", country, ""country road""]"	2HPaUgqeutzr3jx5a9WyDV.jpg	2	20	30	5	0.362702	0.401552	0.003948	0.290895	0.333333	2HPaUgqeutzr3jx5a9WyDV
1291	Paul McCartney	70	1629111	"[emo, ""modern rock"", ""pop punk""]"	4STHEaNw4mPZ2tzheohgXB.jpg	2	8	16	5	0.297949	0.323482	0.000782	0.066395	0.666667	4STHEaNw4mPZ2tzheohgXB
1318	Keith Urban	72	2497711	"[pop, ""pop rap"", rap, ""southern hip hop"", ""trap music""]"	0u2FHSq3ln94y5Q57xazwf.jpg	2	8	22	6	0.248741	0.265317	0.000249	0.011994	0.666667	0u2FHSq3ln94y5Q57xazwf
1322	P!nk	78	4480647	"[""dance pop"", pop, ""pop rap"", ""post-teen pop""]"	1KCSPY1glIKqW2TotWuXOR.jpg	2	6	18	6	0.260824	0.279487	0.008018	0.021945	0.666667	1KCSPY1glIKqW2TotWuXOR
1326	Kesha	75	3612644	"[""dance pop"", ""girl group"", pop, ""post-teen pop"", ""talent show""]"	6LqNN22kT3074XbTVUrhzX.jpg	2	6	22	6	0.266451	0.284278	0.000401	0.016856	0.666667	6LqNN22kT3074XbTVUrhzX
1331	MGMT	71	1217920	"[""dance pop"", ""hip hop"", pop, ""pop rap"", r&b, rap, ""southern hip hop"", ""trap music"", ""urban contemporary""]"	0SwO7SWeDHJijQ3XNS7xEE.jpg	2	4	24	6	0.250507	0.26471	0	0.015002	1	0SwO7SWeDHJijQ3XNS7xEE
1335	Usher	77	6274587	"[""alternative metal"", ""groove metal"", ""nu metal"", post-grunge]"	23zg3TcAtWQy7J6upgbUnj.jpg	2	20	26	6	0.331989	0.367139	0.011541	0.139765	0.244444	23zg3TcAtWQy7J6upgbUnj
1336	Tinashe	71	1038419	"[""album rock"", ""classic rock"", ""mellow gold"", rock, ""soft rock""]"	0NIIxcxNHmOoyBx03SfTCD.jpg	2	20	24	6	0.361111	0.397706	0.003259	0.27104	0.444444	0NIIxcxNHmOoyBx03SfTCD
1355	XXXTENTACION	95	4948089	"[""dance pop"", edm, pop, ""pop rap""]"	15UsOTVnJzReFVN1VCnxy4.jpg	2	6	22	6	0.267606	0.287449	0.000049	0.027373	0.666667	15UsOTVnJzReFVN1VCnxy4
1357	Korn	70	2363556	[reggaeton]	3RNrq3jvMZxD9ZyoOZbQOD.jpg	2	4	20	7	0.247495	0.262898	0	0.012914	1	3RNrq3jvMZxD9ZyoOZbQOD
1368	Kygo	84	3389659	[folk-pop, pop]	23fqKkggKUBHNkbKtXEls4.jpg	2	12	16	6	0.299031	0.329217	0.002957	0.048312	0.066667	23fqKkggKUBHNkbKtXEls4
1371	OneRepublic	81	5189597	"[""alternative metal"", ""alternative rock"", ""modern rock"", ""permanent wave"", post-grunge, rock]"	5Pwc4xIPtQLFEnJriah9YJ.jpg	2	8	20	6	0.283257	0.30641	0.000815	0.029355	0.5	5Pwc4xIPtQLFEnJriah9YJ
1382	Lady Gaga	77	5288421	"[""indie pop"", indietronica, ""la indie"", ""modern rock""]"	1HY2Jd0NmPuamShAr6KMms.jpg	2	4	18	6	0.252298	0.265789	0	0.011481	1	1HY2Jd0NmPuamShAr6KMms
1397	Robin Schulz	78	1531091	"[""adult standards"", christmas, ""easy listening"", lounge]"	3t5xRXzsuZmMDkQzgOX35S.jpg	2	12	12	5	0.315857	0.345209	0.008306	0.083904	0.4	3t5xRXzsuZmMDkQzgOX35S
1417	Liam Payne	76	1953458	"[""hip hop"", ""pop rap"", rap]"	5pUo3fmmHT8bhCyHE52hA6.jpg	2	10	18	6	0.324147	0.353914	0.002509	0.093769	0.4	5pUo3fmmHT8bhCyHE52hA6
1428	Hardwell	70	2351730	"[""hip hop"", ""indie pop rap"", pop, rap]"	6BrvowZBreEkXzJQMpL174.jpg	2	2	2	7	0.269357	0.288365	0	0.017738	0	6BrvowZBreEkXzJQMpL174
1431	Lil Peep	76	1209234	"[""dance pop"", electropop, etherpop, ""indie poptimism"", pop, ""post-teen pop""]"	2kCcBybjl3SAtIcwdWpUe3.jpg	2	4	14	7	0.24383	0.260738	0	0.010697	1	2kCcBybjl3SAtIcwdWpUe3
1434	Lil Skies	81	1048507	"[""italian hip hop""]"	7d3WFRME3vBY2cgoP38RDo.jpg	2	8	16	6	0.29867	0.323617	0.000186	0.064888	0.666667	7d3WFRME3vBY2cgoP38RDo
1451	Marshmello	84	3847388	"[""big room"", ""dance pop"", edm, pop, ""tropical house""]"	64KEffDW9EtZ1y2vBYgq8T.jpg	2	22	38	6	0.322034	0.3639	0.008186	0.119739	0.272727	64KEffDW9EtZ1y2vBYgq8T
1465	David Bisbal	71	1340179	[neo-singer-songwriter]	5gOJTI4TusSENizxhcG7jB.jpg	2	2	2	7	0.236817	0.253856	0	0.010546	0	5gOJTI4TusSENizxhcG7jB
1485	Macklemore & Ryan Lewis	73	2202642	"[banda, norteno, ""regional mexican""]"	5BcAKTbp20cv7tC5VqPFoC.jpg	2	8	12	5	0.295102	0.317206	0.000119	0.058929	0.5	5BcAKTbp20cv7tC5VqPFoC
1495	Madonna	72	2376573	"[""alternative hip hop"", ""art pop""]"	6tbjWDEIzxoDsBA1FuhfPW.jpg	2	6	22	6	0.217621	0.232591	0	0.006511	1	6tbjWDEIzxoDsBA1FuhfPW
1500	MC Kevinho	75	5111314	"[""modern rock"", ""permanent wave"", ""pop punk"", punk, rock]"	1mXAhKnZEdF6rotyyd4GBi.jpg	2	6	6	6	0.328021	0.35722	0.000017	0.123631	0.666667	1mXAhKnZEdF6rotyyd4GBi
1503	Nego do Borel	71	1845723	"[complextro, ""dance pop"", edm, ""german techno"", pop, ""post-teen pop"", ""tropical house""]"	1B0Rp4SWGnFgGCPU5Pju6E.jpg	2	2	2	7	0.254115	0.271602	0	0.011543	0	1B0Rp4SWGnFgGCPU5Pju6E
1526	Maroon 5	87	12192287	"[""glam metal"", ""hard rock"", rock]"	04gDigrS5kc9YWfZHwBETP.jpg	2	12	20	6	0.337893	0.369501	0.001009	0.123955	0.466667	04gDigrS5kc9YWfZHwBETP
1529	Troye Sivan	77	2261499	"[""dance pop"", europop, ""hip pop"", pop, ""pop rap"", ""pop rock"", ""post-teen pop"", r&b, ""urban contemporary""]"	3WGpXCj9YhhfX11TToZcXP.jpg	2	6	20	6	0.268187	0.286302	0.000137	0.017298	0.666667	3WGpXCj9YhhfX11TToZcXP
1563	Tame Impala	73	1877393	"[""dance pop"", pop]"	5INjqkS1o8h1imAzPqGZBb.jpg	2	4	18	7	0.250507	0.267553	0	0.014671	1	5INjqkS1o8h1imAzPqGZBb
1575	Miley Cyrus	76	6294074	"[""dance pop"", pop, ""post-teen pop""]"	5YGY8feqx7naU7z4HrwZM6.jpg	2	6	20	6	0.313054	0.335695	0	0.057347	1	5YGY8feqx7naU7z4HrwZM6
1601	Nas	74	1305890	"[""indie r&b"", pop]"	20qISvAhX20dpIbOOzGK3q.jpg	2	4	12	6	0.271727	0.2917	0	0.040162	1	20qISvAhX20dpIbOOzGK3q
1616	Romeo Santos	78	5350593	"[pop, ""post-teen pop""]"	5lwmRuXgjX8xIwlnauTZIP.jpg	2	14	24	5	0.316667	0.347301	0.005512	0.090659	0.428571	5lwmRuXgjX8xIwlnauTZIP
1645	Nick Jonas	71	3183318	"[ccm, ""christian alternative rock"", ""christian music"", ""rock cristiano"", worship]"	4Rxn7Im3LGfyRkY2FlHhWi.jpg	2	12	18	6	0.332884	0.364777	0.003328	0.154583	0.466667	4Rxn7Im3LGfyRkY2FlHhWi
1679	Manuel Turizo	79	1744995	"[""alternative metal"", ""nu metal"", ""pop punk"", post-grunge, ""rap metal"", ""rap rock"", screamo]"	0tmwSHipWxN12fsoLcFU3B.jpg	2	2	2	7	0.250761	0.267717	0	0.011556	0	0tmwSHipWxN12fsoLcFU3B
1745	Queen	81	8475363	"[""dance pop"", ""dirty south rap"", ""gangster rap"", ""hip hop"", ""indie r&b"", pop, ""pop rap"", r&b, rap, ""southern hip hop"", ""trap music"", ""urban contemporary""]"	1dfeR4HaWDbWqFHLkxsg1d.jpg	2	4	22	1	1	1	0	0.001995	1	1dfeR4HaWDbWqFHLkxsg1d
1751	R. Kelly	70	1604338	[folk-pop, pop]	2mxe0TnaNL039ysAj51xPQ.jpg	2	10	18	5	0.301956	0.32915	0.000687	0.071857	0.5	2mxe0TnaNL039ysAj51xPQ
1794	Piso 21	79	1425775	"[""modern rock"", ""vegas indie""]"	4bw2Am3p9ji3mYsXNXtQcd.jpg	2	2	2	6	0.240272	0.253171	0	0.006193	0	4bw2Am3p9ji3mYsXNXtQcd
1796	James Blunt	74	1549363	"[""hip hop"", ""pop rap"", rap]"	7KMqksf0UMdyA0UCf4R3ux.jpg	2	2	2	6	0.240272	0.253171	0	0.006193	0	7KMqksf0UMdyA0UCf4R3ux
1820	The Vamps	73	1985740	"[""album rock"", ""hard rock"", metal, nwobhm, rock]"	7gAppWoH7pcYmphCVTXkzs.jpg	2	4	10	6	0.257292	0.271997	0	0.012972	1	7gAppWoH7pcYmphCVTXkzs
1847	Shawn Mendes	87	10571271	"[pop, ""pop rap"", rap]"	7n2wHs1TKAczGzO7Dd2rGr.jpg	2	4	18	7	0.25891	0.277164	0	0.017487	1	7n2wHs1TKAczGzO7Dd2rGr
1928	Stevie Wonder	72	2867310	"[""dance pop"", ""neo mellow"", pop, ""post-teen pop"", ""talent show""]"	7guDJrEfX3qb6FEbdPA5qi.jpg	2	4	20	7	0.249747	0.265124	0	0.01222	1	7guDJrEfX3qb6FEbdPA5qi
1940	Taylor Swift	85	13925086	[soundtrack]	06HL4z0CvFAxyc27GXpf02.jpg	2	12	26	5	0.312263	0.339744	0.005894	0.070615	0.466667	06HL4z0CvFAxyc27GXpf02
1990	The Chainsmokers	83	7947156	"[""dance pop"", ""pinoy hip hop"", pop, ""pop rap"", ""post-teen pop"", r&b]"	69GGBxA162lTqCwzJG5jLp.jpg	2	10	18	6	0.282286	0.308232	0.002086	0.029415	0.5	69GGBxA162lTqCwzJG5jLp
1998	The Game	71	1483612	"[""acoustic pop"", ""neo mellow"", pop, ""pop rock""]"	0NbfKEOTQCcwd6o7wSDOHI.jpg	2	18	24	5	0.336512	0.376451	0.001451	0.301548	0.388889	0NbfKEOTQCcwd6o7wSDOHI
2016	The Notorious B.I.G.	76	2783781	"[""alternative metal"", ""nu metal"", post-grunge, ""rap metal""]"	5me0Irg2ANcsgc93uaYrpb.jpg	2	4	16	6	0.262766	0.279352	0	0.017672	1	5me0Irg2ANcsgc93uaYrpb
2024	The Script	74	3805739	"[""dance pop"", pop, ""pop rap"", ""post-teen pop"", r&b]"	3AQRLZ9PuTAozP28Skbq8V.jpg	2	4	20	8	0.200162	0.209124	0	0.002571	1	3AQRLZ9PuTAozP28Skbq8V
2042	Thirty Seconds To Mars	71	1861086	"[""album rock"", blues-rock, ""classic rock"", ""hard rock"", ""psychedelic rock"", rock]"	0RqtSIYZmd4fiBKVFqyIqD.jpg	2	6	20	6	0.293349	0.315655	0.000093	0.052774	0.666667	0RqtSIYZmd4fiBKVFqyIqD
2117	Whitney Houston	72	3021996	"[""hip hop"", pop, rap]"	6XpaIBNiVzIetEPCWDvAFP.jpg	2	4	20	6	0.22475	0.236707	0	0.004701	1	6XpaIBNiVzIetEPCWDvAFP
2144	ZAYN	79	5125847	"[""big room"", brostep, edm, house, pop, trance, ""tropical house""]"	5ZsFI1h6hIdQRw2ti0hz81.jpg	2	10	20	6	0.293698	0.317746	0.000872	0.03904	0.4	5ZsFI1h6hIdQRw2ti0hz81
2152	Maná	72	3157313	"[""album rock"", ""hard rock"", ""mellow gold"", rock, ""soft rock""]"	7okwEbXzyT2VffBmyQBWLz.jpg	2	8	20	7	0.240272	0.265732	0.000009	0.027449	0.833333	7okwEbXzyT2VffBmyQBWLz
30	5 Seconds of Summer	84	3266806	"[""colombian pop"", cumbia, latin, ""latin pop"", ""mexican pop"", ""rock en espanol"", tropical]"	5Rl15oVamLq7FbSb0NNBNy.jpg	3	2	20	0	0	0	0	0.000778	0	5Rl15oVamLq7FbSb0NNBNy
79	ABBA	74	1190773	"[latin, ""latin alternative"", ""latin pop"", ""latin rock"", ""mexican pop"", ""rock en espanol""]"	0LcJLqbBmaGUft1e9Mm8HV.jpg	3	2	20	0	0	0	0	0.000778	0	0LcJLqbBmaGUft1e9Mm8HV
84	AC/DC	79	7761308	"[latin, ""latin pop"", salsa, tropical]"	711MCceyCBcFnzjGY4Q7Un.jpg	3	2	20	0	0	0	0	0.000778	0	711MCceyCBcFnzjGY4Q7Un
97	Adele	80	10388170	"[""hip hop"", ""pop rap"", rap, ""southern hip hop"", ""trap music""]"	4dpARuHxo51G3z768sgnrY.jpg	3	2	20	0	0	0	0	0.000778	0	4dpARuHxo51G3z768sgnrY
147	alt-J	71	1961687	"[""tropical house""]"	3XHO7cRUPCLOr6jwp8vsx5.jpg	3	2	20	0	0	0	0	0.000778	0	3XHO7cRUPCLOr6jwp8vsx5
167	Amy Winehouse	74	4722687	"[""dance pop"", ""hip hop"", ""hip pop"", pop, ""pop rap"", r&b, rap, ""urban contemporary""]"	6Q192DXotxtaysaqNPy5yR.jpg	3	2	18	0	0	0	0	0.000778	0	6Q192DXotxtaysaqNPy5yR
208	Arctic Monkeys	81	6173599	"[""dance pop"", ""indie r&b"", pop, ""pop rap"", r&b, rap, ""trap music"", ""urban contemporary""]"	7Ln80lUS6He07XvHI8qqHH.jpg	3	2	20	0	0	0	0	0.000778	0	7Ln80lUS6He07XvHI8qqHH
214	Blake Shelton	71	3552292	"[""album rock"", ""art rock"", ""classic rock"", ""folk rock"", ""mellow gold"", rock, ""soft rock""]"	1UTPBmNbXNTittyMJrNkvw.jpg	3	2	18	0	0	0	0	0.000778	0	1UTPBmNbXNTittyMJrNkvw
234	Avenged Sevenfold	73	2348693	"[""australian country"", ""contemporary country"", country, ""country road""]"	0nmQIMXWTXfhgOBdNzhGOs.jpg	3	2	20	0	0	0	0	0.000778	0	0nmQIMXWTXfhgOBdNzhGOs
250	John Mayer	80	2980394	"[""dance pop"", pop, ""post-teen pop"", r&b]"	0hEurMDQu99nJRq8pTxO14.jpg	3	2	20	0	0	0	0	0.000778	0	0hEurMDQu99nJRq8pTxO14
272	Michael Bublé	71	2612298	"[""dance pop"", electropop, pop, ""pop rap"", ""post-teen pop""]"	1GxkXlMwML1oSg5eLPiAz3.jpg	3	2	18	0	0	0	0	0.000778	0	1GxkXlMwML1oSg5eLPiAz3
291	Bee Gees	71	1069833	"[""brooklyn indie"", ""garage rock"", ""indie pop"", ""indie rock"", indietronica, ""modern rock"", neo-psychedelic]"	1LZEQNv7sE11VDY3SdxQeN.jpg	3	2	20	0	0	0	0	0.000778	0	1LZEQNv7sE11VDY3SdxQeN
298	Jack Johnson	75	2079196	"[""dance pop"", pop, ""pop rap"", r&b, ""urban contemporary""]"	3GBPw9NK25X1Wt2OUvOwY3.jpg	3	2	20	0	0	0	0	0.000778	0	3GBPw9NK25X1Wt2OUvOwY3
374	BLACKPINK	77	2866603	"[""dance pop"", ""indie r&b"", metropopolis, pop, ""pop rap"", ""post-teen pop"", r&b, ""urban contemporary""]"	41MozSoPIsD1dJM0CLPjZF.jpg	3	2	20	0	0	0	0	0.000778	0	41MozSoPIsD1dJM0CLPjZF
378	blink-182	75	4159779	"[""garage rock"", ""indie rock"", ""modern rock"", rock]"	6FBDaR13swtiWwGhX1WQsP.jpg	3	2	20	0	0	0	0	0.000778	0	6FBDaR13swtiWwGhX1WQsP
394	Bob Marley & The Wailers	78	5336027		2QsynagSdAqZj3U9HgDzjD.jpg	3	2	18	0	0	0	0	0.000778	0	2QsynagSdAqZj3U9HgDzjD
419	Bon Iver	70	2039599	"[""alternative metal"", ""funk metal"", ""nu metal"", post-grunge, ""rap metal"", ""rap rock"", rock]"	4LEiUm1SRbFMgfqnQTwUbQ.jpg	3	2	20	0	0	0	0	0.000778	0	4LEiUm1SRbFMgfqnQTwUbQ
420	Bon Jovi	74	3841974	"[edm, pop, ""tropical house""]"	58lV9VcRSjABbAbfWS6skp.jpg	3	2	20	0	0	0	0	0.000778	0	58lV9VcRSjABbAbfWS6skp
443	Thomas Rhett	76	1890101	"[""dance pop"", ""piano rock"", pop, ""pop quebecois"", ""pop rap"", ""pop rock""]"	6x2LnllRG5uGarZMsD4iO8.jpg	3	2	18	0	0	0	0	0.000778	0	6x2LnllRG5uGarZMsD4iO8
444	Breaking Benjamin	71	1830206	"[""dance pop"", pop, ""post-teen pop""]"	5BtHciL0e0zOP7prIHn3pP.jpg	3	2	20	0	0	0	0	0.000778	0	5BtHciL0e0zOP7prIHn3pP
456	Bruce Springsteen	72	1599364	"[""dance pop"", ""deep euro house"", ""deep house"", edm, pop, ""tropical house""]"	3eqjTLE0HfPfh78zjh6TqT.jpg	3	2	20	0	0	0	0	0.000778	0	3eqjTLE0HfPfh78zjh6TqT
465	Bullet For My Valentine	70	1298002	"[""album rock"", ""classic rock"", ""hard rock"", rock]"	7iWiAD5LLKyiox2grgfmUT.jpg	3	2	20	0	0	0	0	0.000778	0	7iWiAD5LLKyiox2grgfmUT
467	Cage The Elephant	70	1192364	"[""dance pop"", pop, ""post-teen pop""]"	26T3LtbuGT1Fu9m0eRq5X3.jpg	3	2	20	0	0	0	0	0.000778	0	26T3LtbuGT1Fu9m0eRq5X3
663	Kelly Clarkson	72	3539386	"[""big room"", ""deep big room"", ""dutch house"", edm, ""electro house"", pop, ""progressive electro house"", ""progressive house"", ""tropical house""]"	3BmGtnKgCSGYIUhmivXKWX.jpg	3	2	20	0	0	0	0	0.000778	0	3BmGtnKgCSGYIUhmivXKWX
714	Depeche Mode	70	1497179	"[""emo rap"", ""underground hip hop""]"	762310PdDnwsDxAQxzQkfX.jpg	3	2	16	0	0	0	0	0.000778	0	762310PdDnwsDxAQxzQkfX
723	Marvin Gaye	71	2341051		3koiLjNrgRTNbOwViDipeA.jpg	3	0	0	0	0	0	0	0	0	3koiLjNrgRTNbOwViDipeA
743	Disturbed	73	2114092	"[brostep, edm, pop, ""progressive electro house""]"	3TOqt5oJwL9BE2NG9MEwDa.jpg	3	2	20	0	0	0	0	0.000778	0	3TOqt5oJwL9BE2NG9MEwDa
802	Eagles	73	1747287	"[latin, ""latin arena pop"", ""latin pop"", ""spanish pop"", ""spanish pop rock"", tropical]"	0ECwFtbIWEVNwjlrfc6xoL.jpg	3	2	20	0	0	0	0	0.000778	0	0ECwFtbIWEVNwjlrfc6xoL
826	Elton John	74	1708485	"[""album rock"", blues-rock, ""classic rock"", ""hard rock"", ""mellow gold"", rock, ""southern rock""]"	3PhoLpVuITZKcymswpck5b.jpg	3	2	18	0	0	0	0	0.000778	0	3PhoLpVuITZKcymswpck5b
828	Elvis Presley	74	2200798	"[""pop rap""]"	43ZHCT0cAZBISjO8DG9PnE.jpg	3	2	18	0	0	0	0	0.000778	0	43ZHCT0cAZBISjO8DG9PnE
837	Eric Clapton	70	2078486	"[""dance pop"", pop, ""pop rock""]"	6PAt558ZEZl0DmdXlnjMgD.jpg	3	2	14	0	0	0	0	0.000778	0	6PAt558ZEZl0DmdXlnjMgD
848	EXO	70	2722084	"[""deep funk carioca""]"	3cjEqqelV9zb4BYE3qDQ4O.jpg	3	2	20	0	0	0	0	0.000778	0	3cjEqqelV9zb4BYE3qDQ4O
863	Fall Out Boy	78	4814911	"[""baile pop"", ""deep funk carioca"", ""funk carioca""]"	4UXqAaa6dQYAk18Lv7PEgX.jpg	3	2	20	0	0	0	0	0.000778	0	4UXqAaa6dQYAk18Lv7PEgX
882	Five Finger Death Punch	76	2315988	[pop]	5t28BP42x2axFnqOOMg3CM.jpg	3	2	18	0	0	0	0	0.000778	0	5t28BP42x2axFnqOOMg3CM
887	Fleetwood Mac	76	2239632	"[""dance pop"", electropop, pop, ""post-teen pop"", ""viral pop""]"	08GQAI4eElDnROBrJRGE0X.jpg	3	2	20	0	0	0	0	0.000778	0	08GQAI4eElDnROBrJRGE0X
895	Florence + The Machine	78	3829675	"[""alternative metal"", ""hard rock"", metal, rock, ""speed metal"", ""thrash metal""]"	1moxjboGR7GNWYIMWsRjgG.jpg	3	2	20	0	0	0	0	0.000778	0	1moxjboGR7GNWYIMWsRjgG
903	Foo Fighters	76	4919268	"[""australian alternative rock"", indietronica, ""modern rock"", neo-psychedelic, ""psychedelic rock""]"	7jy3rLJdDQY21OgRLCZ9sD.jpg	3	2	20	0	0	0	0	0.000778	0	7jy3rLJdDQY21OgRLCZ9sD
908	Foster The People	73	2221073	"[""dance pop"", pop, ""post-teen pop""]"	7gP3bB2nilZXLfPHJhMdvc.jpg	3	2	14	0	0	0	0	0.000778	0	7gP3bB2nilZXLfPHJhMdvc
911	Frank Sinatra	72	2290542	"[folk-pop, ""neo mellow""]"	1Mxqyy3pSjf8kZZL4QVxS0.jpg	3	2	16	0	0	0	0	0.000778	0	1Mxqyy3pSjf8kZZL4QVxS0
933	Galantis	74	2061272	"[""modern rock"", ""permanent wave"", ""piano rock"", post-grunge, rock]"	4sTQVOfp9vEMCemLw50sbu.jpg	3	2	12	0	0	0	0	0.000778	0	4sTQVOfp9vEMCemLw50sbu
945	George Ezra	77	1115776	"[emo, ""modern rock"", ""pop punk""]"	2ysnwxxNtSgbb9t1m2Ur4j.jpg	3	2	20	0	0	0	0	0.000778	0	2ysnwxxNtSgbb9t1m2Ur4j
949	Gerardo Ortiz	70	2624583	"[""east coast hip hop"", ""gangster rap"", ""hardcore hip hop"", ""hip hop"", ""pop rap"", rap, ""southern hip hop""]"	4J13m9IZh03PEhoxAxRhXO.jpg	3	2	20	0	0	0	0	0.000778	0	4J13m9IZh03PEhoxAxRhXO
973	Green Day	77	6949149	[bachata, latin, tropical]	7oPftvlwr6VrsViSDV7fJY.jpg	3	2	20	0	0	0	0	0.000778	0	7oPftvlwr6VrsViSDV7fJY
1000	Guns N' Roses	77	7886925	"[""hip hop""]"	3qm84nBOXUEQ2vnTfUTTFC.jpg	3	2	20	0	0	0	0	0.000778	0	3qm84nBOXUEQ2vnTfUTTFC
1022	Harry Styles	73	2873533	"[""dance pop"", pop, ""post-teen pop""]"	6KImCVD70vtIoJWnq6nGn3.jpg	3	2	20	0	0	0	0	0.000778	0	6KImCVD70vtIoJWnq6nGn3
1032	Hillsong United	70	1657293	"[""dance pop"", pop, ""post-teen pop"", r&b, ""viral pop""]"	74cb3MG0x0BOnYNW1uXYnM.jpg	3	2	20	0	0	0	0	0.000778	0	74cb3MG0x0BOnYNW1uXYnM
1034	Hollywood Undead	70	1145069	"[""alternative metal"", ""canadian pop"", ""canadian rock"", ""nu metal"", post-grunge]"	0CEFCo8288kQU7mJi25s6E.jpg	3	2	20	0	0	0	0	0.000778	0	0CEFCo8288kQU7mJi25s6E
1045	Hozier	72	2398608	"[""alternative rock"", grunge, ""permanent wave"", post-grunge, rock]"	2FXC3k01G6Gw61bmprjgqS.jpg	3	2	18	0	0	0	0	0.000778	0	2FXC3k01G6Gw61bmprjgqS
1089	Iron Maiden	71	3251154	"[""boy band"", ""dance pop"", pop, ""post-teen pop"", ""talent show""]"	6mdiAmATAx73kdxrNrnlao.jpg	3	2	20	0	0	0	0	0.000778	0	6mdiAmATAx73kdxrNrnlao
1120	Hans Zimmer	72	1226324	"[""colombian pop"", latin, pop, reggaeton, tropical]"	0YC192cP3KPCRWx8zr8MfZ.jpg	3	0	0	0	0	0	0	0	0	0YC192cP3KPCRWx8zr8MfZ
1137	Jason Mraz	76	3277290	"[emo, ""modern rock"", ""pop punk"", ""vegas indie""]"	4phGZZrJZRo4ElhRtViYdl.jpg	3	2	18	0	0	0	0	0.000778	0	4phGZZrJZRo4ElhRtViYdl
1196	Jimi Hendrix	70	2388093	"[""alternative metal"", ""nu metal"", ""pop punk"", post-grunge, ""rap metal"", ""rap rock""]"	776Uo845nYHJpNaStv1Ds4.jpg	3	2	20	0	0	0	0	0.000778	0	776Uo845nYHJpNaStv1Ds4
1260	Journey	71	1471247	"[""candy pop"", emo, pixie, ""pop emo"", ""pop punk""]"	0rvjqX7ttXeg3mTy8Xscbt.jpg	3	2	20	0	0	0	0	0.000778	0	0rvjqX7ttXeg3mTy8Xscbt
1264	Juanes	74	1661470	"[""neo mellow"", pop]"	0UWZUmn7sybxMCqrw9tGa7.jpg	3	0	0	0	0	0	0	0	0	0UWZUmn7sybxMCqrw9tGa7
1348	Kings of Leon	74	3365126	"[""alternative rock"", grunge, ""permanent wave"", post-grunge, rock]"	2qk9voo8llSGYcZ6xrBzKx.jpg	3	2	20	0	0	0	0	0.000778	0	2qk9voo8llSGYcZ6xrBzKx
1403	Led Zeppelin	76	5321268	"[""mellow gold"", rock, ""soft rock""]"	36QJpDe2go2KgaRleHCDTp.jpg	3	2	20	0	0	0	0	0.000778	0	36QJpDe2go2KgaRleHCDTp
1476	Lynyrd Skynyrd	71	1409000	"[""album rock"", ""art rock"", ""classic rock"", ""progressive rock"", ""psychedelic rock"", rock, ""symphonic rock""]"	4MVyzYMgTwdP7Z49wAZHx0.jpg	3	2	20	0	0	0	0	0.000778	0	4MVyzYMgTwdP7Z49wAZHx0
1553	Metallica	78	7414858	"[""glam rock"", rock]"	2ye2Wgw4gimLv2eAKyk1NB.jpg	3	2	20	0	0	0	0	0.000778	0	2ye2Wgw4gimLv2eAKyk1NB
1593	Mumford & Sons	73	4435480		3gd8FJtBJtkRxdfbTu19U2.jpg	3	2	18	0	0	0	0	0.000778	0	3gd8FJtBJtkRxdfbTu19U2
1594	Muse	74	3967243	"[""alternative rock"", ""art rock"", melancholia, ""modern rock"", ""permanent wave"", rock]"	12Chz98pHFMPJEknJQMWvI.jpg	3	2	20	0	0	0	0	0.000778	0	12Chz98pHFMPJEknJQMWvI
1595	My Chemical Romance	72	3113306	"[""alternative rock"", ""funk metal"", ""permanent wave"", post-grunge, rock]"	7FBcuc1gsnv6Y1nwFtNRCb.jpg	3	2	20	0	0	0	0	0.000778	0	7FBcuc1gsnv6Y1nwFtNRCb
1639	NF	79	1060963	"[""alternative metal"", ""hardcore punk"", ""modern rock"", ""nu metal"", ""pop punk"", post-grunge, punk, ""rap metal""]"	6fOMl44jA4Sp5b9PpYCkzz.jpg	3	2	16	0	0	0	0	0.000778	0	6fOMl44jA4Sp5b9PpYCkzz
1642	Niall Horan	74	2385117	"[""colombian pop"", latin, pop, reggaeton]"	1Hsdzj7Dlq2I7tHP7501T4.jpg	3	2	18	0	0	0	0	0.000778	0	1Hsdzj7Dlq2I7tHP7501T4
1646	Nickelback	73	2900715	"[""neo mellow"", pop, ""pop rock""]"	6deZN1bslXzeGvOLaLMOIF.jpg	3	2	20	0	0	0	0	0.000778	0	6deZN1bslXzeGvOLaLMOIF
1654	Nirvana	76	6841585	"[""dance pop"", edm, pop, ""tropical house""]"	6olE6TJLqED3rqDCT0FyPh.jpg	3	2	20	0	0	0	0	0.000778	0	6olE6TJLqED3rqDCT0FyPh
1676	One Direction	80	10335317	"[""boy band"", ""dance pop"", pop, ""post-teen pop""]"	4AK6F7OLvEQ5QYCBNiQWHq.jpg	3	2	20	0	0	0	0	0.000778	0	4AK6F7OLvEQ5QYCBNiQWHq
1682	Panic! At The Disco	84	4483662	"[""contemporary country""]"	20JZFwl6HVl6yg8a4H3ZqK.jpg	3	2	20	0	0	0	0	0.000778	0	20JZFwl6HVl6yg8a4H3ZqK
1683	Papa Roach	71	2106575	"[""canadian pop"", pop, ""post-teen pop"", ""viral pop""]"	4RddZ3iHvSpGV4dvATac9X.jpg	3	2	18	0	0	0	0	0.000778	0	4RddZ3iHvSpGV4dvATac9X
1685	Paramore	75	3251594	"[""colombian pop"", pop, reggaeton]"	74XFHRwlV6OrjEM0A2NCMF.jpg	3	2	20	0	0	0	0	0.000778	0	74XFHRwlV6OrjEM0A2NCMF
1687	Passenger	72	1740056	"[""alternative metal"", ""nu metal"", post-grunge, ""rap metal"", ""rap rock""]"	0gadJ2b9A4SKsB1RFkBb66.jpg	3	2	18	0	0	0	0	0.000778	0	0gadJ2b9A4SKsB1RFkBb66
1699	Pearl Jam	74	3596276	"[""alternative metal"", ""christian alternative rock"", ""christian music"", ""christian rock"", ""nu metal"", post-grunge, ""rap metal"", ""rap rock""]"	1w5Kfo2jwwIPruYS2UWh56.jpg	3	2	20	0	0	0	0	0.000778	0	1w5Kfo2jwwIPruYS2UWh56
1702	Phil Collins	72	1287317	"[""alternative metal"", ""nu metal"", post-grunge, ""rap metal"", ""rap rock"", rock]"	4lxfqrEsLX6N1N4OCSkILp.jpg	3	2	18	0	0	0	0	0.000778	0	4lxfqrEsLX6N1N4OCSkILp
1709	Pink Floyd	77	6331431	"[""irish rock"", ""neo mellow"", ""permanent wave"", ""pop rock"", rock]"	0k17h0D3J5VfsdmQ1iZtE9.jpg	3	2	20	0	0	0	0	0.000778	0	0k17h0D3J5VfsdmQ1iZtE9
1761	Radiohead	75	3306763	"[funk, motown, ""quiet storm"", soul]"	4Z8W4fKeB5YxbusRsdQVPb.jpg	3	2	20	0	0	0	0	0.000778	0	4Z8W4fKeB5YxbusRsdQVPb
1773	Red Hot Chili Peppers	81	7793315	"[""dance pop"", pop, ""post-teen pop""]"	0L8ExT028jH3ddEcZwqJJ5.jpg	3	2	20	0	0	0	0	0.000778	0	0L8ExT028jH3ddEcZwqJJ5
1785	Rise Against	71	1515557	"[""modern alternative rock"", ""nu gaze"", pop, ""shiver pop""]"	6Wr3hh341P84m3EI8qdn9O.jpg	3	2	20	0	0	0	0	0.000778	0	6Wr3hh341P84m3EI8qdn9O
1819	Jonas Blue	81	1054063	"[""brill building pop"", ""folk rock"", ""psychedelic rock"", rock]"	1HBjj22wzbscIZ9sEb5dyf.jpg	3	0	0	0	0	0	0	0	0	1HBjj22wzbscIZ9sEb5dyf
1822	Sam Hunt	73	1336754	"[""british invasion"", merseybeat, ""psychedelic rock"", rock]"	2kucQ9jQwuD8jWdtR9Ef38.jpg	3	2	20	0	0	0	0	0.000778	0	2kucQ9jQwuD8jWdtR9Ef38
1861	Sebastian Yatra	81	2945048	"[""alternative rock"", blues-rock, ""garage rock"", ""indie rock"", ""modern rock"", ""punk blues"", rock]"	07YUOmWljBTXwIseAUd9TW.jpg	3	0	0	0	0	0	0	0	0	07YUOmWljBTXwIseAUd9TW
1863	Shinedown	71	1432862	"[edm, electropop, pop, ""tropical house""]"	70BYFdaZbEKbeauJ670ysI.jpg	3	2	20	0	0	0	0	0.000778	0	70BYFdaZbEKbeauJ670ysI
1874	Skillet	71	1939811	"[""irish rock"", ""pop rock""]"	49bzE5vRBRIota4qeHtQM8.jpg	3	2	20	0	0	0	0	0.000778	0	49bzE5vRBRIota4qeHtQM8
1891	Slipknot	73	3474351	"[""dirty south rap"", ""gangster rap"", ""hip hop"", ""pop rap"", rap, ""southern hip hop"", ""trap music""]"	05fG473iIaoy82BF1aGhL8.jpg	3	2	20	0	0	0	0	0.000778	0	05fG473iIaoy82BF1aGhL8
1902	Snow Patrol	70	1239374	"[""indie rock"", ""modern rock"", ""permanent wave"", rock, ""vegas indie""]"	3rIZMv9rysU7JkLzEaC5Jp.jpg	3	2	20	0	0	0	0	0.000778	0	3rIZMv9rysU7JkLzEaC5Jp
1976	The 1975	74	2366587	"[folk-pop, ""indie folk"", ""indie pop"", ""modern rock"", ""stomp and holler""]"	3mIj9lX2MWuHmhNCA7LSCW.jpg	3	2	20	0	0	0	0	0.000778	0	3mIj9lX2MWuHmhNCA7LSCW
1982	The Beach Boys	70	1426266	"[""modern alternative rock""]"	3oDbviiivRWhXwIE8hxkVV.jpg	3	2	20	0	0	0	0	0.000778	0	3oDbviiivRWhXwIE8hxkVV
1983	The Beatles	82	8693739	"[""east coast hip hop"", ""gangster rap"", ""hardcore hip hop"", ""hip hop"", ""pop rap"", rap]"	3WrFJ7ztbogyGnTHbHJFl2.jpg	3	2	20	0	0	0	0	0.000778	0	3WrFJ7ztbogyGnTHbHJFl2
1985	The Black Keys	70	2498844	"[""album rock"", ""british invasion"", ""classic rock"", protopunk, rock]"	7mnBLXK823vNxN3UWB7Gfz.jpg	3	2	20	0	0	0	0	0.000778	0	7mnBLXK823vNxN3UWB7Gfz
1992	The Cranberries	70	1147481	"[""celtic rock"", ""neo mellow"", pop, ""pop rock"", ""post-teen pop"", ""viral pop""]"	7t0rwkOPGlDPEhaOcVtOt9.jpg	3	2	20	0	0	0	0	0.000778	0	7t0rwkOPGlDPEhaOcVtOt9
2002	The Killers	76	3657753	"[downtempo, ""dream pop"", indietronica]"	0C0XlULifJtAgn6ZNCW2eu.jpg	3	2	20	0	0	0	0	0.000778	0	0C0XlULifJtAgn6ZNCW2eu
2010	The Lumineers	73	2587170	"[""modern rock"", ""pop punk"", post-grunge]"	16oZKvXb6WkQlVAjwo2Wbg.jpg	3	2	20	0	0	0	0	0.000778	0	16oZKvXb6WkQlVAjwo2Wbg
2014	The Neighbourhood	73	2131975	"[""alternative metal"", ""canadian metal"", ""canadian rock"", ""nu metal"", ""pop punk"", post-grunge, ""rap metal""]"	77SW9BnxLY8rJ0RciFqkHh.jpg	3	2	20	0	0	0	0	0.000778	0	77SW9BnxLY8rJ0RciFqkHh
2023	The Rolling Stones	76	5076001	"[""dance pop"", ""neo mellow"", pop, ""pop quebecois"", ""pop rap"", ""pop rock""]"	22bE4uQ6baNwSHPVcDxLCe.jpg	3	2	20	0	0	0	0	0.000778	0	22bE4uQ6baNwSHPVcDxLCe
2036	The xx	70	2913488	"[""pop punk""]"	3iOvXCl6edW5Um0fXEBRXy.jpg	3	2	18	0	0	0	0	0.000778	0	3iOvXCl6edW5Um0fXEBRXy
2044	Three Days Grace	73	2232296	"[""irish rock"", ""permanent wave"", rock]"	2xiIXseIJcq3nG7C8fHeBj.jpg	3	2	20	0	0	0	0	0.000778	0	2xiIXseIJcq3nG7C8fHeBj
2062	Train	71	2237042	[pop]	3FUY2gzHeIiaesXtOAdB7A.jpg	3	2	18	0	0	0	0	0.000778	0	3FUY2gzHeIiaesXtOAdB7A
2077	Twenty One Pilots	82	8876157	"[""alternative rock"", ""modern rock"", ""permanent wave"", ""pop punk"", ""pop rock"", post-grunge, rock]"	3YQKmKGau1PzlVlkL1iodx.jpg	3	2	20	0	0	0	0	0.000778	0	3YQKmKGau1PzlVlkL1iodx
2095	U2	75	3118662	"[""dance pop"", pop, r&b, ""urban contemporary""]"	51Blml2LZPmy7TTiAg47vQ.jpg	3	2	18	0	0	0	0	0.000778	0	51Blml2LZPmy7TTiAg47vQ
2101	Vance Joy	75	1263554	"[""contemporary country"", country, ""country road"", ""modern country rock""]"	10exVja0key0uqUkk6LJRT.jpg	3	2	20	0	0	0	0	0.000778	0	10exVja0key0uqUkk6LJRT
2114	Weezer	71	1311452	"[""dance pop"", pop, ""post-teen pop""]"	3jOstUTkEu2JkjvRdBA5Gu.jpg	3	2	20	0	0	0	0	0.000778	0	3jOstUTkEu2JkjvRdBA5Gu
2142	Zac Brown Band	72	1057086	"[latin, ""latin arena pop"", ""latin rock"", ""mexican pop"", ""mexican rock"", ""rock en espanol""]"	6yJCxee7QumYr820xdIsjo.jpg	3	2	18	0	0	0	0	0.000778	0	6yJCxee7QumYr820xdIsjo
