ego_label	ego_name	artist_label	artist_name	release_date	total	total_scalled
0hCNtLu0JehylgoiP8L4Gh	Nicki Minaj	3TVXtAsR1Inumwj472S9r4	Drake	2010-01-01	1	1.0
0hCNtLu0JehylgoiP8L4Gh	Nicki Minaj	7dGJo4pcD2V6oG8kP0tJRR	Eminem	2010-01-01	1	1.0
0hCNtLu0JehylgoiP8L4Gh	Nicki Minaj	4pADjHPWyrlAF0FA7joK2H	Jay Sean	2010-01-01	1	1.0
0hCNtLu0JehylgoiP8L4Gh	Nicki Minaj	5K4W6rqBFWDnAN6FQUkS6x	Kanye West	2010-01-01	1	1.0
0hCNtLu0JehylgoiP8L4Gh	Nicki Minaj	7o95ZoZt5ZYn31e9z1Hc0a	Natasha Bedingfield	2010-01-01	1	1.0
0hCNtLu0JehylgoiP8L4Gh	Nicki Minaj	5pKCCKE2ajJHZ9KAiaK11H	Rihanna	2010-01-01	1	1.0
0hCNtLu0JehylgoiP8L4Gh	Nicki Minaj	4aWpJudn4ljEWahx6cPEGu	Sean Garrett	2010-01-01	2	2.0
0hCNtLu0JehylgoiP8L4Gh	Nicki Minaj	3TVXtAsR1Inumwj472S9r4	Drake	2010-11-22	1	1.0
0hCNtLu0JehylgoiP8L4Gh	Nicki Minaj	7dGJo4pcD2V6oG8kP0tJRR	Eminem	2010-11-22	1	1.0
0hCNtLu0JehylgoiP8L4Gh	Nicki Minaj	5K4W6rqBFWDnAN6FQUkS6x	Kanye West	2010-11-22	1	1.0
0hCNtLu0JehylgoiP8L4Gh	Nicki Minaj	55Aa2cqylxrFIXC767Z865	Lil Wayne	2010-11-22	1	1.0
0hCNtLu0JehylgoiP8L4Gh	Nicki Minaj	7o95ZoZt5ZYn31e9z1Hc0a	Natasha Bedingfield	2010-11-22	1	1.0
0hCNtLu0JehylgoiP8L4Gh	Nicki Minaj	5pKCCKE2ajJHZ9KAiaK11H	Rihanna	2010-11-22	1	1.0
0hCNtLu0JehylgoiP8L4Gh	Nicki Minaj	4pADjHPWyrlAF0FA7joK2H	Jay Sean	2011-01-01	1	1.0
0hCNtLu0JehylgoiP8L4Gh	Nicki Minaj	5pKCCKE2ajJHZ9KAiaK11H	Rihanna	2011-01-01	2	2.0
0hCNtLu0JehylgoiP8L4Gh	Nicki Minaj	17lzZA2AlOHwCwFALHttmp	2 Chainz	2012-01-01	4	4.0
0hCNtLu0JehylgoiP8L4Gh	Nicki Minaj	4L3GTE04bW5N7azA9QPhjA	Beenie Man	2012-01-01	4	4.0
0hCNtLu0JehylgoiP8L4Gh	Nicki Minaj	4HgF4KnohByNElYid7iCNb	Bobby V.	2012-01-01	4	4.0
0hCNtLu0JehylgoiP8L4Gh	Nicki Minaj	7iMvwE8qANp3aIfAGKEAwS	Cam’ron	2012-01-01	4	4.0
0hCNtLu0JehylgoiP8L4Gh	Nicki Minaj	27FGXRNruFoOdf1vP8dqcH	Cassie	2012-01-01	4	4.0
0hCNtLu0JehylgoiP8L4Gh	Nicki Minaj	7bXgB6jMjp9ATFy66eO08Z	Chris Brown	2012-01-01	4	4.0
0hCNtLu0JehylgoiP8L4Gh	Nicki Minaj	2NdeV5rLm47xAvogXrYhJX	Ciara	2012-01-01	2	2.0
0hCNtLu0JehylgoiP8L4Gh	Nicki Minaj	3TVXtAsR1Inumwj472S9r4	Drake	2012-01-01	4	4.0
0hCNtLu0JehylgoiP8L4Gh	Nicki Minaj	4yBK75WVCQXej1p04GWqxH	Jeezy	2012-01-01	4	4.0
0hCNtLu0JehylgoiP8L4Gh	Nicki Minaj	55Aa2cqylxrFIXC767Z865	Lil Wayne	2012-01-01	10	10.0
0hCNtLu0JehylgoiP8L4Gh	Nicki Minaj	20qISvAhX20dpIbOOzGK3q	Nas	2012-01-01	4	4.0
0hCNtLu0JehylgoiP8L4Gh	Nicki Minaj	4N6A9Ou8NjFIcS5avrIK7W	Parker	2012-01-01	2	2.0
0hCNtLu0JehylgoiP8L4Gh	Nicki Minaj	1sBkRIssrMs1AbVkOJbc7a	Rick Ross	2012-01-01	4	4.0
0hCNtLu0JehylgoiP8L4Gh	Nicki Minaj	5ZydGR5KkXdV6XGJ9mYvdh	Thomas Brinx	2012-01-01	2	2.0
0hCNtLu0JehylgoiP8L4Gh	Nicki Minaj	5LHRHt1k9lMyONurDHEdrp	Tyga	2012-01-01	2	2.0
0hCNtLu0JehylgoiP8L4Gh	Nicki Minaj	17lzZA2AlOHwCwFALHttmp	2 Chainz	2012-04-03	1	1.0
0hCNtLu0JehylgoiP8L4Gh	Nicki Minaj	4L3GTE04bW5N7azA9QPhjA	Beenie Man	2012-04-03	1	1.0
0hCNtLu0JehylgoiP8L4Gh	Nicki Minaj	4HgF4KnohByNElYid7iCNb	Bobby V.	2012-04-03	1	1.0
0hCNtLu0JehylgoiP8L4Gh	Nicki Minaj	7iMvwE8qANp3aIfAGKEAwS	Cam’ron	2012-04-03	1	1.0
0hCNtLu0JehylgoiP8L4Gh	Nicki Minaj	7bXgB6jMjp9ATFy66eO08Z	Chris Brown	2012-04-03	1	1.0
0hCNtLu0JehylgoiP8L4Gh	Nicki Minaj	3TVXtAsR1Inumwj472S9r4	Drake	2012-04-03	1	1.0
0hCNtLu0JehylgoiP8L4Gh	Nicki Minaj	4yBK75WVCQXej1p04GWqxH	Jeezy	2012-04-03	1	1.0
0hCNtLu0JehylgoiP8L4Gh	Nicki Minaj	55Aa2cqylxrFIXC767Z865	Lil Wayne	2012-04-03	2	2.0
0hCNtLu0JehylgoiP8L4Gh	Nicki Minaj	20qISvAhX20dpIbOOzGK3q	Nas	2012-04-03	1	1.0
0hCNtLu0JehylgoiP8L4Gh	Nicki Minaj	1sBkRIssrMs1AbVkOJbc7a	Rick Ross	2012-04-03	1	1.0
0hCNtLu0JehylgoiP8L4Gh	Nicki Minaj	5q0rjReMjmAaHzn048NtB1	40 Cal.	2012-05-29	1	1.0
0hCNtLu0JehylgoiP8L4Gh	Nicki Minaj	66CXWjxzNUsdJxJ2JdwvnR	Ariana Grande	2014-12-15	4	4.0
0hCNtLu0JehylgoiP8L4Gh	Nicki Minaj	6vWDO969PvNqNYHIOW5v0m	Beyoncé	2014-12-15	4	4.0
0hCNtLu0JehylgoiP8L4Gh	Nicki Minaj	7bXgB6jMjp9ATFy66eO08Z	Chris Brown	2014-12-15	4	4.0
0hCNtLu0JehylgoiP8L4Gh	Nicki Minaj	3TVXtAsR1Inumwj472S9r4	Drake	2014-12-15	5	5.0
0hCNtLu0JehylgoiP8L4Gh	Nicki Minaj	3KV3p5EY4AvKxOlhGHORLg	Jeremih	2014-12-15	4	4.0
0hCNtLu0JehylgoiP8L4Gh	Nicki Minaj	5Mq7iqCWBzofK39FBqblNc	Jessie Ware	2014-12-15	4	4.0
0hCNtLu0JehylgoiP8L4Gh	Nicki Minaj	55Aa2cqylxrFIXC767Z865	Lil Wayne	2014-12-15	5	5.0
0hCNtLu0JehylgoiP8L4Gh	Nicki Minaj	2iUbk5KhZYZt4CRvWbwb7S	LunchMoney Lewis	2014-12-15	4	4.0
0hCNtLu0JehylgoiP8L4Gh	Nicki Minaj	20sxb77xiYeusSH8cVdatc	Meek Mill	2014-12-15	7	7.0
0hCNtLu0JehylgoiP8L4Gh	Nicki Minaj	4utLUGcTvOJFr6aqIJtYWV	Skylar Grey	2014-12-15	4	4.0
0hCNtLu0JehylgoiP8L4Gh	Nicki Minaj	3TVXtAsR1Inumwj472S9r4	Drake	2015-01-23	1	1.0
0hCNtLu0JehylgoiP8L4Gh	Nicki Minaj	55Aa2cqylxrFIXC767Z865	Lil Wayne	2015-01-23	1	1.0
0hCNtLu0JehylgoiP8L4Gh	Nicki Minaj	5Fc4E9FtAoP4UHXWh6oLpS	Buckshot	2016-03-25	1	1.0
0hCNtLu0JehylgoiP8L4Gh	Nicki Minaj	4wwwdtUxBahWPe5K23L9F0	Crown Royyal	2016-03-25	1	1.0
0hCNtLu0JehylgoiP8L4Gh	Nicki Minaj	1SAugjIcuwNPKS4urSB7A6	Joe Budden	2016-03-25	1	1.0
0hCNtLu0JehylgoiP8L4Gh	Nicki Minaj	0NWbwDZY1VkRqFafuQm6wk	Mike WiLL Made-It	2016-11-30	1	1.0
0hCNtLu0JehylgoiP8L4Gh	Nicki Minaj	55Aa2cqylxrFIXC767Z865	Lil Wayne	2017-03-09	1	1.0
0hCNtLu0JehylgoiP8L4Gh	Nicki Minaj	3TVXtAsR1Inumwj472S9r4	Drake	2017-03-10	1	1.0
0hCNtLu0JehylgoiP8L4Gh	Nicki Minaj	55Aa2cqylxrFIXC767Z865	Lil Wayne	2017-03-10	1	1.0
0hCNtLu0JehylgoiP8L4Gh	Nicki Minaj	3TVXtAsR1Inumwj472S9r4	Drake	2018-05-11	1	1.0
0hCNtLu0JehylgoiP8L4Gh	Nicki Minaj	55Aa2cqylxrFIXC767Z865	Lil Wayne	2018-05-11	1	1.0
0hCNtLu0JehylgoiP8L4Gh	Nicki Minaj	66CXWjxzNUsdJxJ2JdwvnR	Ariana Grande	2018-08-10	2	2.0
0hCNtLu0JehylgoiP8L4Gh	Nicki Minaj	7dGJo4pcD2V6oG8kP0tJRR	Eminem	2018-08-10	2	2.0
0hCNtLu0JehylgoiP8L4Gh	Nicki Minaj	1wvlC6NwleHt1iRD6d5X2C	Foxy Brown	2018-08-10	2	2.0
0hCNtLu0JehylgoiP8L4Gh	Nicki Minaj	1RyvyyTE3xzB2ZywiAwp0i	Future	2018-08-10	2	2.0
0hCNtLu0JehylgoiP8L4Gh	Nicki Minaj	2feDdbD5araYcm6JhFHHw7	Labrinth	2018-08-10	2	2.0
0hCNtLu0JehylgoiP8L4Gh	Nicki Minaj	55Aa2cqylxrFIXC767Z865	Lil Wayne	2018-08-10	2	2.0
0hCNtLu0JehylgoiP8L4Gh	Nicki Minaj	1zNqQNIdeOUZHb8zbZRFMX	Swae Lee	2018-08-10	2	2.0
0hCNtLu0JehylgoiP8L4Gh	Nicki Minaj	1Xyo4u8uXC1ZmMpatF05PJ	The Weeknd	2018-08-10	2	2.0
0hCNtLu0JehylgoiP8L4Gh	Nicki Minaj	66CXWjxzNUsdJxJ2JdwvnR	Ariana Grande	2018-11-29	1	1.0
0hCNtLu0JehylgoiP8L4Gh	Nicki Minaj	7dGJo4pcD2V6oG8kP0tJRR	Eminem	2018-11-29	1	1.0
0hCNtLu0JehylgoiP8L4Gh	Nicki Minaj	1wvlC6NwleHt1iRD6d5X2C	Foxy Brown	2018-11-29	1	1.0
0hCNtLu0JehylgoiP8L4Gh	Nicki Minaj	1RyvyyTE3xzB2ZywiAwp0i	Future	2018-11-29	1	1.0
0hCNtLu0JehylgoiP8L4Gh	Nicki Minaj	2feDdbD5araYcm6JhFHHw7	Labrinth	2018-11-29	1	1.0
0hCNtLu0JehylgoiP8L4Gh	Nicki Minaj	55Aa2cqylxrFIXC767Z865	Lil Wayne	2018-11-29	2	2.0
0hCNtLu0JehylgoiP8L4Gh	Nicki Minaj	1zNqQNIdeOUZHb8zbZRFMX	Swae Lee	2018-11-29	1	1.0
0hCNtLu0JehylgoiP8L4Gh	Nicki Minaj	1Xyo4u8uXC1ZmMpatF05PJ	The Weeknd	2018-11-29	1	1.0
0hCNtLu0JehylgoiP8L4Gh	Nicki Minaj	2R21vXR83lH98kGeO99Y66	Anuel Aa	2018-12-14	1	1.0
0hCNtLu0JehylgoiP8L4Gh	Nicki Minaj	6tt0iYnpHERj05WATWRiom	Bantu	2018-12-14	1	1.0
