ego_label	ego_name	artist_label	artist_name	release_date	total	total_scalled
6eUKZXaKkcviH0Ku9w2n3V	Ed Sheeran	7Ks3elJhSP20mD04lgiA68	Devlin	2011-09-09	1	1.0
6eUKZXaKkcviH0Ku9w2n3V	Ed Sheeran	7zJL978NtANOysfGY21ty6	Ghetts	2011-09-09	1	1.0
6eUKZXaKkcviH0Ku9w2n3V	Ed Sheeran	4IZLJdhHCqAvT4pjn8TLH5	Jme	2011-09-09	1	1.0
6eUKZXaKkcviH0Ku9w2n3V	Ed Sheeran	6zaXOYNFbclSYoBm2O4FiB	Mikill Pane	2011-09-09	1	1.0
6eUKZXaKkcviH0Ku9w2n3V	Ed Sheeran	2M9XY7wA9DCYAXMiho5YzT	P. Money	2011-09-09	1	1.0
6eUKZXaKkcviH0Ku9w2n3V	Ed Sheeran	22RVM3QYYm9YI4TTteiKTV	Random Impulse	2011-09-09	1	1.0
6eUKZXaKkcviH0Ku9w2n3V	Ed Sheeran	4Rrjd4f8oHN8Ehtr0GGItm	Sway	2011-09-09	1	1.0
6eUKZXaKkcviH0Ku9w2n3V	Ed Sheeran	7k9T7lZlHjRAM1bb0r9Rm3	Wiley	2011-09-09	1	1.0
6eUKZXaKkcviH0Ku9w2n3V	Ed Sheeran	0T2sGLJKge2eaFmZJxX7sq	Wretch 32	2011-09-09	1	1.0
6eUKZXaKkcviH0Ku9w2n3V	Ed Sheeran	3byZhxYIRTp15VjyckfstU	Zeph Ellis	2011-09-09	1	1.0
6eUKZXaKkcviH0Ku9w2n3V	Ed Sheeran	7Ks3elJhSP20mD04lgiA68	Devlin	2014-06-23	1	1.0
6eUKZXaKkcviH0Ku9w2n3V	Ed Sheeran	7zJL978NtANOysfGY21ty6	Ghetts	2014-06-23	1	1.0
6eUKZXaKkcviH0Ku9w2n3V	Ed Sheeran	4IZLJdhHCqAvT4pjn8TLH5	Jme	2014-06-23	1	1.0
6eUKZXaKkcviH0Ku9w2n3V	Ed Sheeran	6zaXOYNFbclSYoBm2O4FiB	Mikill Pane	2014-06-23	1	1.0
6eUKZXaKkcviH0Ku9w2n3V	Ed Sheeran	2M9XY7wA9DCYAXMiho5YzT	P. Money	2014-06-23	1	1.0
6eUKZXaKkcviH0Ku9w2n3V	Ed Sheeran	22RVM3QYYm9YI4TTteiKTV	Random Impulse	2014-06-23	1	1.0
6eUKZXaKkcviH0Ku9w2n3V	Ed Sheeran	4Rrjd4f8oHN8Ehtr0GGItm	Sway	2014-06-23	1	1.0
6eUKZXaKkcviH0Ku9w2n3V	Ed Sheeran	7k9T7lZlHjRAM1bb0r9Rm3	Wiley	2014-06-23	1	1.0
6eUKZXaKkcviH0Ku9w2n3V	Ed Sheeran	0T2sGLJKge2eaFmZJxX7sq	Wretch 32	2014-06-23	1	1.0
6eUKZXaKkcviH0Ku9w2n3V	Ed Sheeran	3byZhxYIRTp15VjyckfstU	Zeph Ellis	2014-06-23	1	1.0
6eUKZXaKkcviH0Ku9w2n3V	Ed Sheeran	4WN5naL3ofxrVBgFpguzKo	Rudimental	2015-02-27	1	1.0
6eUKZXaKkcviH0Ku9w2n3V	Ed Sheeran	4WN5naL3ofxrVBgFpguzKo	Rudimental	2015-10-02	3	10.0
6eUKZXaKkcviH0Ku9w2n3V	Ed Sheeran	4sTQVOfp9vEMCemLw50sbu	Galantis	2017-02-10	1	1.0
6eUKZXaKkcviH0Ku9w2n3V	Ed Sheeran	1LKo6ZA3RNvKtLa6zDu32S	Kranium	2017-02-24	1	1.0
6eUKZXaKkcviH0Ku9w2n3V	Ed Sheeran	738wLrAtLtCtFOLvQBXOXp	Major Lazer	2017-02-24	1	1.0
6eUKZXaKkcviH0Ku9w2n3V	Ed Sheeran	4VZY0nxYMSNotbS7WjNVQy	Nyla	2017-02-24	1	1.0
6eUKZXaKkcviH0Ku9w2n3V	Ed Sheeran	2SrSdSvpminqmStGELCSNd	Stormzy	2017-02-24	1	1.0
6eUKZXaKkcviH0Ku9w2n3V	Ed Sheeran	5WQwioJgA1ixuXQAPLIy3T	Latin	2017-03-01	1	1.0
6eUKZXaKkcviH0Ku9w2n3V	Ed Sheeran	21451j1KhjAiaYKflxBjr1	Zion & Lennox	2017-03-01	1	1.0
6eUKZXaKkcviH0Ku9w2n3V	Ed Sheeran	4ehtJnVumNf6xzSCDk8aLB	Martin Jensen	2017-04-07	1	1.0
6eUKZXaKkcviH0Ku9w2n3V	Ed Sheeran	2ic47UrNAHRSZ82o0Y39vh	John McDaid	2017-05-05	1	1.0
6eUKZXaKkcviH0Ku9w2n3V	Ed Sheeran	1ylcY77FWeSVQKh5et1VGp	Music Lab Collective	2017-05-05	1	1.0
6eUKZXaKkcviH0Ku9w2n3V	Ed Sheeran	4HQPu8xlD0YTKmUhCsty3a	Steve Mac	2017-05-05	1	1.0
6eUKZXaKkcviH0Ku9w2n3V	Ed Sheeran	5iNrZmtVMtYev5M9yoWpEq	Seeb	2017-05-19	1	1.0
6eUKZXaKkcviH0Ku9w2n3V	Ed Sheeran	5jAMCwdNHWr7JThxtMuEyy	NOTD	2017-06-05	1	1.0
6eUKZXaKkcviH0Ku9w2n3V	Ed Sheeran	6mPZJXtFVaakznkRxdgWtC	Throttle	2017-06-30	1	1.0
6eUKZXaKkcviH0Ku9w2n3V	Ed Sheeran	5AbLpsnTQVNB3OEadYiVrK	Yxng Bane	2017-08-11	1	1.0
6eUKZXaKkcviH0Ku9w2n3V	Ed Sheeran	6lB8vOoI4DRrrVxXwuV19c	Mike Perry	2017-11-10	1	1.0
6eUKZXaKkcviH0Ku9w2n3V	Ed Sheeran	3t5xRXzsuZmMDkQzgOX35S	Robin Schulz	2017-11-24	1	1.0
6eUKZXaKkcviH0Ku9w2n3V	Ed Sheeran	6vWDO969PvNqNYHIOW5v0m	Beyoncé	2017-11-30	1	1.0
6eUKZXaKkcviH0Ku9w2n3V	Ed Sheeran	3EA9hVIzKfFiQI0Kikz2wo	Andrea Bocelli	2017-12-15	1	1.0
6eUKZXaKkcviH0Ku9w2n3V	Ed Sheeran	1l2ekx5skC4gJH8djERwh1	Don Diablo	2018-01-12	1	1.0
6eUKZXaKkcviH0Ku9w2n3V	Ed Sheeran	4bL2B6hmLlMWnUEZnorEtG	Felix Jaehn	2018-02-16	1	1.0
6eUKZXaKkcviH0Ku9w2n3V	Ed Sheeran	6Fi8CHfO8WGtu3yO8c2Mc4	2CELLOS	2018-02-23	1	1.0
6eUKZXaKkcviH0Ku9w2n3V	Ed Sheeran	33TiTFVhQ94ZK7Y2DZugJt	Daniel Philo	2018-03-07	1	1.0
6eUKZXaKkcviH0Ku9w2n3V	Ed Sheeran	2o5jDhtHVPhrJdv3cEQ99Z	Tiësto	2018-06-01	1	1.0
6eUKZXaKkcviH0Ku9w2n3V	Ed Sheeran	1IELhvOMg5VQlU7syRm6CS	CAZZETTE	2018-06-08	1	1.0
6eUKZXaKkcviH0Ku9w2n3V	Ed Sheeran	1ikID9RZZMvkuBGDWrqajq	Kasbo	2018-07-27	1	1.0
6eUKZXaKkcviH0Ku9w2n3V	Ed Sheeran	2o5jDhtHVPhrJdv3cEQ99Z	Tiësto	2018-08-03	1	1.0
6eUKZXaKkcviH0Ku9w2n3V	Ed Sheeran	7zG1hAjfaUQ1UlxgIdChYo	92 Keys	2018-09-04	1	1.0
6eUKZXaKkcviH0Ku9w2n3V	Ed Sheeran	14zDXN8YUB5izEiGujWaFs	Rob Landes	2018-09-04	1	1.0
6eUKZXaKkcviH0Ku9w2n3V	Ed Sheeran	0jW6R8CVyVohuUJVcuweDI	The Piano Guys	2018-10-26	1	1.0
6eUKZXaKkcviH0Ku9w2n3V	Ed Sheeran	2rjbjzGKVSXc26ZGVvdXkO	Andrew Rotondo	2018-11-19	1	1.0
6eUKZXaKkcviH0Ku9w2n3V	Ed Sheeran	2wOqMjp9TyABvtHdOSOTUS	Ludwig van Beethoven	2018-11-23	1	1.0
6eUKZXaKkcviH0Ku9w2n3V	Ed Sheeran	1XSilbqix6HXDNp38YKcfG	Simon Michael	2018-11-23	1	1.0
