ego_label	ego_name	artist_label	artist_name	release_date	total	total_scalled
66CXWjxzNUsdJxJ2JdwvnR	Ariana Grande	0c173mlxpT3dSFRgMO8XPh	Big Sean	2013-01-01	2	5.5
66CXWjxzNUsdJxJ2JdwvnR	Ariana Grande	1vyhD5VmyZ7KMfW5gqLgo5	J Balvin	2013-01-01	1	1.0
66CXWjxzNUsdJxJ2JdwvnR	Ariana Grande	7pLntWGInZPQxc4kXxzzjB	Liz Gillies	2013-01-01	1	1.0
66CXWjxzNUsdJxJ2JdwvnR	Ariana Grande	4LLpKhyESsyAXpc4laK94U	Mac Miller	2013-01-01	3	10.0
66CXWjxzNUsdJxJ2JdwvnR	Ariana Grande	2Rf4X6m0oayCJhaJ5K63GQ	Nathan Sykes	2013-01-01	3	10.0
66CXWjxzNUsdJxJ2JdwvnR	Ariana Grande	46GXASE9LHzyssNqKOInUu	Dawin	2014-07-01	1	1.0
66CXWjxzNUsdJxJ2JdwvnR	Ariana Grande	7dQseGSZ659cIujpF3rhbn	Devastator Devastator	2014-07-01	1	1.0
66CXWjxzNUsdJxJ2JdwvnR	Ariana Grande	2PiTQ6K1uu6mW0RbtUxrA1	DJ Noodles	2014-07-01	1	1.0
66CXWjxzNUsdJxJ2JdwvnR	Ariana Grande	5yG7ZAZafVaAlMTeBybKAL	Iggy Azalea	2014-07-01	3	10.0
66CXWjxzNUsdJxJ2JdwvnR	Ariana Grande	2MzzwDQ7n8wSGCJIqKJH5r	KASSIANO	2014-07-01	1	1.0
66CXWjxzNUsdJxJ2JdwvnR	Ariana Grande	5dHt1vcEm9qb8fCyLcB3HL	A$AP Ferg	2014-08-25	1	1.0
66CXWjxzNUsdJxJ2JdwvnR	Ariana Grande	0c173mlxpT3dSFRgMO8XPh	Big Sean	2014-08-25	1	1.0
66CXWjxzNUsdJxJ2JdwvnR	Ariana Grande	2LZDXcxJWgsJfKXZv9a5eG	Cashmere Cat	2014-08-25	1	1.0
66CXWjxzNUsdJxJ2JdwvnR	Ariana Grande	73sIBHcqh3Z3NyqHKZ7FOL	Childish Gambino	2014-08-25	1	1.0
66CXWjxzNUsdJxJ2JdwvnR	Ariana Grande	5yG7ZAZafVaAlMTeBybKAL	Iggy Azalea	2014-08-25	1	1.0
66CXWjxzNUsdJxJ2JdwvnR	Ariana Grande	1Xyo4u8uXC1ZmMpatF05PJ	The Weeknd	2014-08-25	1	1.0
66CXWjxzNUsdJxJ2JdwvnR	Ariana Grande	2qxJFvFYMEDqd7ui6kSAcq	Zedd	2014-08-25	1	1.0
66CXWjxzNUsdJxJ2JdwvnR	Ariana Grande	1hnnj2WandO6I4kQCqS3ct	Brynn Williams	2014-11-20	1	1.0
66CXWjxzNUsdJxJ2JdwvnR	Ariana Grande	5Wy5gqWzDpWspwIYLokJY5	Caitlin Gann	2014-11-20	1	1.0
66CXWjxzNUsdJxJ2JdwvnR	Ariana Grande	7cx3SW07K49VaNuC71o4vj	Graham Phillips	2014-11-20	1	1.0
66CXWjxzNUsdJxJ2JdwvnR	Ariana Grande	0moTgm8lXIQpK1EXLSgJFR	J-Sol	2015-09-11	1	1.0
66CXWjxzNUsdJxJ2JdwvnR	Ariana Grande	2Rf4X6m0oayCJhaJ5K63GQ	Nathan Sykes	2015-09-11	1	1.0
66CXWjxzNUsdJxJ2JdwvnR	Ariana Grande	1RyvyyTE3xzB2ZywiAwp0i	Future	2016-05-20	2	5.5
66CXWjxzNUsdJxJ2JdwvnR	Ariana Grande	55Aa2cqylxrFIXC767Z865	Lil Wayne	2016-05-20	2	5.5
66CXWjxzNUsdJxJ2JdwvnR	Ariana Grande	4ylR3zwA0zaapAu94fktwa	Macy Gray	2016-05-20	2	5.5
66CXWjxzNUsdJxJ2JdwvnR	Ariana Grande	0hCNtLu0JehylgoiP8L4Gh	Nicki Minaj	2016-05-20	2	5.5
66CXWjxzNUsdJxJ2JdwvnR	Ariana Grande	4YLQaW1UU3mrVetC8gNkg5	3LAU	2016-08-19	1	1.0
66CXWjxzNUsdJxJ2JdwvnR	Ariana Grande	1mGISDumAyOoK6epKA8gq1	Alex Ghenea	2016-08-19	1	1.0
66CXWjxzNUsdJxJ2JdwvnR	Ariana Grande	4LLpKhyESsyAXpc4laK94U	Mac Miller	2016-08-19	1	1.0
66CXWjxzNUsdJxJ2JdwvnR	Ariana Grande	5rgdO5pJxQJAklD1xpVK4A	Amos Oliver III	2016-12-02	1	1.0
66CXWjxzNUsdJxJ2JdwvnR	Ariana Grande	73rMgUrBb5SCgadZiPpAYy	Heather Tepe	2016-12-02	1	1.0
66CXWjxzNUsdJxJ2JdwvnR	Ariana Grande	4mnS5t67NcX8e565nSdxyV	Helene	2016-12-02	1	1.0
66CXWjxzNUsdJxJ2JdwvnR	Ariana Grande	7kVd3JynoyA1BLdI1H5WSp	Jacque Lewarne	2016-12-02	1	1.0
66CXWjxzNUsdJxJ2JdwvnR	Ariana Grande	35GL8Cu2GKTcHzKGi75xl5	Jennifer Hudson	2016-12-02	1	1.0
66CXWjxzNUsdJxJ2JdwvnR	Ariana Grande	6mRK3kM9VcjgnwtUAE1vNx	Joanna Jones	2016-12-02	1	1.0
66CXWjxzNUsdJxJ2JdwvnR	Ariana Grande	7eIVukDgZAdqsxYmAoLUzC	Joshua Alexander	2016-12-02	1	1.0
66CXWjxzNUsdJxJ2JdwvnR	Ariana Grande	7CqqAHRtHecWkeMjIZVUMv	Karl Skyler Urban	2016-12-02	1	1.0
66CXWjxzNUsdJxJ2JdwvnR	Ariana Grande	21adn9pAUlseTN69jwzxM0	Katherine Roarty	2016-12-02	1	1.0
66CXWjxzNUsdJxJ2JdwvnR	Ariana Grande	4NEP1JlWnpSIzAe9EEIbAp	Kelli Ann Erdmann	2016-12-02	1	1.0
66CXWjxzNUsdJxJ2JdwvnR	Ariana Grande	6ptMNK03c8L2Qu0TbXfZkA	Marissa Heart	2016-12-02	1	1.0
66CXWjxzNUsdJxJ2JdwvnR	Ariana Grande	3WKuOUShBN6frHRmiKzjrg	Mason Trueblood	2016-12-02	1	1.0
66CXWjxzNUsdJxJ2JdwvnR	Ariana Grande	3KDzU0ZVM9Af5Uw71zuldy	Paul Vogt	2016-12-02	1	1.0
66CXWjxzNUsdJxJ2JdwvnR	Ariana Grande	1LQYirjbwr3lWrJBffW9LU	Re'Sean Pates	2016-12-02	1	1.0
66CXWjxzNUsdJxJ2JdwvnR	Ariana Grande	1nGfYGCcPW1HfAn4knmW0I	Rhon Saunders	2016-12-02	1	1.0
66CXWjxzNUsdJxJ2JdwvnR	Ariana Grande	10Kv3OiLyytalSDgpY7Ivt	Ricky Schroeder	2016-12-02	1	1.0
66CXWjxzNUsdJxJ2JdwvnR	Ariana Grande	6s8gKeHFnHkNmacxQrmaDl	Riley Costello	2016-12-02	1	1.0
66CXWjxzNUsdJxJ2JdwvnR	Ariana Grande	3auaLKDAioJmLl6MhRyk9p	Sam Faulkner	2016-12-02	1	1.0
66CXWjxzNUsdJxJ2JdwvnR	Ariana Grande	2MgbGlG3N9vPPgg2YMEDRU	Tiana Okoye	2016-12-02	1	1.0
66CXWjxzNUsdJxJ2JdwvnR	Ariana Grande	59LT55OL65269TYMmffAVS	Tommy Martinez	2016-12-02	1	1.0
66CXWjxzNUsdJxJ2JdwvnR	Ariana Grande	639pSH8k0Ly7daq2AmbUVv	Will Bell	2016-12-02	1	1.0
66CXWjxzNUsdJxJ2JdwvnR	Ariana Grande	0hCNtLu0JehylgoiP8L4Gh	Nicki Minaj	2017-02-03	2	5.5
66CXWjxzNUsdJxJ2JdwvnR	Ariana Grande	1bJJlRHoc1UVeqzxcrPLIw	Phantoms	2017-02-03	1	1.0
66CXWjxzNUsdJxJ2JdwvnR	Ariana Grande	41rVuRHYAiH7ltBTHVR9We	Slushii	2017-02-03	1	1.0
66CXWjxzNUsdJxJ2JdwvnR	Ariana Grande	5y2Xq6xcjJb2jVM54GHK3t	John Legend	2017-03-10	2	5.5
66CXWjxzNUsdJxJ2JdwvnR	Ariana Grande	1RyvyyTE3xzB2ZywiAwp0i	Future	2017-06-09	1	1.0
66CXWjxzNUsdJxJ2JdwvnR	Ariana Grande	7pLntWGInZPQxc4kXxzzjB	Liz Gillies	2017-10-27	1	1.0
66CXWjxzNUsdJxJ2JdwvnR	Ariana Grande	0hCNtLu0JehylgoiP8L4Gh	Nicki Minaj	2017-12-08	1	1.0
66CXWjxzNUsdJxJ2JdwvnR	Ariana Grande	2qxJFvFYMEDqd7ui6kSAcq	Zedd	2018-02-02	1	1.0
66CXWjxzNUsdJxJ2JdwvnR	Ariana Grande	1vyhD5VmyZ7KMfW5gqLgo5	J Balvin	2018-03-16	1	1.0
66CXWjxzNUsdJxJ2JdwvnR	Ariana Grande	2wIVse2owClT7go1WT98tk	Missy Elliott	2018-08-17	1	1.0
66CXWjxzNUsdJxJ2JdwvnR	Ariana Grande	0hCNtLu0JehylgoiP8L4Gh	Nicki Minaj	2018-08-17	1	1.0
66CXWjxzNUsdJxJ2JdwvnR	Ariana Grande	2RdwBSPQiwcmiDo9kixcl8	Pharrell Williams	2018-08-17	1	1.0
66CXWjxzNUsdJxJ2JdwvnR	Ariana Grande	7pLntWGInZPQxc4kXxzzjB	Liz Gillies	2018-10-06	1	1.0
66CXWjxzNUsdJxJ2JdwvnR	Ariana Grande	7pLntWGInZPQxc4kXxzzjB	Liz Gillies	2018-10-10	1	1.0
