ego_label	ego_name	artist_label	artist_name	release_date	total	total_scalled
1dfeR4HaWDbWqFHLkxsg1d	Queen	0oSGxfWSnnOXhD2fKuz2Gy	David Bowie	1982-05-03	2	1.3461538461538463
1dfeR4HaWDbWqFHLkxsg1d	Queen	0oSGxfWSnnOXhD2fKuz2Gy	David Bowie	1991-10-28	2	1.3461538461538463
1dfeR4HaWDbWqFHLkxsg1d	Queen	0oSGxfWSnnOXhD2fKuz2Gy	David Bowie	1999-11-09	1	1.0
1dfeR4HaWDbWqFHLkxsg1d	Queen	3PhoLpVuITZKcymswpck5b	Elton John	1999-11-09	1	1.0
1dfeR4HaWDbWqFHLkxsg1d	Queen	19ra5tSw0tWufvUp8GotLo	George Michael	1999-11-09	1	1.0
1dfeR4HaWDbWqFHLkxsg1d	Queen	61hyyXX16iCMj7bu3RuhTe	Joshua J. Macrae	1999-11-09	1	1.0
1dfeR4HaWDbWqFHLkxsg1d	Queen	4e76qW6V7bSS4NDvCZ09zD	Justin Shirley-Smith	1999-11-09	1	1.0
1dfeR4HaWDbWqFHLkxsg1d	Queen	3EiPgpJshyfFf6EaUP2b4W	Pras Michel	1999-11-09	1	1.0
1dfeR4HaWDbWqFHLkxsg1d	Queen	7aBzpmFXB4WWpPl2F7RjBe	Wyclef Jean	1999-11-09	1	1.0
1dfeR4HaWDbWqFHLkxsg1d	Queen	0oSGxfWSnnOXhD2fKuz2Gy	David Bowie	2002-10-21	1	1.0
1dfeR4HaWDbWqFHLkxsg1d	Queen	2gaWNB3YrlTc0KRlHNqhol	Paul Rodgers	2005-01-01	27	10.0
1dfeR4HaWDbWqFHLkxsg1d	Queen	0oSGxfWSnnOXhD2fKuz2Gy	David Bowie	2005-08-22	1	1.0
1dfeR4HaWDbWqFHLkxsg1d	Queen	0oSGxfWSnnOXhD2fKuz2Gy	David Bowie	2007-03-19	1	1.0
1dfeR4HaWDbWqFHLkxsg1d	Queen	2gaWNB3YrlTc0KRlHNqhol	Paul Rodgers	2008-01-01	1	1.0
1dfeR4HaWDbWqFHLkxsg1d	Queen	4M1FpEWs2PeYfJe7xxJfhH	Freddie Mercury	2008-07-29	1	1.0
1dfeR4HaWDbWqFHLkxsg1d	Queen	2KVONs7k8bigXs7l5leNuG	Marc Reift	2008-07-29	1	1.0
1dfeR4HaWDbWqFHLkxsg1d	Queen	0mT4rQiMcGq6OCOhjK4CYc	Philharmonic Wind Orchestra	2008-07-29	1	1.0
1dfeR4HaWDbWqFHLkxsg1d	Queen	11SX09NGhx1avUhxIQeoNA	Prague Chamber Choir	2008-07-29	1	1.0
1dfeR4HaWDbWqFHLkxsg1d	Queen	4M1FpEWs2PeYfJe7xxJfhH	Freddie Mercury	2009-02-03	1	1.0
1dfeR4HaWDbWqFHLkxsg1d	Queen	6PbDBZXHmcM6ygIZfCHEYt	Geoffrey Simon	2009-02-03	1	1.0
1dfeR4HaWDbWqFHLkxsg1d	Queen	0iGO670sMyQm2JRCMyllTB	The London Horn Sound	2009-02-03	1	1.0
1dfeR4HaWDbWqFHLkxsg1d	Queen	0oSGxfWSnnOXhD2fKuz2Gy	David Bowie	2011-01-01	2	1.3461538461538463
1dfeR4HaWDbWqFHLkxsg1d	Queen	3PhoLpVuITZKcymswpck5b	Elton John	2011-01-01	1	1.0
1dfeR4HaWDbWqFHLkxsg1d	Queen	19ra5tSw0tWufvUp8GotLo	George Michael	2011-01-01	1	1.0
1dfeR4HaWDbWqFHLkxsg1d	Queen	61hyyXX16iCMj7bu3RuhTe	Joshua J. Macrae	2011-01-01	1	1.0
1dfeR4HaWDbWqFHLkxsg1d	Queen	4e76qW6V7bSS4NDvCZ09zD	Justin Shirley-Smith	2011-01-01	1	1.0
1dfeR4HaWDbWqFHLkxsg1d	Queen	3EiPgpJshyfFf6EaUP2b4W	Pras Michel	2011-01-01	1	1.0
1dfeR4HaWDbWqFHLkxsg1d	Queen	7aBzpmFXB4WWpPl2F7RjBe	Wyclef Jean	2011-01-01	1	1.0
1dfeR4HaWDbWqFHLkxsg1d	Queen	0oSGxfWSnnOXhD2fKuz2Gy	David Bowie	2012-01-01	1	1.0
1dfeR4HaWDbWqFHLkxsg1d	Queen	3qA2KMAMyxdOeYIuF4vj0w	Annie Crummer	2012-10-12	1	1.0
1dfeR4HaWDbWqFHLkxsg1d	Queen	7nh1DOaK61osfLADBU0hfm	Eva Maria	2012-10-12	1	1.0
1dfeR4HaWDbWqFHLkxsg1d	Queen	5BwnT4LqkuufMMrSHa7YpO	The German Cast Of "We Will Rock You"	2012-10-12	2	1.3461538461538463
1dfeR4HaWDbWqFHLkxsg1d	Queen	1687FhzaRUmI1JcvTZ3x1W	The London Cast of 'We Will Rock You'	2012-10-12	1	1.0
1dfeR4HaWDbWqFHLkxsg1d	Queen	3fMbdgg4jU18AjLCKBhRSm	Michael Jackson	2014-01-01	2	1.3461538461538463
1dfeR4HaWDbWqFHLkxsg1d	Queen	0oSGxfWSnnOXhD2fKuz2Gy	David Bowie	2014-11-14	1	1.0
1dfeR4HaWDbWqFHLkxsg1d	Queen	0oSGxfWSnnOXhD2fKuz2Gy	David Bowie	2016-11-11	1	1.0
1dfeR4HaWDbWqFHLkxsg1d	Queen	0oSGxfWSnnOXhD2fKuz2Gy	David Bowie	2016-12-09	2	1.3461538461538463
1dfeR4HaWDbWqFHLkxsg1d	Queen	0oSGxfWSnnOXhD2fKuz2Gy	David Bowie	2017-09-29	1	1.0
1dfeR4HaWDbWqFHLkxsg1d	Queen	0oSGxfWSnnOXhD2fKuz2Gy	David Bowie	2018-10-19	1	1.0
1dfeR4HaWDbWqFHLkxsg1d	Queen	3DNux72LAcJJF7APpZf0NY	Dale Burbeck	2018-12-13	1	1.0
