ego_label	ego_name	artist_label	artist_name	release_date	total	total_scalled
1vyhD5VmyZ7KMfW5gqLgo5	J Balvin	4uRH0vTYaGWjG1MK8K8RPE	Dragon & Caballero	2012-06-02	1	1.0
1vyhD5VmyZ7KMfW5gqLgo5	J Balvin	3NOdPmpix7Jh3q1NEfw7bE	Jay y el Punto	2012-06-02	1	1.0
1vyhD5VmyZ7KMfW5gqLgo5	J Balvin	1RBzGO6Nm3uyhUSxP7EDWO	Kevin Roldan	2012-06-02	1	1.0
1vyhD5VmyZ7KMfW5gqLgo5	J Balvin	1r4hJ1h58CWwUQe3MxPuau	Maluma	2012-06-02	1	1.0
1vyhD5VmyZ7KMfW5gqLgo5	J Balvin	3PAwspMN27PDm81WwXDsMf	Reykon	2012-06-02	1	1.0
1vyhD5VmyZ7KMfW5gqLgo5	J Balvin	329e4yvIujISKGKz1BZZbO	Farruko	2013-01-01	1	1.0
1vyhD5VmyZ7KMfW5gqLgo5	J Balvin	5yjh35rXozitS6KLyjicLj	Motiff	2013-01-01	1	1.0
1vyhD5VmyZ7KMfW5gqLgo5	J Balvin	3BnF35ARlp8mMeyXTjUZsr	Vein	2013-01-01	1	1.0
1vyhD5VmyZ7KMfW5gqLgo5	J Balvin	329e4yvIujISKGKz1BZZbO	Farruko	2014-09-16	3	3.571428571428571
1vyhD5VmyZ7KMfW5gqLgo5	J Balvin	5yjh35rXozitS6KLyjicLj	Motiff	2014-09-16	1	1.0
1vyhD5VmyZ7KMfW5gqLgo5	J Balvin	3BnF35ARlp8mMeyXTjUZsr	Vein	2014-09-16	1	1.0
1vyhD5VmyZ7KMfW5gqLgo5	J Balvin	4uRH0vTYaGWjG1MK8K8RPE	Dragon & Caballero	2014-10-01	1	1.0
1vyhD5VmyZ7KMfW5gqLgo5	J Balvin	3NOdPmpix7Jh3q1NEfw7bE	Jay y el Punto	2014-10-01	1	1.0
1vyhD5VmyZ7KMfW5gqLgo5	J Balvin	1RBzGO6Nm3uyhUSxP7EDWO	Kevin Roldan	2014-10-01	1	1.0
1vyhD5VmyZ7KMfW5gqLgo5	J Balvin	1r4hJ1h58CWwUQe3MxPuau	Maluma	2014-10-01	1	1.0
1vyhD5VmyZ7KMfW5gqLgo5	J Balvin	3PAwspMN27PDm81WwXDsMf	Reykon	2014-10-01	1	1.0
1vyhD5VmyZ7KMfW5gqLgo5	J Balvin	39E15l8zeCDYpSZwFNX4G2	Eleni Foureira	2014-12-22	1	1.0
1vyhD5VmyZ7KMfW5gqLgo5	J Balvin	4iDI9qh9SzcTm6vZeTT258	Alejandro "Mosty" Patiño	2015-12-18	1	1.0
1vyhD5VmyZ7KMfW5gqLgo5	J Balvin	4SsVbpTthjScTS7U2hmr1X	Arcangel	2015-12-18	1	1.0
1vyhD5VmyZ7KMfW5gqLgo5	J Balvin	4VMYDCV2IEDYJArk749S6m	Daddy Yankee	2015-12-18	1	1.0
1vyhD5VmyZ7KMfW5gqLgo5	J Balvin	3EiLUeyEcA6fbRPSHkG5kb	De La Ghetto	2015-12-18	1	1.0
1vyhD5VmyZ7KMfW5gqLgo5	J Balvin	329e4yvIujISKGKz1BZZbO	Farruko	2015-12-18	1	1.0
1vyhD5VmyZ7KMfW5gqLgo5	J Balvin	1SupJlEpv7RS2tPNRaHViT	Nicky Jam	2015-12-18	1	1.0
1vyhD5VmyZ7KMfW5gqLgo5	J Balvin	4nkGTHzKGUsL7WjpaKLEDm	Sky	2015-12-18	1	1.0
1vyhD5VmyZ7KMfW5gqLgo5	J Balvin	0eHQ9o50hj6ZDNBt6Ys1sD	Yandel	2015-12-18	1	1.0
1vyhD5VmyZ7KMfW5gqLgo5	J Balvin	1pgDilWYDWLoOgGjf1iHNu	Zion	2015-12-18	1	1.0
1vyhD5VmyZ7KMfW5gqLgo5	J Balvin	4SsVbpTthjScTS7U2hmr1X	Arcangel	2016-02-19	1	1.0
1vyhD5VmyZ7KMfW5gqLgo5	J Balvin	4VMYDCV2IEDYJArk749S6m	Daddy Yankee	2016-02-19	1	1.0
1vyhD5VmyZ7KMfW5gqLgo5	J Balvin	3EiLUeyEcA6fbRPSHkG5kb	De La Ghetto	2016-02-19	1	1.0
1vyhD5VmyZ7KMfW5gqLgo5	J Balvin	329e4yvIujISKGKz1BZZbO	Farruko	2016-02-19	1	1.0
1vyhD5VmyZ7KMfW5gqLgo5	J Balvin	1SupJlEpv7RS2tPNRaHViT	Nicky Jam	2016-02-19	1	1.0
1vyhD5VmyZ7KMfW5gqLgo5	J Balvin	0eHQ9o50hj6ZDNBt6Ys1sD	Yandel	2016-02-19	1	1.0
1vyhD5VmyZ7KMfW5gqLgo5	J Balvin	1pgDilWYDWLoOgGjf1iHNu	Zion	2016-02-19	1	1.0
1vyhD5VmyZ7KMfW5gqLgo5	J Balvin	4IMAo2UQchVFyPH24PAjUs	Jowell & Randy	2016-06-10	1	1.0
1vyhD5VmyZ7KMfW5gqLgo5	J Balvin	7FNnA9vBm6EKceENgCGRMb	Anitta	2016-06-24	1	1.0
1vyhD5VmyZ7KMfW5gqLgo5	J Balvin	6veh5zbFpm31XsPdjBgPER	BIA	2016-06-24	1	1.0
1vyhD5VmyZ7KMfW5gqLgo5	J Balvin	4VMYDCV2IEDYJArk749S6m	Daddy Yankee	2016-06-24	1	1.0
1vyhD5VmyZ7KMfW5gqLgo5	J Balvin	2RdwBSPQiwcmiDo9kixcl8	Pharrell Williams	2016-06-24	1	1.0
1vyhD5VmyZ7KMfW5gqLgo5	J Balvin	4nkGTHzKGUsL7WjpaKLEDm	Sky	2016-06-24	1	1.0
1vyhD5VmyZ7KMfW5gqLgo5	J Balvin	0eHQ9o50hj6ZDNBt6Ys1sD	Yandel	2016-06-24	1	1.0
1vyhD5VmyZ7KMfW5gqLgo5	J Balvin	6veh5zbFpm31XsPdjBgPER	BIA	2017-02-24	1	1.0
1vyhD5VmyZ7KMfW5gqLgo5	J Balvin	2RdwBSPQiwcmiDo9kixcl8	Pharrell Williams	2017-02-24	1	1.0
1vyhD5VmyZ7KMfW5gqLgo5	J Balvin	4nkGTHzKGUsL7WjpaKLEDm	Sky	2017-02-24	1	1.0
1vyhD5VmyZ7KMfW5gqLgo5	J Balvin	4q3ewBCX7sLwd24euuV69X	Bad Bunny	2017-03-03	1	1.0
1vyhD5VmyZ7KMfW5gqLgo5	J Balvin	4nDoRrQiYLoBzwC5BhVJzF	Camila Cabello	2017-04-07	1	1.0
1vyhD5VmyZ7KMfW5gqLgo5	J Balvin	0TnOYISbd1XYRBk9myaseg	Pitbull	2017-04-07	1	1.0
1vyhD5VmyZ7KMfW5gqLgo5	J Balvin	4nDoRrQiYLoBzwC5BhVJzF	Camila Cabello	2017-04-14	1	1.0
1vyhD5VmyZ7KMfW5gqLgo5	J Balvin	0TnOYISbd1XYRBk9myaseg	Pitbull	2017-04-14	1	1.0
1vyhD5VmyZ7KMfW5gqLgo5	J Balvin	4JprKwueQv8ws3n7N8BLVC	SOLANO	2017-05-05	1	1.0
1vyhD5VmyZ7KMfW5gqLgo5	J Balvin	4q3ewBCX7sLwd24euuV69X	Bad Bunny	2017-06-02	1	1.0
1vyhD5VmyZ7KMfW5gqLgo5	J Balvin	4IMAo2UQchVFyPH24PAjUs	Jowell & Randy	2017-06-02	1	1.0
1vyhD5VmyZ7KMfW5gqLgo5	J Balvin	4RSyJzf7ef6Iu2rnLdabNq	Willy William	2017-06-30	1	1.0
1vyhD5VmyZ7KMfW5gqLgo5	J Balvin	4IMAo2UQchVFyPH24PAjUs	Jowell & Randy	2017-07-28	1	1.0
1vyhD5VmyZ7KMfW5gqLgo5	J Balvin	6vWDO969PvNqNYHIOW5v0m	Beyoncé	2017-09-28	1	1.0
1vyhD5VmyZ7KMfW5gqLgo5	J Balvin	4RSyJzf7ef6Iu2rnLdabNq	Willy William	2017-09-28	1	1.0
1vyhD5VmyZ7KMfW5gqLgo5	J Balvin	6veh5zbFpm31XsPdjBgPER	BIA	2017-10-06	1	1.0
1vyhD5VmyZ7KMfW5gqLgo5	J Balvin	4VMYDCV2IEDYJArk749S6m	Daddy Yankee	2017-10-06	1	1.0
1vyhD5VmyZ7KMfW5gqLgo5	J Balvin	2RdwBSPQiwcmiDo9kixcl8	Pharrell Williams	2017-10-06	1	1.0
1vyhD5VmyZ7KMfW5gqLgo5	J Balvin	4nkGTHzKGUsL7WjpaKLEDm	Sky	2017-10-06	1	1.0
1vyhD5VmyZ7KMfW5gqLgo5	J Balvin	0eHQ9o50hj6ZDNBt6Ys1sD	Yandel	2017-10-06	1	1.0
1vyhD5VmyZ7KMfW5gqLgo5	J Balvin	4AVFqumd2ogHFlRbKIjp1t	Alesso	2017-10-20	1	1.0
1vyhD5VmyZ7KMfW5gqLgo5	J Balvin	4Wjf8diP59VmPG7fi4y724	Cedric Gervais	2017-10-20	1	1.0
1vyhD5VmyZ7KMfW5gqLgo5	J Balvin	5R3Hr2cnCCjt220Jmt2xLf	Dillon Francis	2017-10-20	1	1.0
1vyhD5VmyZ7KMfW5gqLgo5	J Balvin	3nALc9PyUfe6CO3EY9bNhH	Henry Fong	2017-10-20	1	1.0
1vyhD5VmyZ7KMfW5gqLgo5	J Balvin	77AiFEVeAVj2ORpC85QVJs	Steve Aoki	2017-10-20	1	1.0
1vyhD5VmyZ7KMfW5gqLgo5	J Balvin	7kABWMhjA5GIl9PBEasBPt	Sunnery James & Ryan Marciano	2017-10-20	1	1.0
1vyhD5VmyZ7KMfW5gqLgo5	J Balvin	4RSyJzf7ef6Iu2rnLdabNq	Willy William	2017-10-20	6	7.428571428571429
1vyhD5VmyZ7KMfW5gqLgo5	J Balvin	0LIl9fjMPEZp8UDiL8Yuo4	4B	2017-11-03	1	1.0
1vyhD5VmyZ7KMfW5gqLgo5	J Balvin	7oNtf1MwhHcyXRsYXE1WsG	Aazar	2017-11-03	1	1.0
1vyhD5VmyZ7KMfW5gqLgo5	J Balvin	0zpB6hHRw9lCMSRTf3l7hE	Busta K	2017-11-03	1	1.0
1vyhD5VmyZ7KMfW5gqLgo5	J Balvin	25zPr5malvJ4FznDZUVo1a	F4ST	2017-11-03	1	1.0
1vyhD5VmyZ7KMfW5gqLgo5	J Balvin	6BrvowZBreEkXzJQMpL174	Hardwell	2017-11-03	1	1.0
1vyhD5VmyZ7KMfW5gqLgo5	J Balvin	5PlfkPxwCpRRWQJBxCa0By	HUGEL	2017-11-03	1	1.0
1vyhD5VmyZ7KMfW5gqLgo5	J Balvin	1rVo9h17cHhWerDiZj0yXH	MOSKA	2017-11-03	1	1.0
1vyhD5VmyZ7KMfW5gqLgo5	J Balvin	1V3VTM7VspiQjcmRhC010n	Quintino	2017-11-03	1	1.0
1vyhD5VmyZ7KMfW5gqLgo5	J Balvin	2kOMJsJc6Ai550awSlkfOS	Velza & Loudness	2017-11-03	1	1.0
1vyhD5VmyZ7KMfW5gqLgo5	J Balvin	4RSyJzf7ef6Iu2rnLdabNq	Willy William	2017-11-03	8	10.0
1vyhD5VmyZ7KMfW5gqLgo5	J Balvin	329e4yvIujISKGKz1BZZbO	Farruko	2017-11-17	1	1.0
1vyhD5VmyZ7KMfW5gqLgo5	J Balvin	4q3ewBCX7sLwd24euuV69X	Bad Bunny	2017-12-15	1	1.0
1vyhD5VmyZ7KMfW5gqLgo5	J Balvin	4IMAo2UQchVFyPH24PAjUs	Jowell & Randy	2017-12-15	1	1.0
1vyhD5VmyZ7KMfW5gqLgo5	J Balvin	4IMAo2UQchVFyPH24PAjUs	Jowell & Randy	2017-12-22	1	1.0
1vyhD5VmyZ7KMfW5gqLgo5	J Balvin	1SupJlEpv7RS2tPNRaHViT	Nicky Jam	2017-12-22	1	1.0
1vyhD5VmyZ7KMfW5gqLgo5	J Balvin	1i8SpTcr7yvPOmcqrbnVXY	Ozuna	2017-12-22	1	1.0
1vyhD5VmyZ7KMfW5gqLgo5	J Balvin	3E6xrwgnVfYCrCs0ePERDz	Wisin	2017-12-22	1	1.0
1vyhD5VmyZ7KMfW5gqLgo5	J Balvin	0eHQ9o50hj6ZDNBt6Ys1sD	Yandel	2017-12-22	1	1.0
1vyhD5VmyZ7KMfW5gqLgo5	J Balvin	7FNnA9vBm6EKceENgCGRMb	Anitta	2018-01-19	1	1.0
1vyhD5VmyZ7KMfW5gqLgo5	J Balvin	3ECsaSd1fom8coUUkkFzqt	Jeon	2018-01-19	1	1.0
1vyhD5VmyZ7KMfW5gqLgo5	J Balvin	2RdwBSPQiwcmiDo9kixcl8	Pharrell Williams	2018-03-16	1	1.0
1vyhD5VmyZ7KMfW5gqLgo5	J Balvin	7hCaz22W6seMspHOPDJe9r	Sky	2018-03-16	1	1.0
1vyhD5VmyZ7KMfW5gqLgo5	J Balvin	07ulsjcPWl0reEVAWYsutX	ＢＩＡ	2018-03-16	1	1.0
1vyhD5VmyZ7KMfW5gqLgo5	J Balvin	7FNnA9vBm6EKceENgCGRMb	Anitta	2018-03-23	3	3.571428571428571
1vyhD5VmyZ7KMfW5gqLgo5	J Balvin	3ECsaSd1fom8coUUkkFzqt	Jeon	2018-03-23	3	3.571428571428571
1vyhD5VmyZ7KMfW5gqLgo5	J Balvin	7FNnA9vBm6EKceENgCGRMb	Anitta	2018-03-30	1	1.0
1vyhD5VmyZ7KMfW5gqLgo5	J Balvin	5R3Hr2cnCCjt220Jmt2xLf	Dillon Francis	2018-03-30	1	1.0
1vyhD5VmyZ7KMfW5gqLgo5	J Balvin	3ECsaSd1fom8coUUkkFzqt	Jeon	2018-03-30	1	1.0
1vyhD5VmyZ7KMfW5gqLgo5	J Balvin	4IMAo2UQchVFyPH24PAjUs	Jowell & Randy	2018-04-06	1	1.0
1vyhD5VmyZ7KMfW5gqLgo5	J Balvin	4RSyJzf7ef6Iu2rnLdabNq	Willy William	2018-04-06	1	1.0
1vyhD5VmyZ7KMfW5gqLgo5	J Balvin	7FNnA9vBm6EKceENgCGRMb	Anitta	2018-04-13	1	1.0
1vyhD5VmyZ7KMfW5gqLgo5	J Balvin	3ECsaSd1fom8coUUkkFzqt	Jeon	2018-04-13	1	1.0
1vyhD5VmyZ7KMfW5gqLgo5	J Balvin	1HcAkAeL4xf02wzAnl7mIV	Michael Brun	2018-04-30	1	1.0
1vyhD5VmyZ7KMfW5gqLgo5	J Balvin	4q3ewBCX7sLwd24euuV69X	Bad Bunny	2018-05-11	1	1.0
1vyhD5VmyZ7KMfW5gqLgo5	J Balvin	6veh5zbFpm31XsPdjBgPER	BIA	2018-05-11	1	1.0
1vyhD5VmyZ7KMfW5gqLgo5	J Balvin	2RdwBSPQiwcmiDo9kixcl8	Pharrell Williams	2018-05-11	1	1.0
1vyhD5VmyZ7KMfW5gqLgo5	J Balvin	7hCaz22W6seMspHOPDJe9r	Sky	2018-05-11	1	1.0
1vyhD5VmyZ7KMfW5gqLgo5	J Balvin	21451j1KhjAiaYKflxBjr1	Zion & Lennox	2018-05-11	1	1.0
1vyhD5VmyZ7KMfW5gqLgo5	J Balvin	7FNnA9vBm6EKceENgCGRMb	Anitta	2018-05-25	1	1.0
1vyhD5VmyZ7KMfW5gqLgo5	J Balvin	0XK6kT7xcZAlcYrNjOgzJe	Carla Morrison	2018-05-25	1	1.0
1vyhD5VmyZ7KMfW5gqLgo5	J Balvin	3ECsaSd1fom8coUUkkFzqt	Jeon	2018-05-25	1	1.0
1vyhD5VmyZ7KMfW5gqLgo5	J Balvin	7ltDVBr6mKbRvohxheJ9h1	ROSALÍA	2018-05-25	1	1.0
1vyhD5VmyZ7KMfW5gqLgo5	J Balvin	4RSyJzf7ef6Iu2rnLdabNq	Willy William	2018-05-25	1	1.0
1vyhD5VmyZ7KMfW5gqLgo5	J Balvin	3E6xrwgnVfYCrCs0ePERDz	Wisin	2018-05-25	1	1.0
1vyhD5VmyZ7KMfW5gqLgo5	J Balvin	0eHQ9o50hj6ZDNBt6Ys1sD	Yandel	2018-05-25	1	1.0
1vyhD5VmyZ7KMfW5gqLgo5	J Balvin	21451j1KhjAiaYKflxBjr1	Zion & Lennox	2018-05-25	1	1.0
1vyhD5VmyZ7KMfW5gqLgo5	J Balvin	7FNnA9vBm6EKceENgCGRMb	Anitta	2018-05-31	1	1.0
1vyhD5VmyZ7KMfW5gqLgo5	J Balvin	1bAftSH8umNcGZ0uyV7LMg	Duki	2018-05-31	1	1.0
1vyhD5VmyZ7KMfW5gqLgo5	J Balvin	02kJSzxNuaWGqwubyUba0Z	G-Eazy	2018-05-31	1	1.0
1vyhD5VmyZ7KMfW5gqLgo5	J Balvin	3ECsaSd1fom8coUUkkFzqt	Jeon	2018-05-31	1	1.0
1vyhD5VmyZ7KMfW5gqLgo5	J Balvin	2W6kbe0nm96COrHzNmfLLd	MC Fioti	2018-05-31	1	1.0
1vyhD5VmyZ7KMfW5gqLgo5	J Balvin	23TFHmajVfBtlRx5MXqgoz	Sfera Ebbasta	2018-05-31	1	1.0
1vyhD5VmyZ7KMfW5gqLgo5	J Balvin	1HcAkAeL4xf02wzAnl7mIV	Michael Brun	2018-07-27	1	1.0
1vyhD5VmyZ7KMfW5gqLgo5	J Balvin	4IMAo2UQchVFyPH24PAjUs	Jowell & Randy	2018-08-24	1	1.0
1vyhD5VmyZ7KMfW5gqLgo5	J Balvin	1HcAkAeL4xf02wzAnl7mIV	Michael Brun	2018-08-24	1	1.0
1vyhD5VmyZ7KMfW5gqLgo5	J Balvin	21451j1KhjAiaYKflxBjr1	Zion & Lennox	2018-08-24	1	1.0
