ego_label	ego_name	artist_label	artist_name	release_date	total	total_scalled
07YUOmWljBTXwIseAUd9TW	Sebastian Yatra	2DP9xStkVVv753RBiEHXQB	Alkilados	2015-04-01	1	1.0
07YUOmWljBTXwIseAUd9TW	Sebastian Yatra	2LRoIwlKmHjgvigdNGBHNo	Feid	2016-05-24	2	5.5
07YUOmWljBTXwIseAUd9TW	Sebastian Yatra	790FomKkXshlbRYZFtlgla	Karol G	2016-05-24	2	5.5
07YUOmWljBTXwIseAUd9TW	Sebastian Yatra	6tYuW96NhiYI3sAxEDsqK4	Pasabordo	2016-05-24	2	5.5
07YUOmWljBTXwIseAUd9TW	Sebastian Yatra	2DP9xStkVVv753RBiEHXQB	Alkilados	2016-10-07	1	1.0
07YUOmWljBTXwIseAUd9TW	Sebastian Yatra	0kPA7qoAAkI8id1ARXhh5n	Martina La Peligrosa	2016-10-07	1	1.0
07YUOmWljBTXwIseAUd9TW	Sebastian Yatra	3PAwspMN27PDm81WwXDsMf	Reykon	2016-10-07	1	1.0
07YUOmWljBTXwIseAUd9TW	Sebastian Yatra	5DUlefCLzVRzNWaNURTFpK	Cali Y El Dandee	2016-12-09	1	1.0
07YUOmWljBTXwIseAUd9TW	Sebastian Yatra	00me4Ke1LsvMxt5kydlMyU	Cosculluela	2016-12-09	1	1.0
07YUOmWljBTXwIseAUd9TW	Sebastian Yatra	2ayNSoKPCRAfjp6hQ76hRu	Nacho	2017-02-10	1	1.0
07YUOmWljBTXwIseAUd9TW	Sebastian Yatra	3E6xrwgnVfYCrCs0ePERDz	Wisin	2017-02-10	1	1.0
07YUOmWljBTXwIseAUd9TW	Sebastian Yatra	5DUlefCLzVRzNWaNURTFpK	Cali Y El Dandee	2017-05-26	1	1.0
07YUOmWljBTXwIseAUd9TW	Sebastian Yatra	00me4Ke1LsvMxt5kydlMyU	Cosculluela	2017-05-26	1	1.0
07YUOmWljBTXwIseAUd9TW	Sebastian Yatra	2ayNSoKPCRAfjp6hQ76hRu	Nacho	2017-05-26	1	1.0
07YUOmWljBTXwIseAUd9TW	Sebastian Yatra	3E6xrwgnVfYCrCs0ePERDz	Wisin	2017-05-26	1	1.0
07YUOmWljBTXwIseAUd9TW	Sebastian Yatra	2ayNSoKPCRAfjp6hQ76hRu	Nacho	2017-06-02	1	1.0
07YUOmWljBTXwIseAUd9TW	Sebastian Yatra	3E6xrwgnVfYCrCs0ePERDz	Wisin	2017-06-02	1	1.0
07YUOmWljBTXwIseAUd9TW	Sebastian Yatra	2ayNSoKPCRAfjp6hQ76hRu	Nacho	2017-07-28	1	1.0
07YUOmWljBTXwIseAUd9TW	Sebastian Yatra	3E6xrwgnVfYCrCs0ePERDz	Wisin	2017-07-28	1	1.0
07YUOmWljBTXwIseAUd9TW	Sebastian Yatra	3jGlU8UMMo44I2xeLQ6FD3	Dalmata	2017-10-13	1	1.0
07YUOmWljBTXwIseAUd9TW	Sebastian Yatra	2ayNSoKPCRAfjp6hQ76hRu	Nacho	2017-11-03	1	1.0
07YUOmWljBTXwIseAUd9TW	Sebastian Yatra	3E6xrwgnVfYCrCs0ePERDz	Wisin	2017-11-03	1	1.0
07YUOmWljBTXwIseAUd9TW	Sebastian Yatra	2XRVqqdNOt779uXNFA1Fhv	Alexis Play	2017-12-06	1	1.0
07YUOmWljBTXwIseAUd9TW	Sebastian Yatra	3aeY1LxKK63GRg7tmI8UVa	Herencia de Timbiqui	2017-12-06	1	1.0
07YUOmWljBTXwIseAUd9TW	Sebastian Yatra	1IKP8dm7pmlkZS4V4MzKkI	Maía	2017-12-06	1	1.0
07YUOmWljBTXwIseAUd9TW	Sebastian Yatra	0kPA7qoAAkI8id1ARXhh5n	Martina La Peligrosa	2017-12-06	1	1.0
07YUOmWljBTXwIseAUd9TW	Sebastian Yatra	4bw2Am3p9ji3mYsXNXtQcd	Piso 21	2017-12-06	1	1.0
07YUOmWljBTXwIseAUd9TW	Sebastian Yatra	3jGlU8UMMo44I2xeLQ6FD3	Dalmata	2017-12-15	1	1.0
07YUOmWljBTXwIseAUd9TW	Sebastian Yatra	2ayNSoKPCRAfjp6hQ76hRu	Nacho	2017-12-15	1	1.0
07YUOmWljBTXwIseAUd9TW	Sebastian Yatra	3E6xrwgnVfYCrCs0ePERDz	Wisin	2017-12-15	1	1.0
07YUOmWljBTXwIseAUd9TW	Sebastian Yatra	2XRVqqdNOt779uXNFA1Fhv	Alexis Play	2018-01-12	3	10.0
07YUOmWljBTXwIseAUd9TW	Sebastian Yatra	3aeY1LxKK63GRg7tmI8UVa	Herencia de Timbiqui	2018-01-12	3	10.0
07YUOmWljBTXwIseAUd9TW	Sebastian Yatra	1IKP8dm7pmlkZS4V4MzKkI	Maía	2018-01-12	3	10.0
07YUOmWljBTXwIseAUd9TW	Sebastian Yatra	0kPA7qoAAkI8id1ARXhh5n	Martina La Peligrosa	2018-01-12	3	10.0
07YUOmWljBTXwIseAUd9TW	Sebastian Yatra	4bw2Am3p9ji3mYsXNXtQcd	Piso 21	2018-01-12	3	10.0
07YUOmWljBTXwIseAUd9TW	Sebastian Yatra	1jSjfSgDjedJdi5MoyRu78	Lary Over	2018-03-30	1	1.0
07YUOmWljBTXwIseAUd9TW	Sebastian Yatra	7waNCUQ1Ne7OoNHgqpgMZ7	Luis Figueroa	2018-03-30	1	1.0
07YUOmWljBTXwIseAUd9TW	Sebastian Yatra	3jGlU8UMMo44I2xeLQ6FD3	Dalmata	2018-04-06	1	1.0
07YUOmWljBTXwIseAUd9TW	Sebastian Yatra	3jGlU8UMMo44I2xeLQ6FD3	Dalmata	2018-04-13	1	1.0
07YUOmWljBTXwIseAUd9TW	Sebastian Yatra	58XX830AG7eO98Od1VXwC8	Cali	2018-05-18	1	1.0
07YUOmWljBTXwIseAUd9TW	Sebastian Yatra	5DUlefCLzVRzNWaNURTFpK	Cali Y El Dandee	2018-05-18	1	1.0
07YUOmWljBTXwIseAUd9TW	Sebastian Yatra	00me4Ke1LsvMxt5kydlMyU	Cosculluela	2018-05-18	1	1.0
07YUOmWljBTXwIseAUd9TW	Sebastian Yatra	3jGlU8UMMo44I2xeLQ6FD3	Dalmata	2018-05-18	1	1.0
07YUOmWljBTXwIseAUd9TW	Sebastian Yatra	1jSjfSgDjedJdi5MoyRu78	Lary Over	2018-05-18	1	1.0
07YUOmWljBTXwIseAUd9TW	Sebastian Yatra	7waNCUQ1Ne7OoNHgqpgMZ7	Luis Figueroa	2018-05-18	1	1.0
07YUOmWljBTXwIseAUd9TW	Sebastian Yatra	2ayNSoKPCRAfjp6hQ76hRu	Nacho	2018-05-18	1	1.0
07YUOmWljBTXwIseAUd9TW	Sebastian Yatra	3E6xrwgnVfYCrCs0ePERDz	Wisin	2018-05-18	1	1.0
07YUOmWljBTXwIseAUd9TW	Sebastian Yatra	46raDS1b8UQX07aw0fWImN	Isabela Moner	2018-07-27	1	1.0
07YUOmWljBTXwIseAUd9TW	Sebastian Yatra	2wkoKEfS6dXwThbyTnZWFU	Mau y Ricky	2018-08-10	1	1.0
07YUOmWljBTXwIseAUd9TW	Sebastian Yatra	3jGlU8UMMo44I2xeLQ6FD3	Dalmata	2018-08-24	1	1.0
07YUOmWljBTXwIseAUd9TW	Sebastian Yatra	0ZHPrnImGh4re3TbSNkoZl	Beret	2018-09-28	1	1.0
07YUOmWljBTXwIseAUd9TW	Sebastian Yatra	329e4yvIujISKGKz1BZZbO	Farruko	2018-11-23	1	1.0
07YUOmWljBTXwIseAUd9TW	Sebastian Yatra	2wkoKEfS6dXwThbyTnZWFU	Mau y Ricky	2018-11-23	1	1.0
07YUOmWljBTXwIseAUd9TW	Sebastian Yatra	4h6Eg0dBZ4Fr8vRcSn8r5r	Sharo Towers	2018-11-23	1	1.0
07YUOmWljBTXwIseAUd9TW	Sebastian Yatra	6igd1VAlbbrTDCMFLXfcwy	Argüello	2018-12-14	1	1.0
07YUOmWljBTXwIseAUd9TW	Sebastian Yatra	4CXF2AwK6JGcd9y9Yri4hf	Mik Mish	2018-12-14	1	1.0
