ego_label	ego_name	artist_label	artist_name	release_date	total	total_scalled
7dGJo4pcD2V6oG8kP0tJRR	Eminem	0NHHBPPF40cVfX9u3ANdm1	Aristotle	1999-02-23	1	1.0
7dGJo4pcD2V6oG8kP0tJRR	Eminem	6DPYiyq5kWVQS4RGwxzPC7	Dr. Dre	1999-02-23	1	1.0
7dGJo4pcD2V6oG8kP0tJRR	Eminem	29LUur2mpi5s0OdMueyuvO	Jeff Bass	1999-02-23	2	2.0
7dGJo4pcD2V6oG8kP0tJRR	Eminem	3VWX9qiAkIUd4vrUK0Q2LU	Mark Bass	1999-02-23	2	2.0
7dGJo4pcD2V6oG8kP0tJRR	Eminem	4tNFRvXj9S5Ie2j56G1zsW	Paul "Bunyan" Rosenburg	1999-02-23	1	1.0
7dGJo4pcD2V6oG8kP0tJRR	Eminem	6DVipHzYsPlIoA0DW8Gmns	Royce Da 5"9"	1999-02-23	2	2.0
7dGJo4pcD2V6oG8kP0tJRR	Eminem	1Y4xUiE2JutzTNXVTypyWQ	Zoe Winkler	1999-02-23	1	1.0
7dGJo4pcD2V6oG8kP0tJRR	Eminem	2TSvMFHlguDI495vujOAys	Bizarre	2000-05-23	2	2.0
7dGJo4pcD2V6oG8kP0tJRR	Eminem	5Qi4Bb7a8C0a00NZcA77L0	D12	2000-05-23	2	2.0
7dGJo4pcD2V6oG8kP0tJRR	Eminem	2mpeljBig2IXLXRAFO9AAs	Dido	2000-05-23	2	2.0
7dGJo4pcD2V6oG8kP0tJRR	Eminem	6DPYiyq5kWVQS4RGwxzPC7	Dr. Dre	2000-05-23	2	2.0
7dGJo4pcD2V6oG8kP0tJRR	Eminem	1Oa0bMld0A3u5OTYfMzp5h	Nate Dogg	2000-05-23	2	2.0
7dGJo4pcD2V6oG8kP0tJRR	Eminem	7uNtuhVl0QBCpOBG6WB4UE	RBX	2000-05-23	2	2.0
7dGJo4pcD2V6oG8kP0tJRR	Eminem	7hJcb9fa4alzcOq3EaNPoG	Snoop Dogg	2000-05-23	2	2.0
7dGJo4pcD2V6oG8kP0tJRR	Eminem	4XJl0Ba9LUbTemYMEYw794	Steve Berman	2000-05-23	2	2.0
7dGJo4pcD2V6oG8kP0tJRR	Eminem	6NFWb2y6S7PH2yvs5xbO2y	Sticky Fingaz	2000-05-23	2	2.0
7dGJo4pcD2V6oG8kP0tJRR	Eminem	4tujQJicOnuZRLiBFdp3Ou	Xzibit	2000-05-23	2	2.0
7dGJo4pcD2V6oG8kP0tJRR	Eminem	5Qi4Bb7a8C0a00NZcA77L0	D12	2002-05-26	1	1.0
7dGJo4pcD2V6oG8kP0tJRR	Eminem	5jNmxPYz8QE5rYp4GDil8t	Dina Rae	2002-05-26	1	1.0
7dGJo4pcD2V6oG8kP0tJRR	Eminem	6DPYiyq5kWVQS4RGwxzPC7	Dr. Dre	2002-05-26	1	1.0
7dGJo4pcD2V6oG8kP0tJRR	Eminem	4BmYRs3xOI8V1WCPDfxhQo	Hailie Jade	2002-05-26	1	1.0
7dGJo4pcD2V6oG8kP0tJRR	Eminem	1Oa0bMld0A3u5OTYfMzp5h	Nate Dogg	2002-05-26	1	1.0
7dGJo4pcD2V6oG8kP0tJRR	Eminem	2XnnxQzxFZG8qEPjakokPM	Obie Trice	2002-05-26	1	1.0
7dGJo4pcD2V6oG8kP0tJRR	Eminem	1HwM5zlC5qNWhJtM00yXzG	DMX	2003-01-01	1	1.0
7dGJo4pcD2V6oG8kP0tJRR	Eminem	2XnnxQzxFZG8qEPjakokPM	Obie Trice	2003-01-01	1	1.0
7dGJo4pcD2V6oG8kP0tJRR	Eminem	3q7HBObVc0L8jNeTe5Gofh	50 Cent	2004-11-12	10	10.0
7dGJo4pcD2V6oG8kP0tJRR	Eminem	5Qi4Bb7a8C0a00NZcA77L0	D12	2004-11-12	4	4.0
7dGJo4pcD2V6oG8kP0tJRR	Eminem	6DPYiyq5kWVQS4RGwxzPC7	Dr. Dre	2004-11-12	2	2.0
7dGJo4pcD2V6oG8kP0tJRR	Eminem	1Oa0bMld0A3u5OTYfMzp5h	Nate Dogg	2004-11-12	4	4.0
7dGJo4pcD2V6oG8kP0tJRR	Eminem	2XnnxQzxFZG8qEPjakokPM	Obie Trice	2004-11-12	4	4.0
7dGJo4pcD2V6oG8kP0tJRR	Eminem	6Oesi698iJRUaBeT82zckf	Stat Quo	2004-11-12	4	4.0
7dGJo4pcD2V6oG8kP0tJRR	Eminem	3q7HBObVc0L8jNeTe5Gofh	50 Cent	2005-04-25	1	1.0
7dGJo4pcD2V6oG8kP0tJRR	Eminem	6DPYiyq5kWVQS4RGwxzPC7	Dr. Dre	2005-04-25	1	1.0
7dGJo4pcD2V6oG8kP0tJRR	Eminem	2mpeljBig2IXLXRAFO9AAs	Dido	2005-12-06	2	2.0
7dGJo4pcD2V6oG8kP0tJRR	Eminem	6DPYiyq5kWVQS4RGwxzPC7	Dr. Dre	2005-12-06	2	2.0
7dGJo4pcD2V6oG8kP0tJRR	Eminem	3PhoLpVuITZKcymswpck5b	Elton John	2005-12-06	2	2.0
7dGJo4pcD2V6oG8kP0tJRR	Eminem	1Oa0bMld0A3u5OTYfMzp5h	Nate Dogg	2005-12-06	2	2.0
7dGJo4pcD2V6oG8kP0tJRR	Eminem	1Oa0bMld0A3u5OTYfMzp5h	Nate Dogg	2006-01-01	1	1.0
7dGJo4pcD2V6oG8kP0tJRR	Eminem	1Oa0bMld0A3u5OTYfMzp5h	Nate Dogg	2006-01-17	1	1.0
7dGJo4pcD2V6oG8kP0tJRR	Eminem	3q7HBObVc0L8jNeTe5Gofh	50 Cent	2006-12-04	3	3.0
7dGJo4pcD2V6oG8kP0tJRR	Eminem	0adMhStQvE8H1B0IS45CJX	Bobby Creekwater	2006-12-04	1	1.0
7dGJo4pcD2V6oG8kP0tJRR	Eminem	3PDMMt0Ip2WHysoAOEAdBq	Ca$his	2006-12-04	2	2.0
7dGJo4pcD2V6oG8kP0tJRR	Eminem	3vDUJHQtqT3jFRZ2ECXDTi	Lloyd Banks	2006-12-04	1	1.0
7dGJo4pcD2V6oG8kP0tJRR	Eminem	2XnnxQzxFZG8qEPjakokPM	Obie Trice	2006-12-04	1	1.0
7dGJo4pcD2V6oG8kP0tJRR	Eminem	6Oesi698iJRUaBeT82zckf	Stat Quo	2006-12-04	1	1.0
7dGJo4pcD2V6oG8kP0tJRR	Eminem	6DPYiyq5kWVQS4RGwxzPC7	Dr. Dre	2007-01-01	1	1.0
7dGJo4pcD2V6oG8kP0tJRR	Eminem	3q7HBObVc0L8jNeTe5Gofh	50 Cent	2009-05-15	3	3.0
7dGJo4pcD2V6oG8kP0tJRR	Eminem	6DPYiyq5kWVQS4RGwxzPC7	Dr. Dre	2009-05-15	7	7.0
7dGJo4pcD2V6oG8kP0tJRR	Eminem	0JvIgRftY6CoKCwDpgZ4I1	Kobe Honeycutt	2010-06-18	1	1.0
7dGJo4pcD2V6oG8kP0tJRR	Eminem	55Aa2cqylxrFIXC767Z865	Lil Wayne	2010-06-18	1	1.0
7dGJo4pcD2V6oG8kP0tJRR	Eminem	1KCSPY1glIKqW2TotWuXOR	P!nk	2010-06-18	1	1.0
7dGJo4pcD2V6oG8kP0tJRR	Eminem	5pKCCKE2ajJHZ9KAiaK11H	Rihanna	2010-06-18	1	1.0
7dGJo4pcD2V6oG8kP0tJRR	Eminem	6DVipHzYsPlIoA0DW8Gmns	Royce Da 5"9"	2011-03-29	1	1.0
7dGJo4pcD2V6oG8kP0tJRR	Eminem	6DVipHzYsPlIoA0DW8Gmns	Royce Da 5"9"	2011-04-20	1	1.0
7dGJo4pcD2V6oG8kP0tJRR	Eminem	1Oa0bMld0A3u5OTYfMzp5h	Nate Dogg	2012-10-01	1	1.0
7dGJo4pcD2V6oG8kP0tJRR	Eminem	2FsZnS8gQ8jG1HGnPYNlm9	Jamie N Commons	2013-11-05	1	1.0
7dGJo4pcD2V6oG8kP0tJRR	Eminem	2YZyLoL8N0Wb9xBt1NhZWg	Kendrick Lamar	2013-11-05	2	2.0
7dGJo4pcD2V6oG8kP0tJRR	Eminem	1qUjOF5fzrpoNycD36b2jZ	Nate Ruess	2013-11-05	2	2.0
7dGJo4pcD2V6oG8kP0tJRR	Eminem	5pKCCKE2ajJHZ9KAiaK11H	Rihanna	2013-11-05	2	2.0
7dGJo4pcD2V6oG8kP0tJRR	Eminem	5WUlDfRSoLAfcVSX1WnrxN	Sia	2013-11-05	1	1.0
7dGJo4pcD2V6oG8kP0tJRR	Eminem	4utLUGcTvOJFr6aqIJtYWV	Skylar Grey	2013-11-05	2	2.0
7dGJo4pcD2V6oG8kP0tJRR	Eminem	3q7HBObVc0L8jNeTe5Gofh	50 Cent	2014-11-24	1	1.0
7dGJo4pcD2V6oG8kP0tJRR	Eminem	0c173mlxpT3dSFRgMO8XPh	Big Sean	2014-11-24	1	1.0
7dGJo4pcD2V6oG8kP0tJRR	Eminem	3PDMMt0Ip2WHysoAOEAdBq	Ca$his	2014-11-24	1	1.0
7dGJo4pcD2V6oG8kP0tJRR	Eminem	7aA592KWirLsnfb5ulGWvU	Danny Brown	2014-11-24	1	1.0
7dGJo4pcD2V6oG8kP0tJRR	Eminem	7kFfY4UjNdNyaeUgLIEbIF	DeJ Loaf	2014-11-24	1	1.0
7dGJo4pcD2V6oG8kP0tJRR	Eminem	6Szl9vNr16zElxNyPUaYU7	Kobe	2014-11-24	1	1.0
7dGJo4pcD2V6oG8kP0tJRR	Eminem	3vDUJHQtqT3jFRZ2ECXDTi	Lloyd Banks	2014-11-24	1	1.0
7dGJo4pcD2V6oG8kP0tJRR	Eminem	6DVipHzYsPlIoA0DW8Gmns	Royce Da 5"9"	2014-11-24	1	1.0
7dGJo4pcD2V6oG8kP0tJRR	Eminem	5WUlDfRSoLAfcVSX1WnrxN	Sia	2014-11-24	1	1.0
7dGJo4pcD2V6oG8kP0tJRR	Eminem	7tT5h21rKj9yFfQuqBYLqT	Trick Trick	2014-11-24	1	1.0
7dGJo4pcD2V6oG8kP0tJRR	Eminem	4yiQZ8tQPux8cPriYMWUFP	Gwen Stefani	2015-07-24	1	1.0
7dGJo4pcD2V6oG8kP0tJRR	Eminem	3DiDSECUqqY1AuBP8qtaIa	Alicia Keys	2017-12-15	2	2.0
7dGJo4pcD2V6oG8kP0tJRR	Eminem	6vWDO969PvNqNYHIOW5v0m	Beyoncé	2017-12-15	2	2.0
7dGJo4pcD2V6oG8kP0tJRR	Eminem	6eUKZXaKkcviH0Ku9w2n3V	Ed Sheeran	2017-12-15	2	2.0
7dGJo4pcD2V6oG8kP0tJRR	Eminem	0cGUm45nv7Z6M6qdXYQGTX	Kehlani	2017-12-15	2	2.0
7dGJo4pcD2V6oG8kP0tJRR	Eminem	1KCSPY1glIKqW2TotWuXOR	P!nk	2017-12-15	1	1.0
7dGJo4pcD2V6oG8kP0tJRR	Eminem	0FTrIsp2Mg7Bkf8eXQrISa	Phresher	2017-12-15	2	2.0
7dGJo4pcD2V6oG8kP0tJRR	Eminem	5psTfOBPmc8UquYcnS22KE	Pink	2017-12-15	1	1.0
7dGJo4pcD2V6oG8kP0tJRR	Eminem	4utLUGcTvOJFr6aqIJtYWV	Skylar Grey	2017-12-15	2	2.0
7dGJo4pcD2V6oG8kP0tJRR	Eminem	3NPpFNZtSTHheNBaWC82rB	X Ambassadors	2017-12-15	2	2.0
7dGJo4pcD2V6oG8kP0tJRR	Eminem	17lzZA2AlOHwCwFALHttmp	2 Chainz	2018-01-08	1	1.0
7dGJo4pcD2V6oG8kP0tJRR	Eminem	0FTrIsp2Mg7Bkf8eXQrISa	Phresher	2018-01-08	1	1.0
7dGJo4pcD2V6oG8kP0tJRR	Eminem	0cGUm45nv7Z6M6qdXYQGTX	Kehlani	2018-03-17	2	2.0
7dGJo4pcD2V6oG8kP0tJRR	Eminem	3KedxarmBCyFBevnqQHy3P	Jessie Reyez	2018-08-31	2	2.0
7dGJo4pcD2V6oG8kP0tJRR	Eminem	6C1ohJrd5VydigQtaGy5Wa	Joyner Lucas	2018-08-31	1	1.0
7dGJo4pcD2V6oG8kP0tJRR	Eminem	6DVipHzYsPlIoA0DW8Gmns	Royce Da 5"9"	2018-08-31	1	1.0
