ego_label	ego_name	artist_label	artist_name	release_date	total	total_scalled
7c0XG5cIJTrrAgEC3ULPiq	Ty Dolla $ign	137W8MRPWKqSmrBGDBFSop	Wiz Khalifa	2013-07-30	2	5.5
7c0XG5cIJTrrAgEC3ULPiq	Ty Dolla $ign	5ndkK3dpZLKtBklKjxNQwT	B.o.B	2013-09-10	1	1.0
7c0XG5cIJTrrAgEC3ULPiq	Ty Dolla $ign	3crnzLy8R4lVwaigKEOz7V	E-40	2014-01-07	1	1.0
7c0XG5cIJTrrAgEC3ULPiq	Ty Dolla $ign	5gCRApTajqwbnHHPbr2Fpi	Juicy J	2014-01-07	1	1.0
7c0XG5cIJTrrAgEC3ULPiq	Ty Dolla $ign	0YinUQ50QDB7ZxSCLyQ40k	Mustard	2014-01-07	1	1.0
7c0XG5cIJTrrAgEC3ULPiq	Ty Dolla $ign	137W8MRPWKqSmrBGDBFSop	Wiz Khalifa	2014-01-07	1	1.0
7c0XG5cIJTrrAgEC3ULPiq	Ty Dolla $ign	6vXTefBL93Dj5IqAWq6OTv	French Montana	2014-01-14	1	1.0
7c0XG5cIJTrrAgEC3ULPiq	Ty Dolla $ign	0YinUQ50QDB7ZxSCLyQ40k	Mustard	2014-01-14	1	1.0
7c0XG5cIJTrrAgEC3ULPiq	Ty Dolla $ign	2iojnBLj0qIMiKPvVhLnsH	Trey Songz	2014-01-14	1	1.0
7c0XG5cIJTrrAgEC3ULPiq	Ty Dolla $ign	5ndkK3dpZLKtBklKjxNQwT	B.o.B	2014-01-21	1	1.0
7c0XG5cIJTrrAgEC3ULPiq	Ty Dolla $ign	0lcJ0rnv51qnpYkAlvMCGE	Big TC	2014-01-21	1	1.0
7c0XG5cIJTrrAgEC3ULPiq	Ty Dolla $ign	0uFc6StTmJBvdHPZFDkdJy	Casey Veggies	2014-01-21	1	1.0
7c0XG5cIJTrrAgEC3ULPiq	Ty Dolla $ign	6I9TgZbapKRXsunA05fiPl	Fredo Santana	2014-01-21	1	1.0
7c0XG5cIJTrrAgEC3ULPiq	Ty Dolla $ign	6vXTefBL93Dj5IqAWq6OTv	French Montana	2014-01-21	1	1.0
7c0XG5cIJTrrAgEC3ULPiq	Ty Dolla $ign	28ExwzUQsvgJooOI0X1mr3	Jay Rock	2014-01-21	1	1.0
7c0XG5cIJTrrAgEC3ULPiq	Ty Dolla $ign	0YinUQ50QDB7ZxSCLyQ40k	Mustard	2014-01-21	2	5.5
7c0XG5cIJTrrAgEC3ULPiq	Ty Dolla $ign	1RvjIvawOPm3NLKlEV7ySj	Nate Poetics	2014-01-21	1	1.0
7c0XG5cIJTrrAgEC3ULPiq	Ty Dolla $ign	2lUV8y5WkVid02dgmgCQ9D	Pops	2014-01-21	1	1.0
7c0XG5cIJTrrAgEC3ULPiq	Ty Dolla $ign	0Y5tJX1MQlPlqiwlOH1tJY	Travis Scott	2014-01-21	1	1.0
7c0XG5cIJTrrAgEC3ULPiq	Ty Dolla $ign	2iojnBLj0qIMiKPvVhLnsH	Trey Songz	2014-01-21	1	1.0
7c0XG5cIJTrrAgEC3ULPiq	Ty Dolla $ign	6vbY3hOaCAhC7VjucswgdS	Twista	2014-01-21	1	1.0
7c0XG5cIJTrrAgEC3ULPiq	Ty Dolla $ign	137W8MRPWKqSmrBGDBFSop	Wiz Khalifa	2014-01-21	1	1.0
7c0XG5cIJTrrAgEC3ULPiq	Ty Dolla $ign	0YinUQ50QDB7ZxSCLyQ40k	Mustard	2014-06-10	1	1.0
7c0XG5cIJTrrAgEC3ULPiq	Ty Dolla $ign	1Xyo4u8uXC1ZmMpatF05PJ	The Weeknd	2014-06-10	1	1.0
7c0XG5cIJTrrAgEC3ULPiq	Ty Dolla $ign	137W8MRPWKqSmrBGDBFSop	Wiz Khalifa	2014-06-10	1	1.0
7c0XG5cIJTrrAgEC3ULPiq	Ty Dolla $ign	25uiPmTg16RbhZWAqwLBy5	Charli XCX	2015-02-17	1	1.0
7c0XG5cIJTrrAgEC3ULPiq	Ty Dolla $ign	0NIIxcxNHmOoyBx03SfTCD	Tinashe	2015-02-17	1	1.0
7c0XG5cIJTrrAgEC3ULPiq	Ty Dolla $ign	0YWxKQj2Go9CGHCp77UOyy	Fabolous	2015-03-27	1	1.0
7c0XG5cIJTrrAgEC3ULPiq	Ty Dolla $ign	5lHRUCqkQZCIWeX7xG4sYT	Rich Homie Quan	2015-03-27	1	1.0
7c0XG5cIJTrrAgEC3ULPiq	Ty Dolla $ign	54QA4zjZDOyaLN8bVthBjP	Joe Moses	2015-05-26	1	1.0
7c0XG5cIJTrrAgEC3ULPiq	Ty Dolla $ign	1yXXcC1S1PBbXlHWXlvYrU	TeeCee4800	2015-05-26	1	1.0
7c0XG5cIJTrrAgEC3ULPiq	Ty Dolla $ign	0A0FS04o6zMoto8OKPsDwY	YG	2015-05-26	1	1.0
7c0XG5cIJTrrAgEC3ULPiq	Ty Dolla $ign	1RyvyyTE3xzB2ZywiAwp0i	Future	2015-06-26	1	1.0
7c0XG5cIJTrrAgEC3ULPiq	Ty Dolla $ign	7iZtZyCzp3LItcw1wtPI3D	Rae Sremmurd	2015-06-26	1	1.0
7c0XG5cIJTrrAgEC3ULPiq	Ty Dolla $ign	6PXS4YHDkKvl1wkIl4V8DL	Fetty Wap	2015-09-11	1	1.0
7c0XG5cIJTrrAgEC3ULPiq	Ty Dolla $ign	3crnzLy8R4lVwaigKEOz7V	E-40	2015-10-16	1	1.0
7c0XG5cIJTrrAgEC3ULPiq	Ty Dolla $ign	3aVoqlJOYx31lH1gibGDt3	Babyface	2015-10-23	1	1.0
7c0XG5cIJTrrAgEC3ULPiq	Ty Dolla $ign	137W8MRPWKqSmrBGDBFSop	Wiz Khalifa	2015-10-30	1	1.0
7c0XG5cIJTrrAgEC3ULPiq	Ty Dolla $ign	05oH07COxkXKIMt6mIPRee	Brandy	2015-11-06	1	1.0
7c0XG5cIJTrrAgEC3ULPiq	Ty Dolla $ign	5ooSG9S0glqP5ZrqqaHBvT	James Fauntleroy	2015-11-06	1	1.0
7c0XG5cIJTrrAgEC3ULPiq	Ty Dolla $ign	2YZyLoL8N0Wb9xBt1NhZWg	Kendrick Lamar	2015-11-06	1	1.0
7c0XG5cIJTrrAgEC3ULPiq	Ty Dolla $ign	3aVoqlJOYx31lH1gibGDt3	Babyface	2015-11-13	1	1.0
7c0XG5cIJTrrAgEC3ULPiq	Ty Dolla $ign	05oH07COxkXKIMt6mIPRee	Brandy	2015-11-13	1	1.0
7c0XG5cIJTrrAgEC3ULPiq	Ty Dolla $ign	78ApasTGbTRhayTMiyvj2T	D-Loc	2015-11-13	1	1.0
7c0XG5cIJTrrAgEC3ULPiq	Ty Dolla $ign	59wfkuBoNyhDMQGCljbUbA	Diddy	2015-11-13	1	1.0
7c0XG5cIJTrrAgEC3ULPiq	Ty Dolla $ign	3crnzLy8R4lVwaigKEOz7V	E-40	2015-11-13	1	1.0
7c0XG5cIJTrrAgEC3ULPiq	Ty Dolla $ign	6PXS4YHDkKvl1wkIl4V8DL	Fetty Wap	2015-11-13	1	1.0
7c0XG5cIJTrrAgEC3ULPiq	Ty Dolla $ign	1RyvyyTE3xzB2ZywiAwp0i	Future	2015-11-13	3	10.0
7c0XG5cIJTrrAgEC3ULPiq	Ty Dolla $ign	7Aq8lpLMSt1Zxu56pe9bmp	Jagged Edge	2015-11-13	1	1.0
7c0XG5cIJTrrAgEC3ULPiq	Ty Dolla $ign	5ooSG9S0glqP5ZrqqaHBvT	James Fauntleroy	2015-11-13	1	1.0
7c0XG5cIJTrrAgEC3ULPiq	Ty Dolla $ign	54QA4zjZDOyaLN8bVthBjP	Joe Moses	2015-11-13	1	1.0
7c0XG5cIJTrrAgEC3ULPiq	Ty Dolla $ign	5K4W6rqBFWDnAN6FQUkS6x	Kanye West	2015-11-13	1	1.0
7c0XG5cIJTrrAgEC3ULPiq	Ty Dolla $ign	2YZyLoL8N0Wb9xBt1NhZWg	Kendrick Lamar	2015-11-13	1	1.0
7c0XG5cIJTrrAgEC3ULPiq	Ty Dolla $ign	7wg1qvie3KqDNQbAkTdbX0	Louis The Child	2015-11-13	1	1.0
7c0XG5cIJTrrAgEC3ULPiq	Ty Dolla $ign	4O36cq71Cq7NazopFLBMmb	PJ	2015-11-13	1	1.0
7c0XG5cIJTrrAgEC3ULPiq	Ty Dolla $ign	2mxe0TnaNL039ysAj51xPQ	R. Kelly	2015-11-13	1	1.0
7c0XG5cIJTrrAgEC3ULPiq	Ty Dolla $ign	7iZtZyCzp3LItcw1wtPI3D	Rae Sremmurd	2015-11-13	3	10.0
7c0XG5cIJTrrAgEC3ULPiq	Ty Dolla $ign	4CqnJRAAZRmR0YCv47wIKU	Sa-Ra	2015-11-13	1	1.0
7c0XG5cIJTrrAgEC3ULPiq	Ty Dolla $ign	6If57j6e3TXXk0HiLcIZca	Sevyn Streeter	2015-11-13	1	1.0
7c0XG5cIJTrrAgEC3ULPiq	Ty Dolla $ign	3epITS2OjJ1zlt44q160Bi	TC	2015-11-13	1	1.0
7c0XG5cIJTrrAgEC3ULPiq	Ty Dolla $ign	1yXXcC1S1PBbXlHWXlvYrU	TeeCee4800	2015-11-13	1	1.0
7c0XG5cIJTrrAgEC3ULPiq	Ty Dolla $ign	2iojnBLj0qIMiKPvVhLnsH	Trey Songz	2015-11-13	1	1.0
7c0XG5cIJTrrAgEC3ULPiq	Ty Dolla $ign	0vqJkZ0RpLZixt3lTmD8vP	Whethan	2015-11-13	1	1.0
7c0XG5cIJTrrAgEC3ULPiq	Ty Dolla $ign	137W8MRPWKqSmrBGDBFSop	Wiz Khalifa	2015-11-13	1	1.0
7c0XG5cIJTrrAgEC3ULPiq	Ty Dolla $ign	0A0FS04o6zMoto8OKPsDwY	YG	2015-11-13	1	1.0
7c0XG5cIJTrrAgEC3ULPiq	Ty Dolla $ign	54QA4zjZDOyaLN8bVthBjP	Joe Moses	2016-01-16	1	1.0
7c0XG5cIJTrrAgEC3ULPiq	Ty Dolla $ign	137W8MRPWKqSmrBGDBFSop	Wiz Khalifa	2016-02-19	1	1.0
7c0XG5cIJTrrAgEC3ULPiq	Ty Dolla $ign	3aVoqlJOYx31lH1gibGDt3	Babyface	2016-03-25	1	1.0
7c0XG5cIJTrrAgEC3ULPiq	Ty Dolla $ign	05oH07COxkXKIMt6mIPRee	Brandy	2016-03-25	1	1.0
7c0XG5cIJTrrAgEC3ULPiq	Ty Dolla $ign	78ApasTGbTRhayTMiyvj2T	D-Loc	2016-03-25	1	1.0
7c0XG5cIJTrrAgEC3ULPiq	Ty Dolla $ign	59wfkuBoNyhDMQGCljbUbA	Diddy	2016-03-25	1	1.0
7c0XG5cIJTrrAgEC3ULPiq	Ty Dolla $ign	3crnzLy8R4lVwaigKEOz7V	E-40	2016-03-25	1	1.0
7c0XG5cIJTrrAgEC3ULPiq	Ty Dolla $ign	6PXS4YHDkKvl1wkIl4V8DL	Fetty Wap	2016-03-25	1	1.0
7c0XG5cIJTrrAgEC3ULPiq	Ty Dolla $ign	1RyvyyTE3xzB2ZywiAwp0i	Future	2016-03-25	1	1.0
7c0XG5cIJTrrAgEC3ULPiq	Ty Dolla $ign	7Aq8lpLMSt1Zxu56pe9bmp	Jagged Edge	2016-03-25	1	1.0
7c0XG5cIJTrrAgEC3ULPiq	Ty Dolla $ign	5ooSG9S0glqP5ZrqqaHBvT	James Fauntleroy	2016-03-25	1	1.0
7c0XG5cIJTrrAgEC3ULPiq	Ty Dolla $ign	54QA4zjZDOyaLN8bVthBjP	Joe Moses	2016-03-25	2	5.5
7c0XG5cIJTrrAgEC3ULPiq	Ty Dolla $ign	5K4W6rqBFWDnAN6FQUkS6x	Kanye West	2016-03-25	1	1.0
7c0XG5cIJTrrAgEC3ULPiq	Ty Dolla $ign	2YZyLoL8N0Wb9xBt1NhZWg	Kendrick Lamar	2016-03-25	1	1.0
7c0XG5cIJTrrAgEC3ULPiq	Ty Dolla $ign	4O36cq71Cq7NazopFLBMmb	PJ	2016-03-25	1	1.0
7c0XG5cIJTrrAgEC3ULPiq	Ty Dolla $ign	0VRj0yCOv2FXJNP47XQnx5	Quavo	2016-03-25	1	1.0
7c0XG5cIJTrrAgEC3ULPiq	Ty Dolla $ign	2mxe0TnaNL039ysAj51xPQ	R. Kelly	2016-03-25	1	1.0
7c0XG5cIJTrrAgEC3ULPiq	Ty Dolla $ign	7iZtZyCzp3LItcw1wtPI3D	Rae Sremmurd	2016-03-25	1	1.0
7c0XG5cIJTrrAgEC3ULPiq	Ty Dolla $ign	4CqnJRAAZRmR0YCv47wIKU	Sa-Ra	2016-03-25	1	1.0
7c0XG5cIJTrrAgEC3ULPiq	Ty Dolla $ign	6If57j6e3TXXk0HiLcIZca	Sevyn Streeter	2016-03-25	1	1.0
7c0XG5cIJTrrAgEC3ULPiq	Ty Dolla $ign	3epITS2OjJ1zlt44q160Bi	TC	2016-03-25	1	1.0
7c0XG5cIJTrrAgEC3ULPiq	Ty Dolla $ign	1yXXcC1S1PBbXlHWXlvYrU	TeeCee4800	2016-03-25	1	1.0
7c0XG5cIJTrrAgEC3ULPiq	Ty Dolla $ign	2iojnBLj0qIMiKPvVhLnsH	Trey Songz	2016-03-25	1	1.0
7c0XG5cIJTrrAgEC3ULPiq	Ty Dolla $ign	137W8MRPWKqSmrBGDBFSop	Wiz Khalifa	2016-03-25	1	1.0
7c0XG5cIJTrrAgEC3ULPiq	Ty Dolla $ign	0A0FS04o6zMoto8OKPsDwY	YG	2016-03-25	1	1.0
7c0XG5cIJTrrAgEC3ULPiq	Ty Dolla $ign	1RyvyyTE3xzB2ZywiAwp0i	Future	2016-06-10	1	1.0
7c0XG5cIJTrrAgEC3ULPiq	Ty Dolla $ign	7iZtZyCzp3LItcw1wtPI3D	Rae Sremmurd	2016-06-10	1	1.0
7c0XG5cIJTrrAgEC3ULPiq	Ty Dolla $ign	0vqJkZ0RpLZixt3lTmD8vP	Whethan	2016-06-10	1	1.0
7c0XG5cIJTrrAgEC3ULPiq	Ty Dolla $ign	1RyvyyTE3xzB2ZywiAwp0i	Future	2016-07-12	1	1.0
7c0XG5cIJTrrAgEC3ULPiq	Ty Dolla $ign	0lcJ0rnv51qnpYkAlvMCGE	Big TC	2016-07-22	1	1.0
7c0XG5cIJTrrAgEC3ULPiq	Ty Dolla $ign	0Y5tJX1MQlPlqiwlOH1tJY	Travis Scott	2016-09-02	1	1.0
7c0XG5cIJTrrAgEC3ULPiq	Ty Dolla $ign	4isewEHTP7Az2QheDdBQ6J	24hrs	2016-09-23	1	1.0
7c0XG5cIJTrrAgEC3ULPiq	Ty Dolla $ign	0lcJ0rnv51qnpYkAlvMCGE	Big TC	2016-09-23	1	1.0
7c0XG5cIJTrrAgEC3ULPiq	Ty Dolla $ign	0bbguzUos4LO6NikkdXdzw	Charlie Heat	2016-09-23	1	1.0
7c0XG5cIJTrrAgEC3ULPiq	Ty Dolla $ign	1RyvyyTE3xzB2ZywiAwp0i	Future	2016-09-23	2	5.5
7c0XG5cIJTrrAgEC3ULPiq	Ty Dolla $ign	20sxb77xiYeusSH8cVdatc	Meek Mill	2016-09-23	1	1.0
7c0XG5cIJTrrAgEC3ULPiq	Ty Dolla $ign	6oMuImdp5ZcFhWP0ESe6mG	Migos	2016-09-23	1	1.0
7c0XG5cIJTrrAgEC3ULPiq	Ty Dolla $ign	0Y5tJX1MQlPlqiwlOH1tJY	Travis Scott	2016-09-23	1	1.0
7c0XG5cIJTrrAgEC3ULPiq	Ty Dolla $ign	2iojnBLj0qIMiKPvVhLnsH	Trey Songz	2016-09-23	1	1.0
7c0XG5cIJTrrAgEC3ULPiq	Ty Dolla $ign	137W8MRPWKqSmrBGDBFSop	Wiz Khalifa	2016-09-23	1	1.0
7c0XG5cIJTrrAgEC3ULPiq	Ty Dolla $ign	3crnzLy8R4lVwaigKEOz7V	E-40	2016-10-14	1	1.0
7c0XG5cIJTrrAgEC3ULPiq	Ty Dolla $ign	4isewEHTP7Az2QheDdBQ6J	24hrs	2016-12-09	1	1.0
7c0XG5cIJTrrAgEC3ULPiq	Ty Dolla $ign	0lcJ0rnv51qnpYkAlvMCGE	Big TC	2017-02-17	1	1.0
7c0XG5cIJTrrAgEC3ULPiq	Ty Dolla $ign	0lZoRmP7H66F8NlPQc2ajB	DJ Mustard	2017-05-05	1	1.0
7c0XG5cIJTrrAgEC3ULPiq	Ty Dolla $ign	1Xyo4u8uXC1ZmMpatF05PJ	The Weeknd	2017-05-05	1	1.0
7c0XG5cIJTrrAgEC3ULPiq	Ty Dolla $ign	137W8MRPWKqSmrBGDBFSop	Wiz Khalifa	2017-05-05	1	1.0
7c0XG5cIJTrrAgEC3ULPiq	Ty Dolla $ign	13ubrt8QOOCPljQ2FL1Kca	A$AP Rocky	2017-10-20	1	1.0
7c0XG5cIJTrrAgEC3ULPiq	Ty Dolla $ign	4isewEHTP7Az2QheDdBQ6J	24hrs	2017-10-27	1	1.0
7c0XG5cIJTrrAgEC3ULPiq	Ty Dolla $ign	3QJzdZJYIAcoET1GcfpNGi	Damian Marley	2017-10-27	1	1.0
7c0XG5cIJTrrAgEC3ULPiq	Ty Dolla $ign	1RyvyyTE3xzB2ZywiAwp0i	Future	2017-10-27	2	5.5
7c0XG5cIJTrrAgEC3ULPiq	Ty Dolla $ign	3KV3p5EY4AvKxOlhGHORLg	Jeremih	2017-10-27	1	1.0
7c0XG5cIJTrrAgEC3ULPiq	Ty Dolla $ign	3J0BpFVUc9LeOIVeN5uNhU	Lauren Jauregui	2017-10-27	1	1.0
7c0XG5cIJTrrAgEC3ULPiq	Ty Dolla $ign	55Aa2cqylxrFIXC767Z865	Lil Wayne	2017-10-27	1	1.0
7c0XG5cIJTrrAgEC3ULPiq	Ty Dolla $ign	5SyGEPymt1G2uto47tVWvZ	MadeinTYO	2017-10-27	1	1.0
7c0XG5cIJTrrAgEC3ULPiq	Ty Dolla $ign	2RdwBSPQiwcmiDo9kixcl8	Pharrell Williams	2017-10-27	1	1.0
7c0XG5cIJTrrAgEC3ULPiq	Ty Dolla $ign	5he5w2lnU9x7JFhnwcekXX	Skrillex	2017-10-27	1	1.0
7c0XG5cIJTrrAgEC3ULPiq	Ty Dolla $ign	1zNqQNIdeOUZHb8zbZRFMX	Swae Lee	2017-10-27	1	1.0
7c0XG5cIJTrrAgEC3ULPiq	Ty Dolla $ign	1W3FSF1BLpY3hlVIgvenLz	The-Dream	2017-10-27	1	1.0
7c0XG5cIJTrrAgEC3ULPiq	Ty Dolla $ign	2jku7tDXc6XoB6MO2hFuqg	Tory Lanez	2017-10-27	1	1.0
7c0XG5cIJTrrAgEC3ULPiq	Ty Dolla $ign	137W8MRPWKqSmrBGDBFSop	Wiz Khalifa	2017-10-27	1	1.0
7c0XG5cIJTrrAgEC3ULPiq	Ty Dolla $ign	0A0FS04o6zMoto8OKPsDwY	YG	2017-10-27	1	1.0
7c0XG5cIJTrrAgEC3ULPiq	Ty Dolla $ign	1RyvyyTE3xzB2ZywiAwp0i	Future	2017-11-09	1	1.0
7c0XG5cIJTrrAgEC3ULPiq	Ty Dolla $ign	4u5smJBskI6Adzv08PuiUP	Kiiara	2017-11-09	1	1.0
7c0XG5cIJTrrAgEC3ULPiq	Ty Dolla $ign	1RyvyyTE3xzB2ZywiAwp0i	Future	2017-12-15	1	1.0
7c0XG5cIJTrrAgEC3ULPiq	Ty Dolla $ign	4u5smJBskI6Adzv08PuiUP	Kiiara	2017-12-15	1	1.0
7c0XG5cIJTrrAgEC3ULPiq	Ty Dolla $ign	1URnnhqYAYcrqrcwql10ft	21 Savage	2018-05-11	1	1.0
7c0XG5cIJTrrAgEC3ULPiq	Ty Dolla $ign	4isewEHTP7Az2QheDdBQ6J	24hrs	2018-05-11	1	1.0
7c0XG5cIJTrrAgEC3ULPiq	Ty Dolla $ign	3QJzdZJYIAcoET1GcfpNGi	Damian Marley	2018-05-11	1	1.0
7c0XG5cIJTrrAgEC3ULPiq	Ty Dolla $ign	6vXTefBL93Dj5IqAWq6OTv	French Montana	2018-05-11	1	1.0
7c0XG5cIJTrrAgEC3ULPiq	Ty Dolla $ign	1RyvyyTE3xzB2ZywiAwp0i	Future	2018-05-11	2	5.5
7c0XG5cIJTrrAgEC3ULPiq	Ty Dolla $ign	13y7CgLHjMVRMDqxdx0Xdo	Gucci Mane	2018-05-11	1	1.0
7c0XG5cIJTrrAgEC3ULPiq	Ty Dolla $ign	3KV3p5EY4AvKxOlhGHORLg	Jeremih	2018-05-11	1	1.0
7c0XG5cIJTrrAgEC3ULPiq	Ty Dolla $ign	3J0BpFVUc9LeOIVeN5uNhU	Lauren Jauregui	2018-05-11	1	1.0
7c0XG5cIJTrrAgEC3ULPiq	Ty Dolla $ign	55Aa2cqylxrFIXC767Z865	Lil Wayne	2018-05-11	1	1.0
7c0XG5cIJTrrAgEC3ULPiq	Ty Dolla $ign	5SyGEPymt1G2uto47tVWvZ	MadeinTYO	2018-05-11	1	1.0
7c0XG5cIJTrrAgEC3ULPiq	Ty Dolla $ign	2RdwBSPQiwcmiDo9kixcl8	Pharrell Williams	2018-05-11	1	1.0
7c0XG5cIJTrrAgEC3ULPiq	Ty Dolla $ign	0VRj0yCOv2FXJNP47XQnx5	Quavo	2018-05-11	2	5.5
7c0XG5cIJTrrAgEC3ULPiq	Ty Dolla $ign	5he5w2lnU9x7JFhnwcekXX	Skrillex	2018-05-11	1	1.0
7c0XG5cIJTrrAgEC3ULPiq	Ty Dolla $ign	1zNqQNIdeOUZHb8zbZRFMX	Swae Lee	2018-05-11	1	1.0
7c0XG5cIJTrrAgEC3ULPiq	Ty Dolla $ign	1W3FSF1BLpY3hlVIgvenLz	The-Dream	2018-05-11	1	1.0
7c0XG5cIJTrrAgEC3ULPiq	Ty Dolla $ign	2jku7tDXc6XoB6MO2hFuqg	Tory Lanez	2018-05-11	1	1.0
7c0XG5cIJTrrAgEC3ULPiq	Ty Dolla $ign	137W8MRPWKqSmrBGDBFSop	Wiz Khalifa	2018-05-11	2	5.5
7c0XG5cIJTrrAgEC3ULPiq	Ty Dolla $ign	0A0FS04o6zMoto8OKPsDwY	YG	2018-05-11	1	1.0
7c0XG5cIJTrrAgEC3ULPiq	Ty Dolla $ign	6Ha4aES39QiVjR0L2lwuwq	Yo Gotti	2018-05-11	1	1.0
7c0XG5cIJTrrAgEC3ULPiq	Ty Dolla $ign	3crnzLy8R4lVwaigKEOz7V	E-40	2018-08-03	1	1.0
7c0XG5cIJTrrAgEC3ULPiq	Ty Dolla $ign	0lZoRmP7H66F8NlPQc2ajB	DJ Mustard	2018-09-28	2	5.5
7c0XG5cIJTrrAgEC3ULPiq	Ty Dolla $ign	1Xyo4u8uXC1ZmMpatF05PJ	The Weeknd	2018-09-28	1	1.0
7c0XG5cIJTrrAgEC3ULPiq	Ty Dolla $ign	137W8MRPWKqSmrBGDBFSop	Wiz Khalifa	2018-09-28	2	5.5
