ego_label	ego_name	artist_label	artist_name	release_date	total	total_scalled
3WrFJ7ztbogyGnTHbHJFl2	The Beatles	0IecGJbdBeYSOVtSPRehh5	Billy Preston	1973-04-02	1	1.0
3WrFJ7ztbogyGnTHbHJFl2	The Beatles	0IecGJbdBeYSOVtSPRehh5	Billy Preston	1988-03-07	1	1.0
3WrFJ7ztbogyGnTHbHJFl2	The Beatles	2gOsYhOtw3zLeZa37kNn9H	Eric Morecambe	1995-11-20	2	10.0
3WrFJ7ztbogyGnTHbHJFl2	The Beatles	2F6QSNmsgqt8e09mjWK4Sg	Ernie Wise	1995-11-20	2	10.0
3WrFJ7ztbogyGnTHbHJFl2	The Beatles	3muGwkg7cEbK52vzp76J38	Tony Sheridan	1995-11-20	1	1.0
3WrFJ7ztbogyGnTHbHJFl2	The Beatles	0IecGJbdBeYSOVtSPRehh5	Billy Preston	2000-11-13	1	1.0
3WrFJ7ztbogyGnTHbHJFl2	The Beatles	5XiHKpSNxpvR6VTuTF5cy9	Bernie Andrews	2013-11-11	1	1.0
3WrFJ7ztbogyGnTHbHJFl2	The Beatles	3DBoq9j3x1YeKG3seLhlFg	Brian Matthew	2013-11-11	2	10.0
3WrFJ7ztbogyGnTHbHJFl2	The Beatles	04c0IQ11Hjdc0LvGGNGqkf	Lee Peters	2013-11-11	1	1.0
3WrFJ7ztbogyGnTHbHJFl2	The Beatles	1jAAEl8HV0SYP8GT5Z22MR	Rodney Burke	2013-11-11	2	10.0
