ego_label	ego_name	artist_label	artist_name	release_date	total	total_scalled
1SupJlEpv7RS2tPNRaHViT	Nicky Jam	4VMYDCV2IEDYJArk749S6m	Daddy Yankee	2001-12-04	2	4.0
1SupJlEpv7RS2tPNRaHViT	Nicky Jam	5QfKUbR3EOkfzKoDNBV3xJ	Falo	2001-12-04	2	4.0
1SupJlEpv7RS2tPNRaHViT	Nicky Jam	0B02ZsmSdJvc5NECwOUZ7A	Kino Rankins	2001-12-04	1	1.0
1SupJlEpv7RS2tPNRaHViT	Nicky Jam	62zWXNKBdOWd9TIdkZ7BQN	Polaco	2001-12-04	1	1.0
1SupJlEpv7RS2tPNRaHViT	Nicky Jam	0MsnWVzqC0MWnaoqK0GJkv	Rey Pirin Blunt	2001-12-04	1	1.0
1SupJlEpv7RS2tPNRaHViT	Nicky Jam	4VMYDCV2IEDYJArk749S6m	Daddy Yankee	2009-07-31	1	1.0
1SupJlEpv7RS2tPNRaHViT	Nicky Jam	5lFhCi03HDneWzvCxGctrT	Jory Boy	2013-09-17	1	1.0
1SupJlEpv7RS2tPNRaHViT	Nicky Jam	77GVmrLGuxNEvj2ibvT62v	Luigi 21 Plus	2013-09-17	1	1.0
1SupJlEpv7RS2tPNRaHViT	Nicky Jam	0BkX3f2WgeqNgvulzPLc7R	Yelsid	2013-09-17	1	1.0
1SupJlEpv7RS2tPNRaHViT	Nicky Jam	4VMYDCV2IEDYJArk749S6m	Daddy Yankee	2014-02-15	1	1.0
1SupJlEpv7RS2tPNRaHViT	Nicky Jam	2jSGzJw0ebJLu7OLVSOcBP	Plan B	2014-02-15	1	1.0
1SupJlEpv7RS2tPNRaHViT	Nicky Jam	4SsVbpTthjScTS7U2hmr1X	Arcangel	2014-06-21	1	1.0
1SupJlEpv7RS2tPNRaHViT	Nicky Jam	3EiLUeyEcA6fbRPSHkG5kb	De La Ghetto	2014-06-21	1	1.0
1SupJlEpv7RS2tPNRaHViT	Nicky Jam	1vyhD5VmyZ7KMfW5gqLgo5	J Balvin	2014-06-21	1	1.0
1SupJlEpv7RS2tPNRaHViT	Nicky Jam	7uS0OYJ72fRQDd8RZEo4J0	Zion	2014-06-21	1	1.0
1SupJlEpv7RS2tPNRaHViT	Nicky Jam	4SsVbpTthjScTS7U2hmr1X	Arcangel	2014-09-09	1	1.0
1SupJlEpv7RS2tPNRaHViT	Nicky Jam	3EiLUeyEcA6fbRPSHkG5kb	De La Ghetto	2014-09-09	1	1.0
1SupJlEpv7RS2tPNRaHViT	Nicky Jam	1vyhD5VmyZ7KMfW5gqLgo5	J Balvin	2014-09-09	1	1.0
1SupJlEpv7RS2tPNRaHViT	Nicky Jam	5lFhCi03HDneWzvCxGctrT	Jory Boy	2014-09-09	1	1.0
1SupJlEpv7RS2tPNRaHViT	Nicky Jam	77GVmrLGuxNEvj2ibvT62v	Luigi 21 Plus	2014-09-09	1	1.0
1SupJlEpv7RS2tPNRaHViT	Nicky Jam	0BkX3f2WgeqNgvulzPLc7R	Yelsid	2014-09-09	1	1.0
1SupJlEpv7RS2tPNRaHViT	Nicky Jam	7uS0OYJ72fRQDd8RZEo4J0	Zion	2014-09-09	1	1.0
1SupJlEpv7RS2tPNRaHViT	Nicky Jam	3EiLUeyEcA6fbRPSHkG5kb	De La Ghetto	2014-09-13	1	1.0
1SupJlEpv7RS2tPNRaHViT	Nicky Jam	4VMYDCV2IEDYJArk749S6m	Daddy Yankee	2014-10-07	1	1.0
1SupJlEpv7RS2tPNRaHViT	Nicky Jam	4SsVbpTthjScTS7U2hmr1X	Arcangel	2014-11-04	1	1.0
1SupJlEpv7RS2tPNRaHViT	Nicky Jam	3EiLUeyEcA6fbRPSHkG5kb	De La Ghetto	2014-11-04	1	1.0
1SupJlEpv7RS2tPNRaHViT	Nicky Jam	1vyhD5VmyZ7KMfW5gqLgo5	J Balvin	2014-11-04	1	1.0
1SupJlEpv7RS2tPNRaHViT	Nicky Jam	5lFhCi03HDneWzvCxGctrT	Jory Boy	2014-11-04	1	1.0
1SupJlEpv7RS2tPNRaHViT	Nicky Jam	77GVmrLGuxNEvj2ibvT62v	Luigi 21 Plus	2014-11-04	1	1.0
1SupJlEpv7RS2tPNRaHViT	Nicky Jam	2OHKEe204spO7G7NcbeO2o	Ñejo	2014-11-04	1	1.0
1SupJlEpv7RS2tPNRaHViT	Nicky Jam	0BkX3f2WgeqNgvulzPLc7R	Yelsid	2014-11-04	1	1.0
1SupJlEpv7RS2tPNRaHViT	Nicky Jam	7uS0OYJ72fRQDd8RZEo4J0	Zion	2014-11-04	1	1.0
1SupJlEpv7RS2tPNRaHViT	Nicky Jam	0GgyFUpOyzWDRDqx8FCTDN	Baby Rasta	2014-12-21	1	1.0
1SupJlEpv7RS2tPNRaHViT	Nicky Jam	5gUZ67Vzi1FV2SnrWl1GlE	Benny Benni	2014-12-21	1	1.0
1SupJlEpv7RS2tPNRaHViT	Nicky Jam	00me4Ke1LsvMxt5kydlMyU	Cosculluela	2014-12-21	1	1.0
1SupJlEpv7RS2tPNRaHViT	Nicky Jam	4VMYDCV2IEDYJArk749S6m	Daddy Yankee	2014-12-21	1	1.0
1SupJlEpv7RS2tPNRaHViT	Nicky Jam	329e4yvIujISKGKz1BZZbO	Farruko	2014-12-21	1	1.0
1SupJlEpv7RS2tPNRaHViT	Nicky Jam	6ieK9Ddas29reReO60on3o	Gotay "El Autentiko"	2014-12-21	1	1.0
1SupJlEpv7RS2tPNRaHViT	Nicky Jam	6XFITTl7cFTdopDY3lUdlY	J Alvarez	2014-12-21	1	1.0
1SupJlEpv7RS2tPNRaHViT	Nicky Jam	2OHKEe204spO7G7NcbeO2o	Ñejo	2014-12-21	1	1.0
1SupJlEpv7RS2tPNRaHViT	Nicky Jam	0rwGi85qFYUZjTt0wrvokT	Andy Boy	2015-01-01	1	1.0
1SupJlEpv7RS2tPNRaHViT	Nicky Jam	3huof3P8bH0AJzMvy9kwv2	Baby Ranks	2015-01-01	1	1.0
1SupJlEpv7RS2tPNRaHViT	Nicky Jam	7qG3b048QCHVRO5Pv1T5lw	Enrique Iglesias	2015-07-01	4	10.0
1SupJlEpv7RS2tPNRaHViT	Nicky Jam	2m7JzVtYyAwdU0CnET9IvA	DJ Buddha	2015-08-28	2	4.0
1SupJlEpv7RS2tPNRaHViT	Nicky Jam	7qG3b048QCHVRO5Pv1T5lw	Enrique Iglesias	2015-08-28	2	4.0
1SupJlEpv7RS2tPNRaHViT	Nicky Jam	2T1aUibqR2QC2sINIDQOAK	Mambo Kingz	2015-08-28	1	1.0
1SupJlEpv7RS2tPNRaHViT	Nicky Jam	6zm1bxL5vh3q9jR2vuzUKY	Nesty	2015-08-28	1	1.0
1SupJlEpv7RS2tPNRaHViT	Nicky Jam	7qG3b048QCHVRO5Pv1T5lw	Enrique Iglesias	2015-12-01	2	4.0
1SupJlEpv7RS2tPNRaHViT	Nicky Jam	4DE0cYxMnEEmfKLwDkYwxb	Erick Morillo	2015-12-01	2	4.0
1SupJlEpv7RS2tPNRaHViT	Nicky Jam	4VMYDCV2IEDYJArk749S6m	Daddy Yankee	2016-02-24	2	4.0
1SupJlEpv7RS2tPNRaHViT	Nicky Jam	2jSGzJw0ebJLu7OLVSOcBP	Plan B	2016-02-24	1	1.0
1SupJlEpv7RS2tPNRaHViT	Nicky Jam	4VMYDCV2IEDYJArk749S6m	Daddy Yankee	2016-03-23	1	1.0
1SupJlEpv7RS2tPNRaHViT	Nicky Jam	2ydZrTy8U3kOMOzx20s3dg	DJ Nelson	2016-03-23	1	1.0
1SupJlEpv7RS2tPNRaHViT	Nicky Jam	6XFITTl7cFTdopDY3lUdlY	J Alvarez	2016-03-23	1	1.0
1SupJlEpv7RS2tPNRaHViT	Nicky Jam	4zPVVxxHRDSZ43lCr823IZ	Zion	2016-03-23	1	1.0
1SupJlEpv7RS2tPNRaHViT	Nicky Jam	0rwGi85qFYUZjTt0wrvokT	Andy Boy	2016-07-30	1	1.0
1SupJlEpv7RS2tPNRaHViT	Nicky Jam	3jhvcMm0kXMcVk9UgW37dp	D Nice	2016-08-31	1	1.0
1SupJlEpv7RS2tPNRaHViT	Nicky Jam	3H8McWrn4GeOinqRQ8xtwX	Benny	2016-11-11	1	1.0
1SupJlEpv7RS2tPNRaHViT	Nicky Jam	6OhE1KC3xMTZkLfr1vizVq	David Deambulante	2016-11-11	3	7.0
1SupJlEpv7RS2tPNRaHViT	Nicky Jam	1ljNTY4uIBecRJmy69UNWt	Don Chezina	2016-11-11	1	1.0
1SupJlEpv7RS2tPNRaHViT	Nicky Jam	4DYFVNKZ1uixa6SQTvzQwJ	Ken-Y	2016-11-11	2	4.0
1SupJlEpv7RS2tPNRaHViT	Nicky Jam	4FoGQnP2PkaEM7Df2u635j	Lito	2016-11-11	2	4.0
1SupJlEpv7RS2tPNRaHViT	Nicky Jam	62zWXNKBdOWd9TIdkZ7BQN	Polaco	2016-11-11	1	1.0
1SupJlEpv7RS2tPNRaHViT	Nicky Jam	3PyWEKLWI0vHPmoNrIX0QE	Rakim	2016-11-11	2	4.0
1SupJlEpv7RS2tPNRaHViT	Nicky Jam	4plbPB7xy81krWukoUyXVq	Shaka	2016-11-11	1	1.0
1SupJlEpv7RS2tPNRaHViT	Nicky Jam	3YXpTiyVmYCfANOlnWv6vr	Trebol Clan	2016-11-11	1	1.0
1SupJlEpv7RS2tPNRaHViT	Nicky Jam	4SsVbpTthjScTS7U2hmr1X	Arcangel	2017-01-20	1	1.0
1SupJlEpv7RS2tPNRaHViT	Nicky Jam	00me4Ke1LsvMxt5kydlMyU	Cosculluela	2017-01-20	1	1.0
1SupJlEpv7RS2tPNRaHViT	Nicky Jam	4VMYDCV2IEDYJArk749S6m	Daddy Yankee	2017-01-20	2	4.0
1SupJlEpv7RS2tPNRaHViT	Nicky Jam	2oQX8QiMXOyuqbcZEFsZfm	El Alfa	2017-01-20	1	1.0
1SupJlEpv7RS2tPNRaHViT	Nicky Jam	7qG3b048QCHVRO5Pv1T5lw	Enrique Iglesias	2017-01-20	2	4.0
1SupJlEpv7RS2tPNRaHViT	Nicky Jam	1vyhD5VmyZ7KMfW5gqLgo5	J Balvin	2017-01-20	1	1.0
1SupJlEpv7RS2tPNRaHViT	Nicky Jam	6KZDXtSj0SzGOV705nNeh3	Kid Ink	2017-01-20	1	1.0
1SupJlEpv7RS2tPNRaHViT	Nicky Jam	3nwYsifpwrKmCIpw4i0HDW	Konshens	2017-01-20	1	1.0
1SupJlEpv7RS2tPNRaHViT	Nicky Jam	0tR60pwxQ5WKjPxQcKoCQ7	Messiah	2017-01-20	1	1.0
1SupJlEpv7RS2tPNRaHViT	Nicky Jam	4D1GgZjkJLpThIS5iDqVk3	Minek	2017-01-20	1	1.0
1SupJlEpv7RS2tPNRaHViT	Nicky Jam	2jSGzJw0ebJLu7OLVSOcBP	Plan B	2017-01-20	1	1.0
1SupJlEpv7RS2tPNRaHViT	Nicky Jam	3Isy6kedDrgPYoTS1dazA9	Sean Paul	2017-01-20	1	1.0
1SupJlEpv7RS2tPNRaHViT	Nicky Jam	4GAS1OgXh8D5pEA6s6eBNW	Valentino	2017-01-20	1	1.0
1SupJlEpv7RS2tPNRaHViT	Nicky Jam	3E6xrwgnVfYCrCs0ePERDz	Wisin	2017-01-20	1	1.0
1SupJlEpv7RS2tPNRaHViT	Nicky Jam	4q3ewBCX7sLwd24euuV69X	Bad Bunny	2017-06-26	1	1.0
1SupJlEpv7RS2tPNRaHViT	Nicky Jam	1i8SpTcr7yvPOmcqrbnVXY	Ozuna	2017-06-26	1	1.0
1SupJlEpv7RS2tPNRaHViT	Nicky Jam	4VMYDCV2IEDYJArk749S6m	Daddy Yankee	2017-07-03	1	1.0
1SupJlEpv7RS2tPNRaHViT	Nicky Jam	1vyhD5VmyZ7KMfW5gqLgo5	J Balvin	2018-03-02	1	1.0
1SupJlEpv7RS2tPNRaHViT	Nicky Jam	1vyhD5VmyZ7KMfW5gqLgo5	J Balvin	2018-04-27	1	1.0
1SupJlEpv7RS2tPNRaHViT	Nicky Jam	4poL7YCSkG7kMnWjAdDU91	Era Istrefi	2018-05-25	1	1.0
1SupJlEpv7RS2tPNRaHViT	Nicky Jam	41qil2VaGbD194gaEcmmyx	Will Smith	2018-05-25	1	1.0
1SupJlEpv7RS2tPNRaHViT	Nicky Jam	1vyhD5VmyZ7KMfW5gqLgo5	J Balvin	2018-06-29	1	1.0
1SupJlEpv7RS2tPNRaHViT	Nicky Jam	1r4hJ1h58CWwUQe3MxPuau	Maluma	2018-06-29	1	1.0
1SupJlEpv7RS2tPNRaHViT	Nicky Jam	1i8SpTcr7yvPOmcqrbnVXY	Ozuna	2018-06-29	1	1.0
1SupJlEpv7RS2tPNRaHViT	Nicky Jam	0rwGi85qFYUZjTt0wrvokT	Andy Boy	2018-07-21	1	1.0
1SupJlEpv7RS2tPNRaHViT	Nicky Jam	3huof3P8bH0AJzMvy9kwv2	Baby Ranks	2018-07-21	1	1.0
1SupJlEpv7RS2tPNRaHViT	Nicky Jam	4SsVbpTthjScTS7U2hmr1X	Arcangel	2018-08-03	1	1.0
1SupJlEpv7RS2tPNRaHViT	Nicky Jam	4q3ewBCX7sLwd24euuV69X	Bad Bunny	2018-08-03	1	1.0
1SupJlEpv7RS2tPNRaHViT	Nicky Jam	77AiFEVeAVj2ORpC85QVJs	Steve Aoki	2018-10-05	1	1.0
