ego_label	ego_name	artist_label	artist_name	release_date	total	total_scalled
5K4W6rqBFWDnAN6FQUkS6x	Kanye West	2GHclqNVjqGuiE5mA7BEoc	Common	2004-02-10	2	5.5
5K4W6rqBFWDnAN6FQUkS6x	Kanye West	5KkgZ31b9eDwkvo9oMIrSm	Consequence	2004-02-10	2	5.5
5K4W6rqBFWDnAN6FQUkS6x	Kanye West	2Jwr7hGoSNK3S3QBxh3T0z	Freeway	2004-02-10	1	1.0
5K4W6rqBFWDnAN6FQUkS6x	Kanye West	2hZ6jVi1cao5VlJHAEPzU7	GLC	2004-02-10	2	5.5
5K4W6rqBFWDnAN6FQUkS6x	Kanye West	0hKpvarswO34Ks5iPNmEXn	J. Ivy	2004-02-10	2	5.5
5K4W6rqBFWDnAN6FQUkS6x	Kanye West	3nFkdlSjzX9mRTtwJOzDYB	JAY Z	2004-02-10	2	5.5
5K4W6rqBFWDnAN6FQUkS6x	Kanye West	3ipn9JLAPI5GUEo4y4jcoi	Ludacris	2004-02-10	1	1.0
5K4W6rqBFWDnAN6FQUkS6x	Kanye West	0Mz5XE0kb1GBnbLQm2VbcO	Mos Def	2004-02-10	1	1.0
5K4W6rqBFWDnAN6FQUkS6x	Kanye West	1lE6SEy8f84Zhjvp7r8yTD	Syleena Johnson	2004-02-10	2	5.5
5K4W6rqBFWDnAN6FQUkS6x	Kanye West	0lEssBAxQl2In4RpaB1C2Y	Talib Kweli	2004-02-10	2	5.5
5K4W6rqBFWDnAN6FQUkS6x	Kanye West	7Cp14KBRtDwGucKNPUyT11	The Boys Choir Of Harlem	2004-02-10	1	1.0
5K4W6rqBFWDnAN6FQUkS6x	Kanye West	2GHclqNVjqGuiE5mA7BEoc	Common	2004-02-13	1	1.0
5K4W6rqBFWDnAN6FQUkS6x	Kanye West	5KkgZ31b9eDwkvo9oMIrSm	Consequence	2004-02-13	1	1.0
5K4W6rqBFWDnAN6FQUkS6x	Kanye West	2Jwr7hGoSNK3S3QBxh3T0z	Freeway	2004-02-13	1	1.0
5K4W6rqBFWDnAN6FQUkS6x	Kanye West	2hZ6jVi1cao5VlJHAEPzU7	GLC	2004-02-13	1	1.0
5K4W6rqBFWDnAN6FQUkS6x	Kanye West	0hKpvarswO34Ks5iPNmEXn	J. Ivy	2004-02-13	1	1.0
5K4W6rqBFWDnAN6FQUkS6x	Kanye West	3nFkdlSjzX9mRTtwJOzDYB	JAY Z	2004-02-13	1	1.0
5K4W6rqBFWDnAN6FQUkS6x	Kanye West	3ipn9JLAPI5GUEo4y4jcoi	Ludacris	2004-02-13	1	1.0
5K4W6rqBFWDnAN6FQUkS6x	Kanye West	0Mz5XE0kb1GBnbLQm2VbcO	Mos Def	2004-02-13	1	1.0
5K4W6rqBFWDnAN6FQUkS6x	Kanye West	1lE6SEy8f84Zhjvp7r8yTD	Syleena Johnson	2004-02-13	1	1.0
5K4W6rqBFWDnAN6FQUkS6x	Kanye West	0lEssBAxQl2In4RpaB1C2Y	Talib Kweli	2004-02-13	1	1.0
5K4W6rqBFWDnAN6FQUkS6x	Kanye West	7Cp14KBRtDwGucKNPUyT11	The Boys Choir Of Harlem	2004-02-13	1	1.0
5K4W6rqBFWDnAN6FQUkS6x	Kanye West	4bYPcJP5jwMhSivRcqie2n	Adam Levine	2005-09-30	1	1.0
5K4W6rqBFWDnAN6FQUkS6x	Kanye West	05oH07COxkXKIMt6mIPRee	Brandy	2005-09-30	1	1.0
5K4W6rqBFWDnAN6FQUkS6x	Kanye West	7iMvwE8qANp3aIfAGKEAwS	Cam’ron	2005-09-30	1	1.0
5K4W6rqBFWDnAN6FQUkS6x	Kanye West	2GHclqNVjqGuiE5mA7BEoc	Common	2005-09-30	1	1.0
5K4W6rqBFWDnAN6FQUkS6x	Kanye West	5KkgZ31b9eDwkvo9oMIrSm	Consequence	2005-09-30	1	1.0
5K4W6rqBFWDnAN6FQUkS6x	Kanye West	2hZ6jVi1cao5VlJHAEPzU7	GLC	2005-09-30	1	1.0
5K4W6rqBFWDnAN6FQUkS6x	Kanye West	7LnaAXbDVIL75IVPnndf7w	Jamie Foxx	2005-09-30	1	1.0
5K4W6rqBFWDnAN6FQUkS6x	Kanye West	3nFkdlSjzX9mRTtwJOzDYB	JAY Z	2005-09-30	1	1.0
5K4W6rqBFWDnAN6FQUkS6x	Kanye West	01QTIT5P1pFP3QnnFSdsJf	Lupe Fiasco	2005-09-30	1	1.0
5K4W6rqBFWDnAN6FQUkS6x	Kanye West	20qISvAhX20dpIbOOzGK3q	Nas	2005-09-30	1	1.0
5K4W6rqBFWDnAN6FQUkS6x	Kanye West	0k7Xl1pqI3tu8sSEjo5oEg	Paul Wall	2005-09-30	1	1.0
5K4W6rqBFWDnAN6FQUkS6x	Kanye West	69m0yjx8ruKebsRvbNuEDz	Really Doe	2005-09-30	1	1.0
5K4W6rqBFWDnAN6FQUkS6x	Kanye West	0NbfKEOTQCcwd6o7wSDOHI	The Game	2005-09-30	1	1.0
5K4W6rqBFWDnAN6FQUkS6x	Kanye West	4bYPcJP5jwMhSivRcqie2n	Adam Levine	2006-01-01	1	1.0
5K4W6rqBFWDnAN6FQUkS6x	Kanye West	05oH07COxkXKIMt6mIPRee	Brandy	2006-01-01	1	1.0
5K4W6rqBFWDnAN6FQUkS6x	Kanye West	7iMvwE8qANp3aIfAGKEAwS	Cam’ron	2006-01-01	1	1.0
5K4W6rqBFWDnAN6FQUkS6x	Kanye West	5KkgZ31b9eDwkvo9oMIrSm	Consequence	2006-01-01	1	1.0
5K4W6rqBFWDnAN6FQUkS6x	Kanye West	2hZ6jVi1cao5VlJHAEPzU7	GLC	2006-01-01	1	1.0
5K4W6rqBFWDnAN6FQUkS6x	Kanye West	7LnaAXbDVIL75IVPnndf7w	Jamie Foxx	2006-01-01	1	1.0
5K4W6rqBFWDnAN6FQUkS6x	Kanye West	01QTIT5P1pFP3QnnFSdsJf	Lupe Fiasco	2006-01-01	1	1.0
5K4W6rqBFWDnAN6FQUkS6x	Kanye West	0k7Xl1pqI3tu8sSEjo5oEg	Paul Wall	2006-01-01	1	1.0
5K4W6rqBFWDnAN6FQUkS6x	Kanye West	1lE6SEy8f84Zhjvp7r8yTD	Syleena Johnson	2006-01-01	1	1.0
5K4W6rqBFWDnAN6FQUkS6x	Kanye West	0NbfKEOTQCcwd6o7wSDOHI	The Game	2006-01-01	1	1.0
5K4W6rqBFWDnAN6FQUkS6x	Kanye West	1i4q97Tz8xmGWJps51J7WT	Albe Back	2007-01-01	1	1.0
5K4W6rqBFWDnAN6FQUkS6x	Kanye West	0LQoZQIV0mIs0y0XQb0Sw2	Chris Martin	2007-01-01	2	5.5
5K4W6rqBFWDnAN6FQUkS6x	Kanye West	6GEykX11lQqp92UVOQQCC7	DJ Premier	2007-01-01	2	5.5
5K4W6rqBFWDnAN6FQUkS6x	Kanye West	55Aa2cqylxrFIXC767Z865	Lil Wayne	2007-01-01	2	5.5
5K4W6rqBFWDnAN6FQUkS6x	Kanye West	0Mz5XE0kb1GBnbLQm2VbcO	Mos Def	2007-01-01	3	10.0
5K4W6rqBFWDnAN6FQUkS6x	Kanye West	3aQeKQSyrW4qWr35idm0cy	T-Pain	2007-01-01	2	5.5
5K4W6rqBFWDnAN6FQUkS6x	Kanye West	4yBK75WVCQXej1p04GWqxH	Jeezy	2008-01-01	1	1.0
5K4W6rqBFWDnAN6FQUkS6x	Kanye West	0fA0VVWsXO9YnASrzqfmYu	Kid Cudi	2008-01-01	1	1.0
5K4W6rqBFWDnAN6FQUkS6x	Kanye West	55Aa2cqylxrFIXC767Z865	Lil Wayne	2008-01-01	1	1.0
5K4W6rqBFWDnAN6FQUkS6x	Kanye West	1zV9UjTUevjp5VUddqIUUn	Mr Hudson	2008-01-01	1	1.0
5K4W6rqBFWDnAN6FQUkS6x	Kanye West	4yBK75WVCQXej1p04GWqxH	Jeezy	2008-11-24	1	1.0
5K4W6rqBFWDnAN6FQUkS6x	Kanye West	0fA0VVWsXO9YnASrzqfmYu	Kid Cudi	2008-11-24	1	1.0
5K4W6rqBFWDnAN6FQUkS6x	Kanye West	55Aa2cqylxrFIXC767Z865	Lil Wayne	2008-11-24	1	1.0
5K4W6rqBFWDnAN6FQUkS6x	Kanye West	1zV9UjTUevjp5VUddqIUUn	Mr Hudson	2008-11-24	1	1.0
5K4W6rqBFWDnAN6FQUkS6x	Kanye West	4LEiUm1SRbFMgfqnQTwUbQ	Bon Iver	2010-01-01	2	5.5
5K4W6rqBFWDnAN6FQUkS6x	Kanye West	18HVMQsV3tINaTyzT5UIjH	CyHi The Prynce	2010-01-01	1	1.0
5K4W6rqBFWDnAN6FQUkS6x	Kanye West	3nFkdlSjzX9mRTtwJOzDYB	JAY Z	2010-01-01	2	5.5
5K4W6rqBFWDnAN6FQUkS6x	Kanye West	5y2Xq6xcjJb2jVM54GHK3t	John Legend	2010-01-01	1	1.0
5K4W6rqBFWDnAN6FQUkS6x	Kanye West	0fA0VVWsXO9YnASrzqfmYu	Kid Cudi	2010-01-01	1	1.0
5K4W6rqBFWDnAN6FQUkS6x	Kanye West	0hCNtLu0JehylgoiP8L4Gh	Nicki Minaj	2010-01-01	1	1.0
5K4W6rqBFWDnAN6FQUkS6x	Kanye West	0ONHkAv9pCAFxb0zJwDNTy	Pusha T	2010-01-01	2	5.5
5K4W6rqBFWDnAN6FQUkS6x	Kanye West	2yQf6b8hxahZaT5dHlWaB1	Raekwon	2010-01-01	1	1.0
5K4W6rqBFWDnAN6FQUkS6x	Kanye West	1sBkRIssrMs1AbVkOJbc7a	Rick Ross	2010-01-01	2	5.5
5K4W6rqBFWDnAN6FQUkS6x	Kanye West	4iCwCMnqsNZ6atvRiADgtn	RZA	2010-01-01	1	1.0
5K4W6rqBFWDnAN6FQUkS6x	Kanye West	2cADQgiLMjNhbsfeN52Bf3	Swizz Beatz	2010-01-01	1	1.0
5K4W6rqBFWDnAN6FQUkS6x	Kanye West	2HPaUgqeutzr3jx5a9WyDV	PARTYNEXTDOOR	2018-06-01	2	5.5
