ego_label	ego_name	artist_label	artist_name	release_date	total	total_scalled
64KEffDW9EtZ1y2vBYgq8T	Marshmello	3o8BMojuQONFOJ0cJ0qOEc	Diskord	2016-08-25	1	1.0
64KEffDW9EtZ1y2vBYgq8T	Marshmello	3QryVD03gGZOLQQXjy3EoA	Getter	2016-08-25	1	1.0
64KEffDW9EtZ1y2vBYgq8T	Marshmello	5oAjLXTvB7VDWn3Up9LYcQ	Luca Lush	2016-08-25	1	1.0
64KEffDW9EtZ1y2vBYgq8T	Marshmello	3un05YwofiJaHKHpHOXoWO	MRVLZ	2016-08-25	1	1.0
64KEffDW9EtZ1y2vBYgq8T	Marshmello	41rVuRHYAiH7ltBTHVR9We	Slushii	2016-08-25	1	1.0
64KEffDW9EtZ1y2vBYgq8T	Marshmello	3qbgr6ohQ95zpVwGtEM4V1	Streex	2016-08-25	1	1.0
64KEffDW9EtZ1y2vBYgq8T	Marshmello	7r2uG6BlFXKcwmh9ItqlII	Wrabel	2016-10-27	1	1.0
64KEffDW9EtZ1y2vBYgq8T	Marshmello	55fhWPvDiMpLnE4ZzNXZyW	Noah Cyrus	2017-02-24	1	1.0
64KEffDW9EtZ1y2vBYgq8T	Marshmello	1HQGhla3VNj1dBmKTtVT2t	Ookay	2017-02-24	1	1.0
64KEffDW9EtZ1y2vBYgq8T	Marshmello	6LuN9FCkKOj5PcnpouEgny	Khalid	2017-08-11	1	1.0
64KEffDW9EtZ1y2vBYgq8T	Marshmello	6LuN9FCkKOj5PcnpouEgny	Khalid	2017-10-06	1	1.0
64KEffDW9EtZ1y2vBYgq8T	Marshmello	45eNHdiiabvmbp4erw26rg	ILLENIUM	2017-10-12	1	1.0
64KEffDW9EtZ1y2vBYgq8T	Marshmello	6LuN9FCkKOj5PcnpouEgny	Khalid	2017-10-12	3	4.6
64KEffDW9EtZ1y2vBYgq8T	Marshmello	41rVuRHYAiH7ltBTHVR9We	Slushii	2017-10-12	1	1.0
64KEffDW9EtZ1y2vBYgq8T	Marshmello	5t8tQRTRMQFxAPCiYMR694	SUMR CAMP	2017-10-12	1	1.0
64KEffDW9EtZ1y2vBYgq8T	Marshmello	6LuN9FCkKOj5PcnpouEgny	Khalid	2017-10-13	1	1.0
64KEffDW9EtZ1y2vBYgq8T	Marshmello	2o5jDhtHVPhrJdv3cEQ99Z	Tiësto	2017-10-13	1	1.0
64KEffDW9EtZ1y2vBYgq8T	Marshmello	2nuKjZLgc7II6FO4Rxjt5e	Blonde	2017-10-24	1	1.0
64KEffDW9EtZ1y2vBYgq8T	Marshmello	6LuN9FCkKOj5PcnpouEgny	Khalid	2017-10-24	2	2.8
64KEffDW9EtZ1y2vBYgq8T	Marshmello	32E18qvPvppVQ22FCERDnl	Rude Kid	2017-10-24	1	1.0
64KEffDW9EtZ1y2vBYgq8T	Marshmello	2kCcBybjl3SAtIcwdWpUe3	Lil Peep	2018-01-12	1	1.0
64KEffDW9EtZ1y2vBYgq8T	Marshmello	1zNqDE7qDGCsyzJwohVaoX	Anne-Marie	2018-02-09	1	1.0
64KEffDW9EtZ1y2vBYgq8T	Marshmello	0KEExJc1NKwmzJxQHbbkts	Leah Culver	2018-03-09	1	1.0
64KEffDW9EtZ1y2vBYgq8T	Marshmello	1zNqDE7qDGCsyzJwohVaoX	Anne-Marie	2018-03-23	1	1.0
64KEffDW9EtZ1y2vBYgq8T	Marshmello	6cEuCEZu7PAE9ZSzLLc2oQ	R3HAB	2018-03-23	1	1.0
64KEffDW9EtZ1y2vBYgq8T	Marshmello	1zNqDE7qDGCsyzJwohVaoX	Anne-Marie	2018-04-06	2	2.8
64KEffDW9EtZ1y2vBYgq8T	Marshmello	4uiMn2g0pgTrhN096QJhbp	Borgeous	2018-04-06	1	1.0
64KEffDW9EtZ1y2vBYgq8T	Marshmello	3EXfNuPuR3OFEdlyoSutcG	Sikdope	2018-04-06	1	1.0
64KEffDW9EtZ1y2vBYgq8T	Marshmello	31W5EY0aAly4Qieq6OFu6I	A Boogie Wit da Hoodie	2018-04-13	1	1.0
64KEffDW9EtZ1y2vBYgq8T	Marshmello	1zNqDE7qDGCsyzJwohVaoX	Anne-Marie	2018-04-13	1	1.0
64KEffDW9EtZ1y2vBYgq8T	Marshmello	1zNqDE7qDGCsyzJwohVaoX	Anne-Marie	2018-04-27	1	1.0
64KEffDW9EtZ1y2vBYgq8T	Marshmello	4IWBUUAFIplrNtaOHcJPRM	James Arthur	2018-05-04	1	1.0
64KEffDW9EtZ1y2vBYgq8T	Marshmello	5gCRApTajqwbnHHPbr2Fpi	Juicy J	2018-05-04	1	1.0
64KEffDW9EtZ1y2vBYgq8T	Marshmello	1zNqDE7qDGCsyzJwohVaoX	Anne-Marie	2018-05-25	1	1.0
64KEffDW9EtZ1y2vBYgq8T	Marshmello	4IWBUUAFIplrNtaOHcJPRM	James Arthur	2018-06-15	2	2.8
64KEffDW9EtZ1y2vBYgq8T	Marshmello	5gCRApTajqwbnHHPbr2Fpi	Juicy J	2018-06-15	2	2.8
64KEffDW9EtZ1y2vBYgq8T	Marshmello	5t8tQRTRMQFxAPCiYMR694	SUMR CAMP	2018-06-15	1	1.0
64KEffDW9EtZ1y2vBYgq8T	Marshmello	04O00MEN0lHEKWTwRjb1nS	THRDL!FE	2018-06-15	1	1.0
64KEffDW9EtZ1y2vBYgq8T	Marshmello	1zNqDE7qDGCsyzJwohVaoX	Anne-Marie	2018-06-21	1	1.0
64KEffDW9EtZ1y2vBYgq8T	Marshmello	1NyxTiCivDmzgFWYD1V01m	Justin Caruso	2018-06-21	1	1.0
64KEffDW9EtZ1y2vBYgq8T	Marshmello	1zNqDE7qDGCsyzJwohVaoX	Anne-Marie	2018-08-03	1	1.0
64KEffDW9EtZ1y2vBYgq8T	Marshmello	7EQ0qTo7fWT7DPxmxtSYEc	Bastille	2018-08-17	1	1.0
64KEffDW9EtZ1y2vBYgq8T	Marshmello	1zNqDE7qDGCsyzJwohVaoX	Anne-Marie	2018-09-07	1	1.0
64KEffDW9EtZ1y2vBYgq8T	Marshmello	5abSRg0xN1NV3gLbuvX24M	Amr Diab	2018-09-28	1	1.0
64KEffDW9EtZ1y2vBYgq8T	Marshmello	7EQ0qTo7fWT7DPxmxtSYEc	Bastille	2018-10-19	4	6.3999999999999995
64KEffDW9EtZ1y2vBYgq8T	Marshmello	59Yq0xrABEihHANsfo9QMT	Blanke	2018-10-19	1	1.0
64KEffDW9EtZ1y2vBYgq8T	Marshmello	53M4Iv2RkzzxFFvW2B1jhC	Breathe Carolina	2018-10-19	1	1.0
64KEffDW9EtZ1y2vBYgq8T	Marshmello	6rcE30MaP92XafelMNZ2Sq	Frank Walker	2018-10-19	1	1.0
64KEffDW9EtZ1y2vBYgq8T	Marshmello	2zhOVmp1pHxMUZuA68Xdvb	SPENCE	2018-10-19	1	1.0
64KEffDW9EtZ1y2vBYgq8T	Marshmello	7EQ0qTo7fWT7DPxmxtSYEc	Bastille	2018-11-09	1	1.0
64KEffDW9EtZ1y2vBYgq8T	Marshmello	7EQ0qTo7fWT7DPxmxtSYEc	Bastille	2018-11-30	6	10.0
64KEffDW9EtZ1y2vBYgq8T	Marshmello	2cluM7gjDFXBrker5aNbr2	Hikeii	2018-11-30	1	1.0
64KEffDW9EtZ1y2vBYgq8T	Marshmello	5ttgIeUVka6FLyi00Uu5h8	Jauz	2018-11-30	1	1.0
64KEffDW9EtZ1y2vBYgq8T	Marshmello	5xmKSoBLGN455TjWbaFcZa	Matt Medved	2018-11-30	1	1.0
64KEffDW9EtZ1y2vBYgq8T	Marshmello	2u01kCKA5wDvvztuH8lyT0	SVDDEN DEATH	2018-11-30	1	1.0
64KEffDW9EtZ1y2vBYgq8T	Marshmello	0FIENxWAWlIBKgjGOoktIo	Tim Gunter	2018-11-30	1	1.0
64KEffDW9EtZ1y2vBYgq8T	Marshmello	3ip1sezZV57uOtHDnLXAkH	West Coast Massive	2018-11-30	1	1.0
64KEffDW9EtZ1y2vBYgq8T	Marshmello	2uZ4NjsqNN8rcnS4Ts4pjE	Dan Smith	2018-12-07	1	1.0
64KEffDW9EtZ1y2vBYgq8T	Marshmello	757aE44tKEUQEqRuT6GnEB	Roddy Ricch	2018-12-07	1	1.0
64KEffDW9EtZ1y2vBYgq8T	Marshmello	3hJvqu23V27z6orfSOKDSc	Steve McCutcheon	2018-12-07	1	1.0
64KEffDW9EtZ1y2vBYgq8T	Marshmello	6MERXsiRbur2oJZFgYRDKz	Vitamin String Quartet	2018-12-07	1	1.0
