ego_label	ego_name	artist_label	artist_name	release_date	total	total_scalled
1RyvyyTE3xzB2ZywiAwp0i	Future	3TVXtAsR1Inumwj472S9r4	Drake	2011-10-14	1	1.0
1RyvyyTE3xzB2ZywiAwp0i	Future	5V99KfHYuhVenVTtJAUPlo	Cooley	2012-01-17	1	1.0
1RyvyyTE3xzB2ZywiAwp0i	Future	13y7CgLHjMVRMDqxdx0Xdo	Gucci Mane	2012-01-17	1	1.0
1RyvyyTE3xzB2ZywiAwp0i	Future	4yBK75WVCQXej1p04GWqxH	Jeezy	2012-01-17	1	1.0
1RyvyyTE3xzB2ZywiAwp0i	Future	3ipn9JLAPI5GUEo4y4jcoi	Ludacris	2012-01-17	1	1.0
1RyvyyTE3xzB2ZywiAwp0i	Future	0T5OJgMVjKIX3b3W3ekqOl	Rocko	2012-01-17	1	1.0
1RyvyyTE3xzB2ZywiAwp0i	Future	1MYtt2sO0GF30bBYjpxfTC	Tasha Catour	2012-01-17	1	1.0
1RyvyyTE3xzB2ZywiAwp0i	Future	4cmA2QDPdzh8W2ytpyUGes	Young Scooter	2012-01-17	1	1.0
1RyvyyTE3xzB2ZywiAwp0i	Future	4OBJLual30L7gRl5UkeRcT	T.I.	2012-01-24	2	1.8181818181818183
1RyvyyTE3xzB2ZywiAwp0i	Future	39uOfkRb9XnAEW9zs3JCbb	Big Rube	2012-04-13	1	1.0
1RyvyyTE3xzB2ZywiAwp0i	Future	3TVXtAsR1Inumwj472S9r4	Drake	2012-04-13	1	1.0
1RyvyyTE3xzB2ZywiAwp0i	Future	5gCRApTajqwbnHHPbr2Fpi	Juicy J	2012-04-13	1	1.0
1RyvyyTE3xzB2ZywiAwp0i	Future	2mxe0TnaNL039ysAj51xPQ	R. Kelly	2012-04-13	1	1.0
1RyvyyTE3xzB2ZywiAwp0i	Future	7hJcb9fa4alzcOq3EaNPoG	Snoop Dogg	2012-04-13	1	1.0
1RyvyyTE3xzB2ZywiAwp0i	Future	4OBJLual30L7gRl5UkeRcT	T.I.	2012-04-13	1	1.0
1RyvyyTE3xzB2ZywiAwp0i	Future	49vCIUW46QY3L5vo1xVFoy	Trae Tha Truth	2012-04-13	1	1.0
1RyvyyTE3xzB2ZywiAwp0i	Future	59wfkuBoNyhDMQGCljbUbA	Diddy	2012-06-08	1	1.0
1RyvyyTE3xzB2ZywiAwp0i	Future	3ipn9JLAPI5GUEo4y4jcoi	Ludacris	2012-06-08	1	1.0
1RyvyyTE3xzB2ZywiAwp0i	Future	39uOfkRb9XnAEW9zs3JCbb	Big Rube	2012-11-27	1	1.0
1RyvyyTE3xzB2ZywiAwp0i	Future	59wfkuBoNyhDMQGCljbUbA	Diddy	2012-11-27	1	1.0
1RyvyyTE3xzB2ZywiAwp0i	Future	3TVXtAsR1Inumwj472S9r4	Drake	2012-11-27	1	1.0
1RyvyyTE3xzB2ZywiAwp0i	Future	5gCRApTajqwbnHHPbr2Fpi	Juicy J	2012-11-27	1	1.0
1RyvyyTE3xzB2ZywiAwp0i	Future	3AuMNF8rQAKOzjYppFNAoB	Kelly Rowland	2012-11-27	1	1.0
1RyvyyTE3xzB2ZywiAwp0i	Future	3ipn9JLAPI5GUEo4y4jcoi	Ludacris	2012-11-27	1	1.0
1RyvyyTE3xzB2ZywiAwp0i	Future	2mxe0TnaNL039ysAj51xPQ	R. Kelly	2012-11-27	1	1.0
1RyvyyTE3xzB2ZywiAwp0i	Future	7hJcb9fa4alzcOq3EaNPoG	Snoop Dogg	2012-11-27	1	1.0
1RyvyyTE3xzB2ZywiAwp0i	Future	4OBJLual30L7gRl5UkeRcT	T.I.	2012-11-27	1	1.0
1RyvyyTE3xzB2ZywiAwp0i	Future	49vCIUW46QY3L5vo1xVFoy	Trae Tha Truth	2012-11-27	1	1.0
1RyvyyTE3xzB2ZywiAwp0i	Future	13y7CgLHjMVRMDqxdx0Xdo	Gucci Mane	2013-01-01	1	1.0
1RyvyyTE3xzB2ZywiAwp0i	Future	6AMa1VFQ7qCi61tCRtVWXe	Jim Jones	2013-01-01	1	1.0
1RyvyyTE3xzB2ZywiAwp0i	Future	6Ha4aES39QiVjR0L2lwuwq	Yo Gotti	2013-01-01	1	1.0
1RyvyyTE3xzB2ZywiAwp0i	Future	4cmA2QDPdzh8W2ytpyUGes	Young Scooter	2013-01-01	2	1.8181818181818183
1RyvyyTE3xzB2ZywiAwp0i	Future	0701LAQrkY5Il5vt06uNnC	Trouble	2013-07-10	1	1.0
1RyvyyTE3xzB2ZywiAwp0i	Future	5YGY8feqx7naU7z4HrwZM6	Miley Cyrus	2013-11-05	1	1.0
1RyvyyTE3xzB2ZywiAwp0i	Future	1zV9UjTUevjp5VUddqIUUn	Mr Hudson	2013-11-05	1	1.0
1RyvyyTE3xzB2ZywiAwp0i	Future	0NbfKEOTQCcwd6o7wSDOHI	The Game	2013-11-27	1	1.0
1RyvyyTE3xzB2ZywiAwp0i	Future	5LHRHt1k9lMyONurDHEdrp	Tyga	2013-11-27	1	1.0
1RyvyyTE3xzB2ZywiAwp0i	Future	4XvaV0jFnwEthusiVdEBHK	Casino	2014-02-08	1	1.0
1RyvyyTE3xzB2ZywiAwp0i	Future	2RdwBSPQiwcmiDo9kixcl8	Pharrell Williams	2014-02-08	1	1.0
1RyvyyTE3xzB2ZywiAwp0i	Future	0ONHkAv9pCAFxb0zJwDNTy	Pusha T	2014-02-08	1	1.0
1RyvyyTE3xzB2ZywiAwp0i	Future	74V3dE1a51skRkdII8y2C6	André 3000	2014-04-22	1	1.0
1RyvyyTE3xzB2ZywiAwp0i	Future	4XvaV0jFnwEthusiVdEBHK	Casino	2014-04-22	1	1.0
1RyvyyTE3xzB2ZywiAwp0i	Future	3TVXtAsR1Inumwj472S9r4	Drake	2014-04-22	1	1.0
1RyvyyTE3xzB2ZywiAwp0i	Future	5K4W6rqBFWDnAN6FQUkS6x	Kanye West	2014-04-22	1	1.0
1RyvyyTE3xzB2ZywiAwp0i	Future	55Aa2cqylxrFIXC767Z865	Lil Wayne	2014-04-22	1	1.0
1RyvyyTE3xzB2ZywiAwp0i	Future	2RdwBSPQiwcmiDo9kixcl8	Pharrell Williams	2014-04-22	1	1.0
1RyvyyTE3xzB2ZywiAwp0i	Future	0ONHkAv9pCAFxb0zJwDNTy	Pusha T	2014-04-22	1	1.0
1RyvyyTE3xzB2ZywiAwp0i	Future	137W8MRPWKqSmrBGDBFSop	Wiz Khalifa	2014-04-22	1	1.0
1RyvyyTE3xzB2ZywiAwp0i	Future	4cmA2QDPdzh8W2ytpyUGes	Young Scooter	2014-04-22	2	1.8181818181818183
1RyvyyTE3xzB2ZywiAwp0i	Future	4aAlBnW4WwBc0sQjHLI7Vj	Midnight Pulse	2014-07-20	1	1.0
1RyvyyTE3xzB2ZywiAwp0i	Future	43IRDYLfMPHrb4kfH7KHg4	Stuey Rock	2014-11-19	1	1.0
1RyvyyTE3xzB2ZywiAwp0i	Future	0I5HubncQ8E1MFZOlPDY4J	Trinidad James	2015-01-20	1	1.0
1RyvyyTE3xzB2ZywiAwp0i	Future	6Ha4aES39QiVjR0L2lwuwq	Yo Gotti	2015-01-20	1	1.0
1RyvyyTE3xzB2ZywiAwp0i	Future	3ipn9JLAPI5GUEo4y4jcoi	Ludacris	2015-03-27	1	1.0
1RyvyyTE3xzB2ZywiAwp0i	Future	0T5OJgMVjKIX3b3W3ekqOl	Rocko	2015-03-27	1	1.0
1RyvyyTE3xzB2ZywiAwp0i	Future	7oJevyXJ0etJIj4AeZZGfp	Hollywood	2015-05-13	1	1.0
1RyvyyTE3xzB2ZywiAwp0i	Future	59wfkuBoNyhDMQGCljbUbA	Diddy	2015-05-19	1	1.0
1RyvyyTE3xzB2ZywiAwp0i	Future	3ipn9JLAPI5GUEo4y4jcoi	Ludacris	2015-05-19	1	1.0
1RyvyyTE3xzB2ZywiAwp0i	Future	4XvaV0jFnwEthusiVdEBHK	Casino	2015-07-17	1	1.0
1RyvyyTE3xzB2ZywiAwp0i	Future	59wfkuBoNyhDMQGCljbUbA	Diddy	2015-07-17	1	1.0
1RyvyyTE3xzB2ZywiAwp0i	Future	3TVXtAsR1Inumwj472S9r4	Drake	2015-07-17	1	1.0
1RyvyyTE3xzB2ZywiAwp0i	Future	3ipn9JLAPI5GUEo4y4jcoi	Ludacris	2015-07-17	1	1.0
1RyvyyTE3xzB2ZywiAwp0i	Future	2RdwBSPQiwcmiDo9kixcl8	Pharrell Williams	2015-07-17	1	1.0
1RyvyyTE3xzB2ZywiAwp0i	Future	0ONHkAv9pCAFxb0zJwDNTy	Pusha T	2015-07-17	1	1.0
1RyvyyTE3xzB2ZywiAwp0i	Future	1wcXF5tlbFaiIFMOfUKWOy	Philip James de Vries	2015-12-14	1	1.0
1RyvyyTE3xzB2ZywiAwp0i	Future	1Xyo4u8uXC1ZmMpatF05PJ	The Weeknd	2016-04-13	1	1.0
1RyvyyTE3xzB2ZywiAwp0i	Future	17lzZA2AlOHwCwFALHttmp	2 Chainz	2016-10-13	1	1.0
1RyvyyTE3xzB2ZywiAwp0i	Future	0uFc6StTmJBvdHPZFDkdJy	Casey Veggies	2016-10-13	1	1.0
1RyvyyTE3xzB2ZywiAwp0i	Future	3TVXtAsR1Inumwj472S9r4	Drake	2016-10-13	1	1.0
1RyvyyTE3xzB2ZywiAwp0i	Future	5gCRApTajqwbnHHPbr2Fpi	Juicy J	2016-10-13	1	1.0
1RyvyyTE3xzB2ZywiAwp0i	Future	4O15NlyKLIASxsJ0PrXPfz	Lil Uzi Vert	2016-10-13	1	1.0
1RyvyyTE3xzB2ZywiAwp0i	Future	3DiSC0nSNNWpPy5ZK3mcrz	Nef The Pharaoh	2016-10-13	1	1.0
1RyvyyTE3xzB2ZywiAwp0i	Future	7iZtZyCzp3LItcw1wtPI3D	Rae Sremmurd	2016-10-13	1	1.0
1RyvyyTE3xzB2ZywiAwp0i	Future	7EPz2x4DTXSuM8gFBw722V	Rambo so weird	2016-10-13	1	1.0
1RyvyyTE3xzB2ZywiAwp0i	Future	5lHRUCqkQZCIWeX7xG4sYT	Rich Homie Quan	2016-10-13	1	1.0
1RyvyyTE3xzB2ZywiAwp0i	Future	43IRDYLfMPHrb4kfH7KHg4	Stuey Rock	2016-10-13	1	1.0
1RyvyyTE3xzB2ZywiAwp0i	Future	50co4Is1HCEo8bhOyUWKpn	Young Thug	2016-10-13	1	1.0
1RyvyyTE3xzB2ZywiAwp0i	Future	3TVXtAsR1Inumwj472S9r4	Drake	2016-11-04	1	1.0
1RyvyyTE3xzB2ZywiAwp0i	Future	0HV5Dmeo6mrWSdMUo5JDmM	Magnetic Brothers	2016-11-07	1	1.0
1RyvyyTE3xzB2ZywiAwp0i	Future	0rG0AZBscc8S8q1ahIsasI	Juvenile	2016-11-29	1	1.0
1RyvyyTE3xzB2ZywiAwp0i	Future	4cmA2QDPdzh8W2ytpyUGes	Young Scooter	2016-11-29	1	1.0
1RyvyyTE3xzB2ZywiAwp0i	Future	5sZ1iSSDmsUYHZVgmTCHNg	Michael A	2017-01-02	1	1.0
1RyvyyTE3xzB2ZywiAwp0i	Future	2YZyLoL8N0Wb9xBt1NhZWg	Kendrick Lamar	2017-05-23	1	1.0
1RyvyyTE3xzB2ZywiAwp0i	Future	64KEffDW9EtZ1y2vBYgq8T	Marshmello	2017-06-16	1	1.0
1RyvyyTE3xzB2ZywiAwp0i	Future	3TVXtAsR1Inumwj472S9r4	Drake	2017-06-30	1	1.0
1RyvyyTE3xzB2ZywiAwp0i	Future	2YZyLoL8N0Wb9xBt1NhZWg	Kendrick Lamar	2017-06-30	1	1.0
1RyvyyTE3xzB2ZywiAwp0i	Future	0A0FS04o6zMoto8OKPsDwY	YG	2017-06-30	1	1.0
1RyvyyTE3xzB2ZywiAwp0i	Future	7bXgB6jMjp9ATFy66eO08Z	Chris Brown	2017-07-27	1	1.0
1RyvyyTE3xzB2ZywiAwp0i	Future	0hCNtLu0JehylgoiP8L4Gh	Nicki Minaj	2017-07-27	1	1.0
1RyvyyTE3xzB2ZywiAwp0i	Future	5pKCCKE2ajJHZ9KAiaK11H	Rihanna	2017-07-27	1	1.0
1RyvyyTE3xzB2ZywiAwp0i	Future	1Xyo4u8uXC1ZmMpatF05PJ	The Weeknd	2017-07-27	1	1.0
1RyvyyTE3xzB2ZywiAwp0i	Future	4DdkRBBYG6Yk9Ka8tdJ9BW	Offset	2017-10-20	1	1.0
1RyvyyTE3xzB2ZywiAwp0i	Future	50co4Is1HCEo8bhOyUWKpn	Young Thug	2017-10-20	9	7.545454545454546
1RyvyyTE3xzB2ZywiAwp0i	Future	6WkUZyqghQei2G809wMKuZ	Yung Bans	2018-05-30	1	1.0
1RyvyyTE3xzB2ZywiAwp0i	Future	1URnnhqYAYcrqrcwql10ft	21 Savage	2018-06-15	1	1.0
1RyvyyTE3xzB2ZywiAwp0i	Future	6tVggw2tOs5i1IraBG9HLC	Gunna	2018-06-15	1	1.0
1RyvyyTE3xzB2ZywiAwp0i	Future	55Aa2cqylxrFIXC767Z865	Lil Wayne	2018-06-15	1	1.0
1RyvyyTE3xzB2ZywiAwp0i	Future	2HPaUgqeutzr3jx5a9WyDV	PARTYNEXTDOOR	2018-06-15	1	1.0
1RyvyyTE3xzB2ZywiAwp0i	Future	7Dnu2NmddNymEI2LMZVH5v	Sleepy Brown	2018-06-15	1	1.0
1RyvyyTE3xzB2ZywiAwp0i	Future	50co4Is1HCEo8bhOyUWKpn	Young Thug	2018-06-15	4	3.454545454545454
1RyvyyTE3xzB2ZywiAwp0i	Future	6WkUZyqghQei2G809wMKuZ	Yung Bans	2018-06-15	1	1.0
1RyvyyTE3xzB2ZywiAwp0i	Future	4cmA2QDPdzh8W2ytpyUGes	Young Scooter	2018-07-06	1	1.0
1RyvyyTE3xzB2ZywiAwp0i	Future	2hlmm7s2ICUX0LVIhVFlZQ	Gunna	2018-10-19	1	1.0
1RyvyyTE3xzB2ZywiAwp0i	Future	4MCBfE4596Uoi2O4DtmEMz	Juice WRLD	2018-10-19	12	10.0
1RyvyyTE3xzB2ZywiAwp0i	Future	55Aa2cqylxrFIXC767Z865	Lil Wayne	2018-10-19	1	1.0
1RyvyyTE3xzB2ZywiAwp0i	Future	0hCNtLu0JehylgoiP8L4Gh	Nicki Minaj	2018-10-19	1	1.0
1RyvyyTE3xzB2ZywiAwp0i	Future	4cmA2QDPdzh8W2ytpyUGes	Young Scooter	2018-10-19	1	1.0
1RyvyyTE3xzB2ZywiAwp0i	Future	50co4Is1HCEo8bhOyUWKpn	Young Thug	2018-10-19	1	1.0
1RyvyyTE3xzB2ZywiAwp0i	Future	6WkUZyqghQei2G809wMKuZ	Yung Bans	2018-10-19	1	1.0
