ego_label	ego_name	artist_label	artist_name	release_date	total	total_scalled
1i8SpTcr7yvPOmcqrbnVXY	Ozuna	6ieK9Ddas29reReO60on3o	Gotay "El Autentiko"	2014-07-15	1	1.0
1i8SpTcr7yvPOmcqrbnVXY	Ozuna	7a9gFzWS5uEHtbNNgA6xyM	D.OZI	2014-10-04	1	1.0
1i8SpTcr7yvPOmcqrbnVXY	Ozuna	3Wb38LDP3N4tkobValgE9D	Juanka	2015-06-17	2	5.5
1i8SpTcr7yvPOmcqrbnVXY	Ozuna	4EUuo69gaVcmgccyBBCTYI	Kendo	2015-06-17	2	5.5
1i8SpTcr7yvPOmcqrbnVXY	Ozuna	5gUZ67Vzi1FV2SnrWl1GlE	Benny Benni	2015-10-01	1	1.0
1i8SpTcr7yvPOmcqrbnVXY	Ozuna	4VMYDCV2IEDYJArk749S6m	Daddy Yankee	2016-03-24	1	1.0
1i8SpTcr7yvPOmcqrbnVXY	Ozuna	4Tw0VaV1ENei24iQnktjXj	Alexio	2016-06-22	1	1.0
1i8SpTcr7yvPOmcqrbnVXY	Ozuna	4lYCHDsGD7sbyyiTzMdXZ1	Juanka El Problematik	2016-06-22	1	1.0
1i8SpTcr7yvPOmcqrbnVXY	Ozuna	2qbEtwBVyobgpNP5KcHE9J	Pusho	2016-06-22	1	1.0
1i8SpTcr7yvPOmcqrbnVXY	Ozuna	4SsVbpTthjScTS7U2hmr1X	Arcangel	2016-07-08	1	1.0
1i8SpTcr7yvPOmcqrbnVXY	Ozuna	329e4yvIujISKGKz1BZZbO	Farruko	2016-07-08	1	1.0
1i8SpTcr7yvPOmcqrbnVXY	Ozuna	5SYAaCKEVYhN3RDSDKUTJn	Galante "El Emperador"	2016-07-18	1	1.0
1i8SpTcr7yvPOmcqrbnVXY	Ozuna	09SFdWT7PgPgyVjQl2lxli	Mr. Frank (Big Pappa)	2016-08-01	1	1.0
1i8SpTcr7yvPOmcqrbnVXY	Ozuna	4Tw0VaV1ENei24iQnktjXj	Alexio	2016-08-19	1	1.0
1i8SpTcr7yvPOmcqrbnVXY	Ozuna	64aJYyrXljOodnUG6jvhRD	DJ Luian	2016-08-19	1	1.0
1i8SpTcr7yvPOmcqrbnVXY	Ozuna	1RBzGO6Nm3uyhUSxP7EDWO	Kevin Roldan	2016-08-19	1	1.0
1i8SpTcr7yvPOmcqrbnVXY	Ozuna	77GVmrLGuxNEvj2ibvT62v	Luigi 21 Plus	2016-08-19	1	1.0
1i8SpTcr7yvPOmcqrbnVXY	Ozuna	2T1aUibqR2QC2sINIDQOAK	Mambo Kingz	2016-08-19	1	1.0
1i8SpTcr7yvPOmcqrbnVXY	Ozuna	2qbEtwBVyobgpNP5KcHE9J	Pusho	2016-08-19	1	1.0
1i8SpTcr7yvPOmcqrbnVXY	Ozuna	4kejafUkN53v2HsYzMhgaJ	Jenay	2016-08-23	1	1.0
1i8SpTcr7yvPOmcqrbnVXY	Ozuna	0S7MwI5YpZTkhA5aiDm0uM	Jordan	2016-08-23	1	1.0
1i8SpTcr7yvPOmcqrbnVXY	Ozuna	5LafWb8dqRsOum5iyd98yJ	Kronak	2016-08-23	1	1.0
1i8SpTcr7yvPOmcqrbnVXY	Ozuna	0B2e3wwBBGGuCR2hPOG70C	Opi	2016-08-23	1	1.0
1i8SpTcr7yvPOmcqrbnVXY	Ozuna	00me4Ke1LsvMxt5kydlMyU	Cosculluela	2016-09-01	1	1.0
1i8SpTcr7yvPOmcqrbnVXY	Ozuna	2wYOpkTJZGByNEOjEnSmoW	Revol	2016-09-01	1	1.0
1i8SpTcr7yvPOmcqrbnVXY	Ozuna	5gUZ67Vzi1FV2SnrWl1GlE	Benny Benni	2016-10-02	1	1.0
1i8SpTcr7yvPOmcqrbnVXY	Ozuna	6w9ToX5slZ4uIdmD17hJ3c	Bryant Myers	2016-10-02	1	1.0
1i8SpTcr7yvPOmcqrbnVXY	Ozuna	329e4yvIujISKGKz1BZZbO	Farruko	2016-10-02	1	1.0
1i8SpTcr7yvPOmcqrbnVXY	Ozuna	3Wb38LDP3N4tkobValgE9D	Juanka	2016-10-02	1	1.0
1i8SpTcr7yvPOmcqrbnVXY	Ozuna	2R21vXR83lH98kGeO99Y66	Anuel Aa	2017-01-01	1	1.0
1i8SpTcr7yvPOmcqrbnVXY	Ozuna	3Ia6QnB1tPR9bcgnmbL5FO	Yampi	2017-01-01	1	1.0
1i8SpTcr7yvPOmcqrbnVXY	Ozuna	0eHQ9o50hj6ZDNBt6Ys1sD	Yandel	2017-03-07	1	1.0
1i8SpTcr7yvPOmcqrbnVXY	Ozuna	7t9BwK0rfNeAKJTHGzI6rH	Op Kadabra	2017-05-19	1	1.0
1i8SpTcr7yvPOmcqrbnVXY	Ozuna	2R21vXR83lH98kGeO99Y66	Anuel Aa	2017-06-21	1	1.0
1i8SpTcr7yvPOmcqrbnVXY	Ozuna	2R21vXR83lH98kGeO99Y66	Anuel Aa	2017-08-25	1	1.0
1i8SpTcr7yvPOmcqrbnVXY	Ozuna	3EiLUeyEcA6fbRPSHkG5kb	De La Ghetto	2017-08-25	1	1.0
1i8SpTcr7yvPOmcqrbnVXY	Ozuna	1vyhD5VmyZ7KMfW5gqLgo5	J Balvin	2017-08-25	1	1.0
1i8SpTcr7yvPOmcqrbnVXY	Ozuna	1SupJlEpv7RS2tPNRaHViT	Nicky Jam	2017-08-25	1	1.0
1i8SpTcr7yvPOmcqrbnVXY	Ozuna	21451j1KhjAiaYKflxBjr1	Zion & Lennox	2017-08-25	1	1.0
1i8SpTcr7yvPOmcqrbnVXY	Ozuna	4VMYDCV2IEDYJArk749S6m	Daddy Yankee	2017-11-17	1	1.0
1i8SpTcr7yvPOmcqrbnVXY	Ozuna	2jSGzJw0ebJLu7OLVSOcBP	Plan B	2017-11-17	1	1.0
1i8SpTcr7yvPOmcqrbnVXY	Ozuna	6P6GTRTigHBp8ZesNtpCKH	Almighty	2018-01-19	1	1.0
1i8SpTcr7yvPOmcqrbnVXY	Ozuna	4q3ewBCX7sLwd24euuV69X	Bad Bunny	2018-01-19	1	1.0
1i8SpTcr7yvPOmcqrbnVXY	Ozuna	64aJYyrXljOodnUG6jvhRD	DJ Luian	2018-01-19	1	1.0
1i8SpTcr7yvPOmcqrbnVXY	Ozuna	2T1aUibqR2QC2sINIDQOAK	Mambo Kingz	2018-01-19	1	1.0
1i8SpTcr7yvPOmcqrbnVXY	Ozuna	3E6xrwgnVfYCrCs0ePERDz	Wisin	2018-01-19	1	1.0
1i8SpTcr7yvPOmcqrbnVXY	Ozuna	5lwmRuXgjX8xIwlnauTZIP	Romeo Santos	2018-01-30	1	1.0
1i8SpTcr7yvPOmcqrbnVXY	Ozuna	3XDKwX01g870QYnp2qI8aT	Zzinfu	2018-01-31	1	1.0
1i8SpTcr7yvPOmcqrbnVXY	Ozuna	4SzD0wClEg9NKVJZbCRFqS	Ele A El Dominio	2018-04-05	1	1.0
1i8SpTcr7yvPOmcqrbnVXY	Ozuna	0z4gvV4rjIZ9wHck67ucSV	Akon	2018-08-24	1	1.0
1i8SpTcr7yvPOmcqrbnVXY	Ozuna	2R21vXR83lH98kGeO99Y66	Anuel Aa	2018-08-24	3	10.0
1i8SpTcr7yvPOmcqrbnVXY	Ozuna	2tYwhzzfvvDr29BbBFcHhB	Arthur Hanlon	2018-08-24	1	1.0
1i8SpTcr7yvPOmcqrbnVXY	Ozuna	4kYSro6naA4h99UJvo89HB	Cardi B	2018-08-24	1	1.0
1i8SpTcr7yvPOmcqrbnVXY	Ozuna	1vyhD5VmyZ7KMfW5gqLgo5	J Balvin	2018-08-24	1	1.0
1i8SpTcr7yvPOmcqrbnVXY	Ozuna	0tmwSHipWxN12fsoLcFU3B	Manuel Turizo	2018-08-24	1	1.0
1i8SpTcr7yvPOmcqrbnVXY	Ozuna	1GDbiv3spRmZ1XdM1jQbT7	Natti Natasha	2018-08-24	1	1.0
1i8SpTcr7yvPOmcqrbnVXY	Ozuna	1SupJlEpv7RS2tPNRaHViT	Nicky Jam	2018-08-24	1	1.0
1i8SpTcr7yvPOmcqrbnVXY	Ozuna	3jFjgKOGfVLWfXX8q5wrsg	R.K.M & Ken-Y	2018-08-24	1	1.0
1i8SpTcr7yvPOmcqrbnVXY	Ozuna	5lwmRuXgjX8xIwlnauTZIP	Romeo Santos	2018-08-24	1	1.0
1i8SpTcr7yvPOmcqrbnVXY	Ozuna	3E6xrwgnVfYCrCs0ePERDz	Wisin	2018-08-24	2	5.5
1i8SpTcr7yvPOmcqrbnVXY	Ozuna	0eHQ9o50hj6ZDNBt6Ys1sD	Yandel	2018-08-24	2	5.5
1i8SpTcr7yvPOmcqrbnVXY	Ozuna	47MpMsUfWtgyIIBEFOr4FE	Lunay	2018-11-16	1	1.0
1i8SpTcr7yvPOmcqrbnVXY	Ozuna	1Ts9of7VPZElwPQnqnDSfW	Lyanno	2018-11-16	1	1.0
1i8SpTcr7yvPOmcqrbnVXY	Ozuna	1mcTU81TzQhprhouKaTkpq	Rauw Alejandro	2018-11-16	1	1.0
1i8SpTcr7yvPOmcqrbnVXY	Ozuna	6WRxocw99UTRWQyHgLhVuJ	Christian Nieves	2018-12-12	1	1.0
1i8SpTcr7yvPOmcqrbnVXY	Ozuna	3zdXxojrGhIyEgKvHABKim	Generacion Escogida	2018-12-12	1	1.0
