ego_label	ego_name	artist_label	artist_name	release_date	total	total_scalled
15UsOTVnJzReFVN1VCnxy4	XXXTENTACION	2rhFzFmezpnW82MNqEKVry	Ski Mask The Slump God	2017-04-20	1	1.0
15UsOTVnJzReFVN1VCnxy4	XXXTENTACION	0zPILh9oEH0fDagpkHTQQ8	Killstation	2017-05-16	1	1.0
15UsOTVnJzReFVN1VCnxy4	XXXTENTACION	6HhsbprrJmKeaH8SgSlGge	Kin$oul	2017-05-16	1	1.0
15UsOTVnJzReFVN1VCnxy4	XXXTENTACION	2rhFzFmezpnW82MNqEKVry	Ski Mask The Slump God	2017-05-16	1	1.0
15UsOTVnJzReFVN1VCnxy4	XXXTENTACION	5bCwYvvFvWOEXtO9W7p0Iv	Craig Xen	2017-07-14	2	2.8
15UsOTVnJzReFVN1VCnxy4	XXXTENTACION	57SA5Qv24Vydwd6bJnV8fI	Kid Trunks	2017-07-14	1	1.0
15UsOTVnJzReFVN1VCnxy4	XXXTENTACION	0zPILh9oEH0fDagpkHTQQ8	Killstation	2017-07-14	1	1.0
15UsOTVnJzReFVN1VCnxy4	XXXTENTACION	6HhsbprrJmKeaH8SgSlGge	Kin$oul	2017-07-14	1	1.0
15UsOTVnJzReFVN1VCnxy4	XXXTENTACION	2ZNPznehwH3OmykvUcZjek	Robb Banks	2017-07-14	1	1.0
15UsOTVnJzReFVN1VCnxy4	XXXTENTACION	2rhFzFmezpnW82MNqEKVry	Ski Mask The Slump God	2017-07-14	6	10.0
15UsOTVnJzReFVN1VCnxy4	XXXTENTACION	1lH4zGBVEJooMWYkofXHOx	Tank Head	2017-07-14	1	1.0
15UsOTVnJzReFVN1VCnxy4	XXXTENTACION	6Xgp2XMz1fhVYe7i6yNAax	Trippie Redd	2017-08-25	1	1.0
15UsOTVnJzReFVN1VCnxy4	XXXTENTACION	0N002n8sZpYBimow4EbxhI	Carlos Andrez	2018-03-16	1	1.0
15UsOTVnJzReFVN1VCnxy4	XXXTENTACION	2P5sC9cVZDToPxyomzF1UH	Joey Bada$$	2018-03-16	1	1.0
15UsOTVnJzReFVN1VCnxy4	XXXTENTACION	2V0DROfM2ieFSOcA3SHJLD	Judah	2018-03-16	1	1.0
15UsOTVnJzReFVN1VCnxy4	XXXTENTACION	2J6pigOrBmKQgqJUY5UM7r	Matt Ox	2018-03-16	1	1.0
15UsOTVnJzReFVN1VCnxy4	XXXTENTACION	21WS9wngs9AqFckK7yYJPM	PnB Rock	2018-03-16	1	1.0
15UsOTVnJzReFVN1VCnxy4	XXXTENTACION	3mLdH6xxrscTf2poCN9Kzy	Rio Santana	2018-03-16	1	1.0
15UsOTVnJzReFVN1VCnxy4	XXXTENTACION	4exLIFE8sISLr28sqG1qNX	Travis Barker	2018-03-16	1	1.0
15UsOTVnJzReFVN1VCnxy4	XXXTENTACION	3wyVrVrFCkukjdVIdirGVY	Lil Pump	2018-10-25	1	1.0
15UsOTVnJzReFVN1VCnxy4	XXXTENTACION	1r4hJ1h58CWwUQe3MxPuau	Maluma	2018-10-25	1	1.0
15UsOTVnJzReFVN1VCnxy4	XXXTENTACION	1zNqQNIdeOUZHb8zbZRFMX	Swae Lee	2018-10-25	1	1.0
15UsOTVnJzReFVN1VCnxy4	XXXTENTACION	5K4W6rqBFWDnAN6FQUkS6x	Kanye West	2018-12-07	2	2.8
15UsOTVnJzReFVN1VCnxy4	XXXTENTACION	4exLIFE8sISLr28sqG1qNX	Travis Barker	2018-12-07	2	2.8
