ego_label	ego_name	artist_label	artist_name	release_date	total	total_scalled
3TVXtAsR1Inumwj472S9r4	Drake	3TVXtAsR1Inumwj472S9r4	Drake	2009-01-01	7	2.862068965517241
3TVXtAsR1Inumwj472S9r4	Drake	3TVXtAsR1Inumwj472S9r4	Drake	2010-01-01	13	4.724137931034482
3TVXtAsR1Inumwj472S9r4	Drake	3TVXtAsR1Inumwj472S9r4	Drake	2011-01-01	14	5.0344827586206895
3TVXtAsR1Inumwj472S9r4	Drake	3TVXtAsR1Inumwj472S9r4	Drake	2013-01-01	20	6.896551724137931
3TVXtAsR1Inumwj472S9r4	Drake	3TVXtAsR1Inumwj472S9r4	Drake	2013-07-14	1	1.0
3TVXtAsR1Inumwj472S9r4	Drake	3TVXtAsR1Inumwj472S9r4	Drake	2015-02-12	13	4.724137931034482
3TVXtAsR1Inumwj472S9r4	Drake	3TVXtAsR1Inumwj472S9r4	Drake	2015-06-16	1	1.0
3TVXtAsR1Inumwj472S9r4	Drake	3TVXtAsR1Inumwj472S9r4	Drake	2015-07-31	3	1.6206896551724137
3TVXtAsR1Inumwj472S9r4	Drake	3TVXtAsR1Inumwj472S9r4	Drake	2015-09-20	1	1.0
3TVXtAsR1Inumwj472S9r4	Drake	3TVXtAsR1Inumwj472S9r4	Drake	2016-01-31	1	1.0
3TVXtAsR1Inumwj472S9r4	Drake	3TVXtAsR1Inumwj472S9r4	Drake	2016-05-06	30	10.0
3TVXtAsR1Inumwj472S9r4	Drake	3TVXtAsR1Inumwj472S9r4	Drake	2016-10-28	1	1.0
3TVXtAsR1Inumwj472S9r4	Drake	3TVXtAsR1Inumwj472S9r4	Drake	2017-03-18	13	4.724137931034482
3TVXtAsR1Inumwj472S9r4	Drake	3TVXtAsR1Inumwj472S9r4	Drake	2017-06-23	1	1.0
3TVXtAsR1Inumwj472S9r4	Drake	3TVXtAsR1Inumwj472S9r4	Drake	2018-01-20	1	1.0
3TVXtAsR1Inumwj472S9r4	Drake	3TVXtAsR1Inumwj472S9r4	Drake	2018-06-29	22	7.517241379310345
