ego_label	ego_name	artist_label	artist_name	release_date	total	total_scalled
0hCNtLu0JehylgoiP8L4Gh	Nicki Minaj	0hCNtLu0JehylgoiP8L4Gh	Nicki Minaj	2010-01-01	12	2.706896551724138
0hCNtLu0JehylgoiP8L4Gh	Nicki Minaj	0hCNtLu0JehylgoiP8L4Gh	Nicki Minaj	2010-11-22	13	2.862068965517241
0hCNtLu0JehylgoiP8L4Gh	Nicki Minaj	0hCNtLu0JehylgoiP8L4Gh	Nicki Minaj	2011-01-01	4	1.4655172413793103
0hCNtLu0JehylgoiP8L4Gh	Nicki Minaj	0hCNtLu0JehylgoiP8L4Gh	Nicki Minaj	2011-03-22	2	1.1551724137931034
0hCNtLu0JehylgoiP8L4Gh	Nicki Minaj	0hCNtLu0JehylgoiP8L4Gh	Nicki Minaj	2012-01-01	59	10.0
0hCNtLu0JehylgoiP8L4Gh	Nicki Minaj	0hCNtLu0JehylgoiP8L4Gh	Nicki Minaj	2012-04-03	14	3.0172413793103448
0hCNtLu0JehylgoiP8L4Gh	Nicki Minaj	0hCNtLu0JehylgoiP8L4Gh	Nicki Minaj	2013-01-01	1	1.0
0hCNtLu0JehylgoiP8L4Gh	Nicki Minaj	0hCNtLu0JehylgoiP8L4Gh	Nicki Minaj	2014-12-15	45	7.827586206896552
0hCNtLu0JehylgoiP8L4Gh	Nicki Minaj	0hCNtLu0JehylgoiP8L4Gh	Nicki Minaj	2017-03-09	1	1.0
0hCNtLu0JehylgoiP8L4Gh	Nicki Minaj	0hCNtLu0JehylgoiP8L4Gh	Nicki Minaj	2018-04-12	1	1.0
0hCNtLu0JehylgoiP8L4Gh	Nicki Minaj	0hCNtLu0JehylgoiP8L4Gh	Nicki Minaj	2018-08-10	24	4.568965517241379
0hCNtLu0JehylgoiP8L4Gh	Nicki Minaj	0hCNtLu0JehylgoiP8L4Gh	Nicki Minaj	2018-11-29	12	2.706896551724138
