ego_label	ego_name	artist_label	artist_name	release_date	total	total_scalled
66CXWjxzNUsdJxJ2JdwvnR	Ariana Grande	66CXWjxzNUsdJxJ2JdwvnR	Ariana Grande	2011-01-01	1	1.0
66CXWjxzNUsdJxJ2JdwvnR	Ariana Grande	66CXWjxzNUsdJxJ2JdwvnR	Ariana Grande	2013-01-01	19	10.0
66CXWjxzNUsdJxJ2JdwvnR	Ariana Grande	66CXWjxzNUsdJxJ2JdwvnR	Ariana Grande	2014-08-25	7	4.0
66CXWjxzNUsdJxJ2JdwvnR	Ariana Grande	66CXWjxzNUsdJxJ2JdwvnR	Ariana Grande	2014-11-24	1	1.0
66CXWjxzNUsdJxJ2JdwvnR	Ariana Grande	66CXWjxzNUsdJxJ2JdwvnR	Ariana Grande	2015-10-30	3	2.0
66CXWjxzNUsdJxJ2JdwvnR	Ariana Grande	66CXWjxzNUsdJxJ2JdwvnR	Ariana Grande	2015-12-18	6	3.5
66CXWjxzNUsdJxJ2JdwvnR	Ariana Grande	66CXWjxzNUsdJxJ2JdwvnR	Ariana Grande	2016-05-20	18	9.5
66CXWjxzNUsdJxJ2JdwvnR	Ariana Grande	66CXWjxzNUsdJxJ2JdwvnR	Ariana Grande	2016-09-16	1	1.0
66CXWjxzNUsdJxJ2JdwvnR	Ariana Grande	66CXWjxzNUsdJxJ2JdwvnR	Ariana Grande	2016-09-23	1	1.0
66CXWjxzNUsdJxJ2JdwvnR	Ariana Grande	66CXWjxzNUsdJxJ2JdwvnR	Ariana Grande	2017-06-06	1	1.0
66CXWjxzNUsdJxJ2JdwvnR	Ariana Grande	66CXWjxzNUsdJxJ2JdwvnR	Ariana Grande	2017-07-21	2	1.5
66CXWjxzNUsdJxJ2JdwvnR	Ariana Grande	66CXWjxzNUsdJxJ2JdwvnR	Ariana Grande	2017-08-25	1	1.0
66CXWjxzNUsdJxJ2JdwvnR	Ariana Grande	66CXWjxzNUsdJxJ2JdwvnR	Ariana Grande	2017-09-01	1	1.0
66CXWjxzNUsdJxJ2JdwvnR	Ariana Grande	66CXWjxzNUsdJxJ2JdwvnR	Ariana Grande	2017-10-27	1	1.0
66CXWjxzNUsdJxJ2JdwvnR	Ariana Grande	66CXWjxzNUsdJxJ2JdwvnR	Ariana Grande	2018-05-25	1	1.0
66CXWjxzNUsdJxJ2JdwvnR	Ariana Grande	66CXWjxzNUsdJxJ2JdwvnR	Ariana Grande	2018-06-15	1	1.0
66CXWjxzNUsdJxJ2JdwvnR	Ariana Grande	66CXWjxzNUsdJxJ2JdwvnR	Ariana Grande	2018-08-17	12	6.5
66CXWjxzNUsdJxJ2JdwvnR	Ariana Grande	66CXWjxzNUsdJxJ2JdwvnR	Ariana Grande	2018-10-06	1	1.0
66CXWjxzNUsdJxJ2JdwvnR	Ariana Grande	66CXWjxzNUsdJxJ2JdwvnR	Ariana Grande	2018-10-10	2	1.5
66CXWjxzNUsdJxJ2JdwvnR	Ariana Grande	66CXWjxzNUsdJxJ2JdwvnR	Ariana Grande	2018-10-12	1	1.0
66CXWjxzNUsdJxJ2JdwvnR	Ariana Grande	66CXWjxzNUsdJxJ2JdwvnR	Ariana Grande	2018-11-03	1	1.0
66CXWjxzNUsdJxJ2JdwvnR	Ariana Grande	66CXWjxzNUsdJxJ2JdwvnR	Ariana Grande	2018-11-08	2	1.5
66CXWjxzNUsdJxJ2JdwvnR	Ariana Grande	66CXWjxzNUsdJxJ2JdwvnR	Ariana Grande	2018-11-09	3	2.0
66CXWjxzNUsdJxJ2JdwvnR	Ariana Grande	66CXWjxzNUsdJxJ2JdwvnR	Ariana Grande	2018-12-14	1	1.0
