ego_label	ego_name	artist_label	artist_name	release_date	total	total_scalled
5Rl15oVamLq7FbSb0NNBNy	5 Seconds of Summer	5Rl15oVamLq7FbSb0NNBNy	5 Seconds of Summer	2012-01-01	5	1.3673469387755102
5Rl15oVamLq7FbSb0NNBNy	5 Seconds of Summer	5Rl15oVamLq7FbSb0NNBNy	5 Seconds of Summer	2012-06-26	4	1.2755102040816326
5Rl15oVamLq7FbSb0NNBNy	5 Seconds of Summer	5Rl15oVamLq7FbSb0NNBNy	5 Seconds of Summer	2014-01-01	99	10.0
5Rl15oVamLq7FbSb0NNBNy	5 Seconds of Summer	5Rl15oVamLq7FbSb0NNBNy	5 Seconds of Summer	2015-08-28	4	1.2755102040816326
5Rl15oVamLq7FbSb0NNBNy	5 Seconds of Summer	5Rl15oVamLq7FbSb0NNBNy	5 Seconds of Summer	2015-09-18	1	1.0
5Rl15oVamLq7FbSb0NNBNy	5 Seconds of Summer	5Rl15oVamLq7FbSb0NNBNy	5 Seconds of Summer	2015-10-23	17	2.4693877551020407
5Rl15oVamLq7FbSb0NNBNy	5 Seconds of Summer	5Rl15oVamLq7FbSb0NNBNy	5 Seconds of Summer	2016-07-15	2	1.0918367346938775
5Rl15oVamLq7FbSb0NNBNy	5 Seconds of Summer	5Rl15oVamLq7FbSb0NNBNy	5 Seconds of Summer	2016-12-03	5	1.3673469387755102
5Rl15oVamLq7FbSb0NNBNy	5 Seconds of Summer	5Rl15oVamLq7FbSb0NNBNy	5 Seconds of Summer	2018-01-26	1	1.0
5Rl15oVamLq7FbSb0NNBNy	5 Seconds of Summer	5Rl15oVamLq7FbSb0NNBNy	5 Seconds of Summer	2018-02-22	1	1.0
5Rl15oVamLq7FbSb0NNBNy	5 Seconds of Summer	5Rl15oVamLq7FbSb0NNBNy	5 Seconds of Summer	2018-03-23	1	1.0
5Rl15oVamLq7FbSb0NNBNy	5 Seconds of Summer	5Rl15oVamLq7FbSb0NNBNy	5 Seconds of Summer	2018-04-06	1	1.0
5Rl15oVamLq7FbSb0NNBNy	5 Seconds of Summer	5Rl15oVamLq7FbSb0NNBNy	5 Seconds of Summer	2018-04-12	1	1.0
5Rl15oVamLq7FbSb0NNBNy	5 Seconds of Summer	5Rl15oVamLq7FbSb0NNBNy	5 Seconds of Summer	2018-04-20	1	1.0
5Rl15oVamLq7FbSb0NNBNy	5 Seconds of Summer	5Rl15oVamLq7FbSb0NNBNy	5 Seconds of Summer	2018-04-27	1	1.0
5Rl15oVamLq7FbSb0NNBNy	5 Seconds of Summer	5Rl15oVamLq7FbSb0NNBNy	5 Seconds of Summer	2018-05-25	1	1.0
5Rl15oVamLq7FbSb0NNBNy	5 Seconds of Summer	5Rl15oVamLq7FbSb0NNBNy	5 Seconds of Summer	2018-06-01	1	1.0
5Rl15oVamLq7FbSb0NNBNy	5 Seconds of Summer	5Rl15oVamLq7FbSb0NNBNy	5 Seconds of Summer	2018-06-15	17	2.4693877551020407
5Rl15oVamLq7FbSb0NNBNy	5 Seconds of Summer	5Rl15oVamLq7FbSb0NNBNy	5 Seconds of Summer	2018-08-01	2	1.0918367346938775
5Rl15oVamLq7FbSb0NNBNy	5 Seconds of Summer	5Rl15oVamLq7FbSb0NNBNy	5 Seconds of Summer	2018-10-25	1	1.0
5Rl15oVamLq7FbSb0NNBNy	5 Seconds of Summer	5Rl15oVamLq7FbSb0NNBNy	5 Seconds of Summer	2018-12-21	20	2.7448979591836733
