ego_label	ego_name	artist_label	artist_name	release_date	total	total_scalled
5K4W6rqBFWDnAN6FQUkS6x	Kanye West	5K4W6rqBFWDnAN6FQUkS6x	Kanye West	2004-02-10	21	10.0
5K4W6rqBFWDnAN6FQUkS6x	Kanye West	5K4W6rqBFWDnAN6FQUkS6x	Kanye West	2004-02-13	14	6.8500000000000005
5K4W6rqBFWDnAN6FQUkS6x	Kanye West	5K4W6rqBFWDnAN6FQUkS6x	Kanye West	2005-09-30	11	5.5
5K4W6rqBFWDnAN6FQUkS6x	Kanye West	5K4W6rqBFWDnAN6FQUkS6x	Kanye West	2006-01-01	5	2.8
5K4W6rqBFWDnAN6FQUkS6x	Kanye West	5K4W6rqBFWDnAN6FQUkS6x	Kanye West	2007-01-01	16	7.75
5K4W6rqBFWDnAN6FQUkS6x	Kanye West	5K4W6rqBFWDnAN6FQUkS6x	Kanye West	2008-01-01	8	4.15
5K4W6rqBFWDnAN6FQUkS6x	Kanye West	5K4W6rqBFWDnAN6FQUkS6x	Kanye West	2008-11-24	8	4.15
5K4W6rqBFWDnAN6FQUkS6x	Kanye West	5K4W6rqBFWDnAN6FQUkS6x	Kanye West	2010-01-01	6	3.25
5K4W6rqBFWDnAN6FQUkS6x	Kanye West	5K4W6rqBFWDnAN6FQUkS6x	Kanye West	2013-01-01	10	5.05
5K4W6rqBFWDnAN6FQUkS6x	Kanye West	5K4W6rqBFWDnAN6FQUkS6x	Kanye West	2016-06-10	20	9.549999999999999
5K4W6rqBFWDnAN6FQUkS6x	Kanye West	5K4W6rqBFWDnAN6FQUkS6x	Kanye West	2018-06-01	5	2.8
