ego_label	ego_name	artist_label	artist_name	release_date	total	total_scalled
20JZFwl6HVl6yg8a4H3ZqK	Panic! At The Disco	20JZFwl6HVl6yg8a4H3ZqK	Panic! At The Disco	2005-09-27	26	7.25
20JZFwl6HVl6yg8a4H3ZqK	Panic! At The Disco	20JZFwl6HVl6yg8a4H3ZqK	Panic! At The Disco	2006-01-01	1	1.0
20JZFwl6HVl6yg8a4H3ZqK	Panic! At The Disco	20JZFwl6HVl6yg8a4H3ZqK	Panic! At The Disco	2006-06-13	3	1.5
20JZFwl6HVl6yg8a4H3ZqK	Panic! At The Disco	20JZFwl6HVl6yg8a4H3ZqK	Panic! At The Disco	2008-03-07	3	1.5
20JZFwl6HVl6yg8a4H3ZqK	Panic! At The Disco	20JZFwl6HVl6yg8a4H3ZqK	Panic! At The Disco	2008-03-24	37	10.0
20JZFwl6HVl6yg8a4H3ZqK	Panic! At The Disco	20JZFwl6HVl6yg8a4H3ZqK	Panic! At The Disco	2008-05-10	1	1.0
20JZFwl6HVl6yg8a4H3ZqK	Panic! At The Disco	20JZFwl6HVl6yg8a4H3ZqK	Panic! At The Disco	2008-05-23	3	1.5
20JZFwl6HVl6yg8a4H3ZqK	Panic! At The Disco	20JZFwl6HVl6yg8a4H3ZqK	Panic! At The Disco	2008-06-09	1	1.0
20JZFwl6HVl6yg8a4H3ZqK	Panic! At The Disco	20JZFwl6HVl6yg8a4H3ZqK	Panic! At The Disco	2009-07-28	1	1.0
20JZFwl6HVl6yg8a4H3ZqK	Panic! At The Disco	20JZFwl6HVl6yg8a4H3ZqK	Panic! At The Disco	2011-03-18	10	3.25
20JZFwl6HVl6yg8a4H3ZqK	Panic! At The Disco	20JZFwl6HVl6yg8a4H3ZqK	Panic! At The Disco	2011-09-26	6	2.25
20JZFwl6HVl6yg8a4H3ZqK	Panic! At The Disco	20JZFwl6HVl6yg8a4H3ZqK	Panic! At The Disco	2011-10-14	1	1.0
20JZFwl6HVl6yg8a4H3ZqK	Panic! At The Disco	20JZFwl6HVl6yg8a4H3ZqK	Panic! At The Disco	2013-06-28	1	1.0
20JZFwl6HVl6yg8a4H3ZqK	Panic! At The Disco	20JZFwl6HVl6yg8a4H3ZqK	Panic! At The Disco	2013-08-12	1	1.0
20JZFwl6HVl6yg8a4H3ZqK	Panic! At The Disco	20JZFwl6HVl6yg8a4H3ZqK	Panic! At The Disco	2013-10-04	9	3.0
20JZFwl6HVl6yg8a4H3ZqK	Panic! At The Disco	20JZFwl6HVl6yg8a4H3ZqK	Panic! At The Disco	2015-04-20	1	1.0
20JZFwl6HVl6yg8a4H3ZqK	Panic! At The Disco	20JZFwl6HVl6yg8a4H3ZqK	Panic! At The Disco	2015-09-29	1	1.0
20JZFwl6HVl6yg8a4H3ZqK	Panic! At The Disco	20JZFwl6HVl6yg8a4H3ZqK	Panic! At The Disco	2015-10-22	1	1.0
20JZFwl6HVl6yg8a4H3ZqK	Panic! At The Disco	20JZFwl6HVl6yg8a4H3ZqK	Panic! At The Disco	2015-11-27	1	1.0
20JZFwl6HVl6yg8a4H3ZqK	Panic! At The Disco	20JZFwl6HVl6yg8a4H3ZqK	Panic! At The Disco	2016-01-01	1	1.0
20JZFwl6HVl6yg8a4H3ZqK	Panic! At The Disco	20JZFwl6HVl6yg8a4H3ZqK	Panic! At The Disco	2016-01-15	11	3.5
20JZFwl6HVl6yg8a4H3ZqK	Panic! At The Disco	20JZFwl6HVl6yg8a4H3ZqK	Panic! At The Disco	2016-08-04	1	1.0
20JZFwl6HVl6yg8a4H3ZqK	Panic! At The Disco	20JZFwl6HVl6yg8a4H3ZqK	Panic! At The Disco	2016-08-05	1	1.0
20JZFwl6HVl6yg8a4H3ZqK	Panic! At The Disco	20JZFwl6HVl6yg8a4H3ZqK	Panic! At The Disco	2017-05-05	1	1.0
20JZFwl6HVl6yg8a4H3ZqK	Panic! At The Disco	20JZFwl6HVl6yg8a4H3ZqK	Panic! At The Disco	2017-12-08	1	1.0
20JZFwl6HVl6yg8a4H3ZqK	Panic! At The Disco	20JZFwl6HVl6yg8a4H3ZqK	Panic! At The Disco	2017-12-15	21	6.0
20JZFwl6HVl6yg8a4H3ZqK	Panic! At The Disco	20JZFwl6HVl6yg8a4H3ZqK	Panic! At The Disco	2018-03-16	1	1.0
20JZFwl6HVl6yg8a4H3ZqK	Panic! At The Disco	20JZFwl6HVl6yg8a4H3ZqK	Panic! At The Disco	2018-03-21	2	1.25
20JZFwl6HVl6yg8a4H3ZqK	Panic! At The Disco	20JZFwl6HVl6yg8a4H3ZqK	Panic! At The Disco	2018-05-23	3	1.5
20JZFwl6HVl6yg8a4H3ZqK	Panic! At The Disco	20JZFwl6HVl6yg8a4H3ZqK	Panic! At The Disco	2018-06-18	4	1.75
20JZFwl6HVl6yg8a4H3ZqK	Panic! At The Disco	20JZFwl6HVl6yg8a4H3ZqK	Panic! At The Disco	2018-06-22	11	3.5
20JZFwl6HVl6yg8a4H3ZqK	Panic! At The Disco	20JZFwl6HVl6yg8a4H3ZqK	Panic! At The Disco	2018-08-03	2	1.25
20JZFwl6HVl6yg8a4H3ZqK	Panic! At The Disco	20JZFwl6HVl6yg8a4H3ZqK	Panic! At The Disco	2018-10-17	2	1.25
20JZFwl6HVl6yg8a4H3ZqK	Panic! At The Disco	20JZFwl6HVl6yg8a4H3ZqK	Panic! At The Disco	2018-11-02	1	1.0
20JZFwl6HVl6yg8a4H3ZqK	Panic! At The Disco	20JZFwl6HVl6yg8a4H3ZqK	Panic! At The Disco	2018-11-16	1	1.0
