ego_label	ego_name	artist_label	artist_name	release_date	total	total_scalled
246dkjvS1zLTtiykXe5h60	Post Malone	246dkjvS1zLTtiykXe5h60	Post Malone	2016-02-19	1	1.0
246dkjvS1zLTtiykXe5h60	Post Malone	246dkjvS1zLTtiykXe5h60	Post Malone	2016-12-09	25	10.0
246dkjvS1zLTtiykXe5h60	Post Malone	246dkjvS1zLTtiykXe5h60	Post Malone	2017-04-14	1	1.0
246dkjvS1zLTtiykXe5h60	Post Malone	246dkjvS1zLTtiykXe5h60	Post Malone	2017-06-09	1	1.0
246dkjvS1zLTtiykXe5h60	Post Malone	246dkjvS1zLTtiykXe5h60	Post Malone	2017-09-01	1	1.0
246dkjvS1zLTtiykXe5h60	Post Malone	246dkjvS1zLTtiykXe5h60	Post Malone	2017-10-13	1	1.0
246dkjvS1zLTtiykXe5h60	Post Malone	246dkjvS1zLTtiykXe5h60	Post Malone	2017-11-03	1	1.0
246dkjvS1zLTtiykXe5h60	Post Malone	246dkjvS1zLTtiykXe5h60	Post Malone	2018-03-23	1	1.0
246dkjvS1zLTtiykXe5h60	Post Malone	246dkjvS1zLTtiykXe5h60	Post Malone	2018-04-27	13	5.5
246dkjvS1zLTtiykXe5h60	Post Malone	246dkjvS1zLTtiykXe5h60	Post Malone	2018-05-25	1	1.0
246dkjvS1zLTtiykXe5h60	Post Malone	246dkjvS1zLTtiykXe5h60	Post Malone	2018-12-24	1	1.0
