ego_label	ego_name	artist_label	artist_name	release_date	total	total_scalled
2YZyLoL8N0Wb9xBt1NhZWg	Kendrick Lamar	2YZyLoL8N0Wb9xBt1NhZWg	Kendrick Lamar	2010-09-14	5	3.4
2YZyLoL8N0Wb9xBt1NhZWg	Kendrick Lamar	2YZyLoL8N0Wb9xBt1NhZWg	Kendrick Lamar	2010-10-05	1	1.0
2YZyLoL8N0Wb9xBt1NhZWg	Kendrick Lamar	2YZyLoL8N0Wb9xBt1NhZWg	Kendrick Lamar	2011-07-02	16	10.0
2YZyLoL8N0Wb9xBt1NhZWg	Kendrick Lamar	2YZyLoL8N0Wb9xBt1NhZWg	Kendrick Lamar	2012-01-01	16	10.0
2YZyLoL8N0Wb9xBt1NhZWg	Kendrick Lamar	2YZyLoL8N0Wb9xBt1NhZWg	Kendrick Lamar	2013-01-01	1	1.0
2YZyLoL8N0Wb9xBt1NhZWg	Kendrick Lamar	2YZyLoL8N0Wb9xBt1NhZWg	Kendrick Lamar	2013-07-12	1	1.0
2YZyLoL8N0Wb9xBt1NhZWg	Kendrick Lamar	2YZyLoL8N0Wb9xBt1NhZWg	Kendrick Lamar	2014-09-22	1	1.0
2YZyLoL8N0Wb9xBt1NhZWg	Kendrick Lamar	2YZyLoL8N0Wb9xBt1NhZWg	Kendrick Lamar	2014-09-23	1	1.0
2YZyLoL8N0Wb9xBt1NhZWg	Kendrick Lamar	2YZyLoL8N0Wb9xBt1NhZWg	Kendrick Lamar	2015-02-24	1	1.0
2YZyLoL8N0Wb9xBt1NhZWg	Kendrick Lamar	2YZyLoL8N0Wb9xBt1NhZWg	Kendrick Lamar	2015-03-10	2	1.6
2YZyLoL8N0Wb9xBt1NhZWg	Kendrick Lamar	2YZyLoL8N0Wb9xBt1NhZWg	Kendrick Lamar	2015-03-16	11	7.0
2YZyLoL8N0Wb9xBt1NhZWg	Kendrick Lamar	2YZyLoL8N0Wb9xBt1NhZWg	Kendrick Lamar	2015-10-16	1	1.0
2YZyLoL8N0Wb9xBt1NhZWg	Kendrick Lamar	2YZyLoL8N0Wb9xBt1NhZWg	Kendrick Lamar	2015-11-03	1	1.0
2YZyLoL8N0Wb9xBt1NhZWg	Kendrick Lamar	2YZyLoL8N0Wb9xBt1NhZWg	Kendrick Lamar	2016-03-04	8	5.2
2YZyLoL8N0Wb9xBt1NhZWg	Kendrick Lamar	2YZyLoL8N0Wb9xBt1NhZWg	Kendrick Lamar	2016-03-23	1	1.0
2YZyLoL8N0Wb9xBt1NhZWg	Kendrick Lamar	2YZyLoL8N0Wb9xBt1NhZWg	Kendrick Lamar	2017-03-24	1	1.0
2YZyLoL8N0Wb9xBt1NhZWg	Kendrick Lamar	2YZyLoL8N0Wb9xBt1NhZWg	Kendrick Lamar	2017-04-14	11	7.0
2YZyLoL8N0Wb9xBt1NhZWg	Kendrick Lamar	2YZyLoL8N0Wb9xBt1NhZWg	Kendrick Lamar	2017-06-09	2	1.6
2YZyLoL8N0Wb9xBt1NhZWg	Kendrick Lamar	2YZyLoL8N0Wb9xBt1NhZWg	Kendrick Lamar	2017-08-11	1	1.0
2YZyLoL8N0Wb9xBt1NhZWg	Kendrick Lamar	2YZyLoL8N0Wb9xBt1NhZWg	Kendrick Lamar	2017-09-01	2	1.6
2YZyLoL8N0Wb9xBt1NhZWg	Kendrick Lamar	2YZyLoL8N0Wb9xBt1NhZWg	Kendrick Lamar	2017-12-08	13	8.2
2YZyLoL8N0Wb9xBt1NhZWg	Kendrick Lamar	2YZyLoL8N0Wb9xBt1NhZWg	Kendrick Lamar	2017-12-15	2	1.6
2YZyLoL8N0Wb9xBt1NhZWg	Kendrick Lamar	2YZyLoL8N0Wb9xBt1NhZWg	Kendrick Lamar	2018-01-19	1	1.0
2YZyLoL8N0Wb9xBt1NhZWg	Kendrick Lamar	2YZyLoL8N0Wb9xBt1NhZWg	Kendrick Lamar	2018-02-09	1	1.0
2YZyLoL8N0Wb9xBt1NhZWg	Kendrick Lamar	2YZyLoL8N0Wb9xBt1NhZWg	Kendrick Lamar	2018-03-30	1	1.0
2YZyLoL8N0Wb9xBt1NhZWg	Kendrick Lamar	2YZyLoL8N0Wb9xBt1NhZWg	Kendrick Lamar	2018-04-13	2	1.6
2YZyLoL8N0Wb9xBt1NhZWg	Kendrick Lamar	2YZyLoL8N0Wb9xBt1NhZWg	Kendrick Lamar	2018-05-04	1	1.0
2YZyLoL8N0Wb9xBt1NhZWg	Kendrick Lamar	2YZyLoL8N0Wb9xBt1NhZWg	Kendrick Lamar	2018-05-11	2	1.6
2YZyLoL8N0Wb9xBt1NhZWg	Kendrick Lamar	2YZyLoL8N0Wb9xBt1NhZWg	Kendrick Lamar	2018-06-22	1	1.0
2YZyLoL8N0Wb9xBt1NhZWg	Kendrick Lamar	2YZyLoL8N0Wb9xBt1NhZWg	Kendrick Lamar	2018-09-28	1	1.0
2YZyLoL8N0Wb9xBt1NhZWg	Kendrick Lamar	2YZyLoL8N0Wb9xBt1NhZWg	Kendrick Lamar	2018-10-12	1	1.0
2YZyLoL8N0Wb9xBt1NhZWg	Kendrick Lamar	2YZyLoL8N0Wb9xBt1NhZWg	Kendrick Lamar	2019-01-11	1	1.0
