ego_label	ego_name	artist_label	artist_name	release_date	total	total_scalled
15UsOTVnJzReFVN1VCnxy4	XXXTENTACION	15UsOTVnJzReFVN1VCnxy4	XXXTENTACION	2017-02-19	1	1.0
15UsOTVnJzReFVN1VCnxy4	XXXTENTACION	15UsOTVnJzReFVN1VCnxy4	XXXTENTACION	2017-02-20	1	1.0
15UsOTVnJzReFVN1VCnxy4	XXXTENTACION	15UsOTVnJzReFVN1VCnxy4	XXXTENTACION	2017-05-16	5	3.1176470588235294
15UsOTVnJzReFVN1VCnxy4	XXXTENTACION	15UsOTVnJzReFVN1VCnxy4	XXXTENTACION	2017-05-18	1	1.0
15UsOTVnJzReFVN1VCnxy4	XXXTENTACION	15UsOTVnJzReFVN1VCnxy4	XXXTENTACION	2017-07-14	3	2.0588235294117645
15UsOTVnJzReFVN1VCnxy4	XXXTENTACION	15UsOTVnJzReFVN1VCnxy4	XXXTENTACION	2017-08-25	10	5.764705882352941
15UsOTVnJzReFVN1VCnxy4	XXXTENTACION	15UsOTVnJzReFVN1VCnxy4	XXXTENTACION	2017-12-19	5	3.1176470588235294
15UsOTVnJzReFVN1VCnxy4	XXXTENTACION	15UsOTVnJzReFVN1VCnxy4	XXXTENTACION	2018-03-16	13	7.352941176470589
15UsOTVnJzReFVN1VCnxy4	XXXTENTACION	15UsOTVnJzReFVN1VCnxy4	XXXTENTACION	2018-04-27	1	1.0
15UsOTVnJzReFVN1VCnxy4	XXXTENTACION	15UsOTVnJzReFVN1VCnxy4	XXXTENTACION	2018-05-04	1	1.0
15UsOTVnJzReFVN1VCnxy4	XXXTENTACION	15UsOTVnJzReFVN1VCnxy4	XXXTENTACION	2018-06-22	1	1.0
15UsOTVnJzReFVN1VCnxy4	XXXTENTACION	15UsOTVnJzReFVN1VCnxy4	XXXTENTACION	2018-11-09	1	1.0
15UsOTVnJzReFVN1VCnxy4	XXXTENTACION	15UsOTVnJzReFVN1VCnxy4	XXXTENTACION	2018-12-07	18	10.0
