ego_label	ego_name	artist_label	artist_name	release_date	total	total_scalled
4AK6F7OLvEQ5QYCBNiQWHq	One Direction	4AK6F7OLvEQ5QYCBNiQWHq	One Direction	2012-05-25	13	7.352941176470589
4AK6F7OLvEQ5QYCBNiQWHq	One Direction	4AK6F7OLvEQ5QYCBNiQWHq	One Direction	2012-09-28	2	1.5294117647058822
4AK6F7OLvEQ5QYCBNiQWHq	One Direction	4AK6F7OLvEQ5QYCBNiQWHq	One Direction	2012-11-09	17	9.470588235294118
4AK6F7OLvEQ5QYCBNiQWHq	One Direction	4AK6F7OLvEQ5QYCBNiQWHq	One Direction	2012-11-19	1	1.0
4AK6F7OLvEQ5QYCBNiQWHq	One Direction	4AK6F7OLvEQ5QYCBNiQWHq	One Direction	2013-02-17	3	2.0588235294117645
4AK6F7OLvEQ5QYCBNiQWHq	One Direction	4AK6F7OLvEQ5QYCBNiQWHq	One Direction	2013-06-21	1	1.0
4AK6F7OLvEQ5QYCBNiQWHq	One Direction	4AK6F7OLvEQ5QYCBNiQWHq	One Direction	2013-07-09	1	1.0
4AK6F7OLvEQ5QYCBNiQWHq	One Direction	4AK6F7OLvEQ5QYCBNiQWHq	One Direction	2013-07-22	2	1.5294117647058822
4AK6F7OLvEQ5QYCBNiQWHq	One Direction	4AK6F7OLvEQ5QYCBNiQWHq	One Direction	2013-10-28	1	1.0
4AK6F7OLvEQ5QYCBNiQWHq	One Direction	4AK6F7OLvEQ5QYCBNiQWHq	One Direction	2013-11-22	1	1.0
4AK6F7OLvEQ5QYCBNiQWHq	One Direction	4AK6F7OLvEQ5QYCBNiQWHq	One Direction	2013-11-25	18	10.0
4AK6F7OLvEQ5QYCBNiQWHq	One Direction	4AK6F7OLvEQ5QYCBNiQWHq	One Direction	2014-03-07	4	2.588235294117647
4AK6F7OLvEQ5QYCBNiQWHq	One Direction	4AK6F7OLvEQ5QYCBNiQWHq	One Direction	2014-05-23	3	2.0588235294117645
4AK6F7OLvEQ5QYCBNiQWHq	One Direction	4AK6F7OLvEQ5QYCBNiQWHq	One Direction	2014-08-29	1	1.0
4AK6F7OLvEQ5QYCBNiQWHq	One Direction	4AK6F7OLvEQ5QYCBNiQWHq	One Direction	2014-09-29	1	1.0
4AK6F7OLvEQ5QYCBNiQWHq	One Direction	4AK6F7OLvEQ5QYCBNiQWHq	One Direction	2014-11-07	1	1.0
4AK6F7OLvEQ5QYCBNiQWHq	One Direction	4AK6F7OLvEQ5QYCBNiQWHq	One Direction	2014-11-17	16	8.941176470588236
4AK6F7OLvEQ5QYCBNiQWHq	One Direction	4AK6F7OLvEQ5QYCBNiQWHq	One Direction	2014-12-12	2	1.5294117647058822
4AK6F7OLvEQ5QYCBNiQWHq	One Direction	4AK6F7OLvEQ5QYCBNiQWHq	One Direction	2014-12-19	1	1.0
4AK6F7OLvEQ5QYCBNiQWHq	One Direction	4AK6F7OLvEQ5QYCBNiQWHq	One Direction	2015-07-31	1	1.0
4AK6F7OLvEQ5QYCBNiQWHq	One Direction	4AK6F7OLvEQ5QYCBNiQWHq	One Direction	2015-09-22	1	1.0
4AK6F7OLvEQ5QYCBNiQWHq	One Direction	4AK6F7OLvEQ5QYCBNiQWHq	One Direction	2015-10-16	1	1.0
4AK6F7OLvEQ5QYCBNiQWHq	One Direction	4AK6F7OLvEQ5QYCBNiQWHq	One Direction	2015-10-22	2	1.5294117647058822
4AK6F7OLvEQ5QYCBNiQWHq	One Direction	4AK6F7OLvEQ5QYCBNiQWHq	One Direction	2015-11-06	1	1.0
4AK6F7OLvEQ5QYCBNiQWHq	One Direction	4AK6F7OLvEQ5QYCBNiQWHq	One Direction	2015-11-09	1	1.0
4AK6F7OLvEQ5QYCBNiQWHq	One Direction	4AK6F7OLvEQ5QYCBNiQWHq	One Direction	2015-11-10	1	1.0
4AK6F7OLvEQ5QYCBNiQWHq	One Direction	4AK6F7OLvEQ5QYCBNiQWHq	One Direction	2015-11-11	1	1.0
4AK6F7OLvEQ5QYCBNiQWHq	One Direction	4AK6F7OLvEQ5QYCBNiQWHq	One Direction	2015-11-13	17	9.470588235294118
4AK6F7OLvEQ5QYCBNiQWHq	One Direction	4AK6F7OLvEQ5QYCBNiQWHq	One Direction	2016-03-11	4	2.588235294117647
4AK6F7OLvEQ5QYCBNiQWHq	One Direction	4AK6F7OLvEQ5QYCBNiQWHq	One Direction	2016-04-04	1	1.0
4AK6F7OLvEQ5QYCBNiQWHq	One Direction	4AK6F7OLvEQ5QYCBNiQWHq	One Direction	2016-07-08	1	1.0
4AK6F7OLvEQ5QYCBNiQWHq	One Direction	4AK6F7OLvEQ5QYCBNiQWHq	One Direction	2017-12-01	2	1.5294117647058822
4AK6F7OLvEQ5QYCBNiQWHq	One Direction	4AK6F7OLvEQ5QYCBNiQWHq	One Direction	2018-04-10	1	1.0
4AK6F7OLvEQ5QYCBNiQWHq	One Direction	4AK6F7OLvEQ5QYCBNiQWHq	One Direction	2018-04-12	1	1.0
