ego_label	ego_name	artist_label	artist_name	release_date	total	total_scalled
6LuN9FCkKOj5PcnpouEgny	Khalid	6LuN9FCkKOj5PcnpouEgny	Khalid	2008-01-07	2	1.6428571428571428
6LuN9FCkKOj5PcnpouEgny	Khalid	6LuN9FCkKOj5PcnpouEgny	Khalid	2016-09-12	2	1.6428571428571428
6LuN9FCkKOj5PcnpouEgny	Khalid	6LuN9FCkKOj5PcnpouEgny	Khalid	2016-10-27	1	1.0
6LuN9FCkKOj5PcnpouEgny	Khalid	6LuN9FCkKOj5PcnpouEgny	Khalid	2016-12-02	1	1.0
6LuN9FCkKOj5PcnpouEgny	Khalid	6LuN9FCkKOj5PcnpouEgny	Khalid	2016-12-16	1	1.0
6LuN9FCkKOj5PcnpouEgny	Khalid	6LuN9FCkKOj5PcnpouEgny	Khalid	2017-02-03	1	1.0
6LuN9FCkKOj5PcnpouEgny	Khalid	6LuN9FCkKOj5PcnpouEgny	Khalid	2017-02-22	1	1.0
6LuN9FCkKOj5PcnpouEgny	Khalid	6LuN9FCkKOj5PcnpouEgny	Khalid	2017-04-27	15	10.0
6LuN9FCkKOj5PcnpouEgny	Khalid	6LuN9FCkKOj5PcnpouEgny	Khalid	2017-10-30	1	1.0
6LuN9FCkKOj5PcnpouEgny	Khalid	6LuN9FCkKOj5PcnpouEgny	Khalid	2017-10-31	1	1.0
6LuN9FCkKOj5PcnpouEgny	Khalid	6LuN9FCkKOj5PcnpouEgny	Khalid	2018-06-15	2	1.6428571428571428
6LuN9FCkKOj5PcnpouEgny	Khalid	6LuN9FCkKOj5PcnpouEgny	Khalid	2018-09-13	1	1.0
6LuN9FCkKOj5PcnpouEgny	Khalid	6LuN9FCkKOj5PcnpouEgny	Khalid	2018-09-14	1	1.0
6LuN9FCkKOj5PcnpouEgny	Khalid	6LuN9FCkKOj5PcnpouEgny	Khalid	2018-10-18	6	4.214285714285714
6LuN9FCkKOj5PcnpouEgny	Khalid	6LuN9FCkKOj5PcnpouEgny	Khalid	2018-10-19	6	4.214285714285714
