ego_label	ego_name	artist_label	artist_name	release_date	total	total_scalled
3YQKmKGau1PzlVlkL1iodx	Twenty One Pilots	3YQKmKGau1PzlVlkL1iodx	Twenty One Pilots	2009-12-29	14	10.0
3YQKmKGau1PzlVlkL1iodx	Twenty One Pilots	3YQKmKGau1PzlVlkL1iodx	Twenty One Pilots	2012-07-17	3	2.3846153846153846
3YQKmKGau1PzlVlkL1iodx	Twenty One Pilots	3YQKmKGau1PzlVlkL1iodx	Twenty One Pilots	2013-01-01	12	8.615384615384615
3YQKmKGau1PzlVlkL1iodx	Twenty One Pilots	3YQKmKGau1PzlVlkL1iodx	Twenty One Pilots	2015-03-17	1	1.0
3YQKmKGau1PzlVlkL1iodx	Twenty One Pilots	3YQKmKGau1PzlVlkL1iodx	Twenty One Pilots	2015-04-06	1	1.0
3YQKmKGau1PzlVlkL1iodx	Twenty One Pilots	3YQKmKGau1PzlVlkL1iodx	Twenty One Pilots	2015-04-28	1	1.0
3YQKmKGau1PzlVlkL1iodx	Twenty One Pilots	3YQKmKGau1PzlVlkL1iodx	Twenty One Pilots	2015-05-04	1	1.0
3YQKmKGau1PzlVlkL1iodx	Twenty One Pilots	3YQKmKGau1PzlVlkL1iodx	Twenty One Pilots	2015-05-12	1	1.0
3YQKmKGau1PzlVlkL1iodx	Twenty One Pilots	3YQKmKGau1PzlVlkL1iodx	Twenty One Pilots	2015-05-15	14	10.0
3YQKmKGau1PzlVlkL1iodx	Twenty One Pilots	3YQKmKGau1PzlVlkL1iodx	Twenty One Pilots	2016-06-16	1	1.0
3YQKmKGau1PzlVlkL1iodx	Twenty One Pilots	3YQKmKGau1PzlVlkL1iodx	Twenty One Pilots	2016-08-04	1	1.0
3YQKmKGau1PzlVlkL1iodx	Twenty One Pilots	3YQKmKGau1PzlVlkL1iodx	Twenty One Pilots	2016-08-05	1	1.0
3YQKmKGau1PzlVlkL1iodx	Twenty One Pilots	3YQKmKGau1PzlVlkL1iodx	Twenty One Pilots	2016-09-14	1	1.0
3YQKmKGau1PzlVlkL1iodx	Twenty One Pilots	3YQKmKGau1PzlVlkL1iodx	Twenty One Pilots	2018-09-07	1	1.0
3YQKmKGau1PzlVlkL1iodx	Twenty One Pilots	3YQKmKGau1PzlVlkL1iodx	Twenty One Pilots	2018-10-05	14	10.0
