ego_label	ego_name	artist_label	artist_name	release_date	total	total_scalled
1i8SpTcr7yvPOmcqrbnVXY	Ozuna	1i8SpTcr7yvPOmcqrbnVXY	Ozuna	2014-07-19	1	1.0
1i8SpTcr7yvPOmcqrbnVXY	Ozuna	1i8SpTcr7yvPOmcqrbnVXY	Ozuna	2015-12-29	1	1.0
1i8SpTcr7yvPOmcqrbnVXY	Ozuna	1i8SpTcr7yvPOmcqrbnVXY	Ozuna	2016-06-06	2	1.9
1i8SpTcr7yvPOmcqrbnVXY	Ozuna	1i8SpTcr7yvPOmcqrbnVXY	Ozuna	2016-07-19	1	1.0
1i8SpTcr7yvPOmcqrbnVXY	Ozuna	1i8SpTcr7yvPOmcqrbnVXY	Ozuna	2016-08-06	1	1.0
1i8SpTcr7yvPOmcqrbnVXY	Ozuna	1i8SpTcr7yvPOmcqrbnVXY	Ozuna	2016-12-01	1	1.0
1i8SpTcr7yvPOmcqrbnVXY	Ozuna	1i8SpTcr7yvPOmcqrbnVXY	Ozuna	2016-12-19	1	1.0
1i8SpTcr7yvPOmcqrbnVXY	Ozuna	1i8SpTcr7yvPOmcqrbnVXY	Ozuna	2017-02-23	1	1.0
1i8SpTcr7yvPOmcqrbnVXY	Ozuna	1i8SpTcr7yvPOmcqrbnVXY	Ozuna	2017-04-27	1	1.0
1i8SpTcr7yvPOmcqrbnVXY	Ozuna	1i8SpTcr7yvPOmcqrbnVXY	Ozuna	2017-07-21	1	1.0
1i8SpTcr7yvPOmcqrbnVXY	Ozuna	1i8SpTcr7yvPOmcqrbnVXY	Ozuna	2017-08-10	1	1.0
1i8SpTcr7yvPOmcqrbnVXY	Ozuna	1i8SpTcr7yvPOmcqrbnVXY	Ozuna	2017-08-25	11	10.0
1i8SpTcr7yvPOmcqrbnVXY	Ozuna	1i8SpTcr7yvPOmcqrbnVXY	Ozuna	2017-12-01	1	1.0
1i8SpTcr7yvPOmcqrbnVXY	Ozuna	1i8SpTcr7yvPOmcqrbnVXY	Ozuna	2018-08-24	8	7.3
1i8SpTcr7yvPOmcqrbnVXY	Ozuna	1i8SpTcr7yvPOmcqrbnVXY	Ozuna	2019-01-05	1	1.0
