ego_label	ego_name	artist_label	artist_name	release_date	total	total_scalled
6eUKZXaKkcviH0Ku9w2n3V	Ed Sheeran	6eUKZXaKkcviH0Ku9w2n3V	Ed Sheeran	2009-01-01	5	2.333333333333333
6eUKZXaKkcviH0Ku9w2n3V	Ed Sheeran	6eUKZXaKkcviH0Ku9w2n3V	Ed Sheeran	2011-01-01	4	2.0
6eUKZXaKkcviH0Ku9w2n3V	Ed Sheeran	6eUKZXaKkcviH0Ku9w2n3V	Ed Sheeran	2011-06-10	5	2.333333333333333
6eUKZXaKkcviH0Ku9w2n3V	Ed Sheeran	6eUKZXaKkcviH0Ku9w2n3V	Ed Sheeran	2011-09-09	28	10.0
6eUKZXaKkcviH0Ku9w2n3V	Ed Sheeran	6eUKZXaKkcviH0Ku9w2n3V	Ed Sheeran	2011-12-09	19	7.0
6eUKZXaKkcviH0Ku9w2n3V	Ed Sheeran	6eUKZXaKkcviH0Ku9w2n3V	Ed Sheeran	2013-01-01	2	1.3333333333333333
6eUKZXaKkcviH0Ku9w2n3V	Ed Sheeran	6eUKZXaKkcviH0Ku9w2n3V	Ed Sheeran	2014-05-19	1	1.0
6eUKZXaKkcviH0Ku9w2n3V	Ed Sheeran	6eUKZXaKkcviH0Ku9w2n3V	Ed Sheeran	2014-06-21	16	6.0
6eUKZXaKkcviH0Ku9w2n3V	Ed Sheeran	6eUKZXaKkcviH0Ku9w2n3V	Ed Sheeran	2014-06-23	24	8.666666666666668
6eUKZXaKkcviH0Ku9w2n3V	Ed Sheeran	6eUKZXaKkcviH0Ku9w2n3V	Ed Sheeran	2014-08-11	5	2.333333333333333
6eUKZXaKkcviH0Ku9w2n3V	Ed Sheeran	6eUKZXaKkcviH0Ku9w2n3V	Ed Sheeran	2014-08-12	4	2.0
6eUKZXaKkcviH0Ku9w2n3V	Ed Sheeran	6eUKZXaKkcviH0Ku9w2n3V	Ed Sheeran	2014-10-17	2	1.3333333333333333
6eUKZXaKkcviH0Ku9w2n3V	Ed Sheeran	6eUKZXaKkcviH0Ku9w2n3V	Ed Sheeran	2014-11-07	1	1.0
6eUKZXaKkcviH0Ku9w2n3V	Ed Sheeran	6eUKZXaKkcviH0Ku9w2n3V	Ed Sheeran	2015-06-18	1	1.0
6eUKZXaKkcviH0Ku9w2n3V	Ed Sheeran	6eUKZXaKkcviH0Ku9w2n3V	Ed Sheeran	2015-11-13	22	8.0
6eUKZXaKkcviH0Ku9w2n3V	Ed Sheeran	6eUKZXaKkcviH0Ku9w2n3V	Ed Sheeran	2016-06-03	1	1.0
6eUKZXaKkcviH0Ku9w2n3V	Ed Sheeran	6eUKZXaKkcviH0Ku9w2n3V	Ed Sheeran	2016-09-16	1	1.0
6eUKZXaKkcviH0Ku9w2n3V	Ed Sheeran	6eUKZXaKkcviH0Ku9w2n3V	Ed Sheeran	2017-01-06	2	1.3333333333333333
6eUKZXaKkcviH0Ku9w2n3V	Ed Sheeran	6eUKZXaKkcviH0Ku9w2n3V	Ed Sheeran	2017-02-10	2	1.3333333333333333
6eUKZXaKkcviH0Ku9w2n3V	Ed Sheeran	6eUKZXaKkcviH0Ku9w2n3V	Ed Sheeran	2017-02-16	1	1.0
6eUKZXaKkcviH0Ku9w2n3V	Ed Sheeran	6eUKZXaKkcviH0Ku9w2n3V	Ed Sheeran	2017-03-03	16	6.0
6eUKZXaKkcviH0Ku9w2n3V	Ed Sheeran	6eUKZXaKkcviH0Ku9w2n3V	Ed Sheeran	2017-06-07	2	1.3333333333333333
6eUKZXaKkcviH0Ku9w2n3V	Ed Sheeran	6eUKZXaKkcviH0Ku9w2n3V	Ed Sheeran	2017-11-10	1	1.0
6eUKZXaKkcviH0Ku9w2n3V	Ed Sheeran	6eUKZXaKkcviH0Ku9w2n3V	Ed Sheeran	2018-04-06	1	1.0
6eUKZXaKkcviH0Ku9w2n3V	Ed Sheeran	6eUKZXaKkcviH0Ku9w2n3V	Ed Sheeran	2018-05-25	1	1.0
6eUKZXaKkcviH0Ku9w2n3V	Ed Sheeran	6eUKZXaKkcviH0Ku9w2n3V	Ed Sheeran	2018-08-03	1	1.0
6eUKZXaKkcviH0Ku9w2n3V	Ed Sheeran	6eUKZXaKkcviH0Ku9w2n3V	Ed Sheeran	2018-09-07	2	1.3333333333333333
