ego_label	ego_name	artist_label	artist_name	release_date	total	total_scalled
7c0XG5cIJTrrAgEC3ULPiq	Ty Dolla $ign	7c0XG5cIJTrrAgEC3ULPiq	Ty Dolla $ign	2014-03-07	1	1.0
7c0XG5cIJTrrAgEC3ULPiq	Ty Dolla $ign	7c0XG5cIJTrrAgEC3ULPiq	Ty Dolla $ign	2014-11-17	1	1.0
7c0XG5cIJTrrAgEC3ULPiq	Ty Dolla $ign	7c0XG5cIJTrrAgEC3ULPiq	Ty Dolla $ign	2015-03-19	1	1.0
7c0XG5cIJTrrAgEC3ULPiq	Ty Dolla $ign	7c0XG5cIJTrrAgEC3ULPiq	Ty Dolla $ign	2015-11-13	2	1.9
7c0XG5cIJTrrAgEC3ULPiq	Ty Dolla $ign	7c0XG5cIJTrrAgEC3ULPiq	Ty Dolla $ign	2016-02-19	4	3.6999999999999997
7c0XG5cIJTrrAgEC3ULPiq	Ty Dolla $ign	7c0XG5cIJTrrAgEC3ULPiq	Ty Dolla $ign	2016-03-25	4	3.6999999999999997
7c0XG5cIJTrrAgEC3ULPiq	Ty Dolla $ign	7c0XG5cIJTrrAgEC3ULPiq	Ty Dolla $ign	2016-08-26	1	1.0
7c0XG5cIJTrrAgEC3ULPiq	Ty Dolla $ign	7c0XG5cIJTrrAgEC3ULPiq	Ty Dolla $ign	2016-09-09	1	1.0
7c0XG5cIJTrrAgEC3ULPiq	Ty Dolla $ign	7c0XG5cIJTrrAgEC3ULPiq	Ty Dolla $ign	2016-09-23	8	7.3
7c0XG5cIJTrrAgEC3ULPiq	Ty Dolla $ign	7c0XG5cIJTrrAgEC3ULPiq	Ty Dolla $ign	2017-10-27	10	9.1
7c0XG5cIJTrrAgEC3ULPiq	Ty Dolla $ign	7c0XG5cIJTrrAgEC3ULPiq	Ty Dolla $ign	2018-05-11	11	10.0
