ego_label	ego_name	artist_label	artist_name	release_date	total	total_scalled
1dfeR4HaWDbWqFHLkxsg1d	Queen	1dfeR4HaWDbWqFHLkxsg1d	Queen	1973-07-13	26	2.875
1dfeR4HaWDbWqFHLkxsg1d	Queen	1dfeR4HaWDbWqFHLkxsg1d	Queen	1974-03-08	27	2.95
1dfeR4HaWDbWqFHLkxsg1d	Queen	1dfeR4HaWDbWqFHLkxsg1d	Queen	1974-11-08	31	3.25
1dfeR4HaWDbWqFHLkxsg1d	Queen	1dfeR4HaWDbWqFHLkxsg1d	Queen	1975-11-21	30	3.175
1dfeR4HaWDbWqFHLkxsg1d	Queen	1dfeR4HaWDbWqFHLkxsg1d	Queen	1976-12-10	25	2.8
1dfeR4HaWDbWqFHLkxsg1d	Queen	1dfeR4HaWDbWqFHLkxsg1d	Queen	1977-10-28	27	2.95
1dfeR4HaWDbWqFHLkxsg1d	Queen	1dfeR4HaWDbWqFHLkxsg1d	Queen	1978-11-10	31	3.25
1dfeR4HaWDbWqFHLkxsg1d	Queen	1dfeR4HaWDbWqFHLkxsg1d	Queen	1979-06-22	22	2.575
1dfeR4HaWDbWqFHLkxsg1d	Queen	1dfeR4HaWDbWqFHLkxsg1d	Queen	1980-06-27	25	2.8
1dfeR4HaWDbWqFHLkxsg1d	Queen	1dfeR4HaWDbWqFHLkxsg1d	Queen	1980-12-05	42	4.075
1dfeR4HaWDbWqFHLkxsg1d	Queen	1dfeR4HaWDbWqFHLkxsg1d	Queen	1981-10-26	17	2.2
1dfeR4HaWDbWqFHLkxsg1d	Queen	1dfeR4HaWDbWqFHLkxsg1d	Queen	1982-05-03	25	2.8
1dfeR4HaWDbWqFHLkxsg1d	Queen	1dfeR4HaWDbWqFHLkxsg1d	Queen	1984-02-27	24	2.725
1dfeR4HaWDbWqFHLkxsg1d	Queen	1dfeR4HaWDbWqFHLkxsg1d	Queen	1986-06-02	25	2.8
1dfeR4HaWDbWqFHLkxsg1d	Queen	1dfeR4HaWDbWqFHLkxsg1d	Queen	1989-05-22	27	2.95
1dfeR4HaWDbWqFHLkxsg1d	Queen	1dfeR4HaWDbWqFHLkxsg1d	Queen	1991-02-05	29	3.1
1dfeR4HaWDbWqFHLkxsg1d	Queen	1dfeR4HaWDbWqFHLkxsg1d	Queen	1991-10-28	32	3.325
1dfeR4HaWDbWqFHLkxsg1d	Queen	1dfeR4HaWDbWqFHLkxsg1d	Queen	1992-05-26	28	3.025
1dfeR4HaWDbWqFHLkxsg1d	Queen	1dfeR4HaWDbWqFHLkxsg1d	Queen	1994-04-29	1	1.0
1dfeR4HaWDbWqFHLkxsg1d	Queen	1dfeR4HaWDbWqFHLkxsg1d	Queen	1995-11-06	32	3.325
1dfeR4HaWDbWqFHLkxsg1d	Queen	1dfeR4HaWDbWqFHLkxsg1d	Queen	1999-11-09	9	1.6
1dfeR4HaWDbWqFHLkxsg1d	Queen	1dfeR4HaWDbWqFHLkxsg1d	Queen	2004-11-04	25	2.8
1dfeR4HaWDbWqFHLkxsg1d	Queen	1dfeR4HaWDbWqFHLkxsg1d	Queen	2007-10-29	27	2.95
1dfeR4HaWDbWqFHLkxsg1d	Queen	1dfeR4HaWDbWqFHLkxsg1d	Queen	2010-01-01	1	1.0
1dfeR4HaWDbWqFHLkxsg1d	Queen	1dfeR4HaWDbWqFHLkxsg1d	Queen	2010-11-29	1	1.0
1dfeR4HaWDbWqFHLkxsg1d	Queen	1dfeR4HaWDbWqFHLkxsg1d	Queen	2011-01-01	42	4.075
1dfeR4HaWDbWqFHLkxsg1d	Queen	1dfeR4HaWDbWqFHLkxsg1d	Queen	2011-03-04	1	1.0
1dfeR4HaWDbWqFHLkxsg1d	Queen	1dfeR4HaWDbWqFHLkxsg1d	Queen	2011-03-14	14	1.975
1dfeR4HaWDbWqFHLkxsg1d	Queen	1dfeR4HaWDbWqFHLkxsg1d	Queen	2011-06-27	14	1.975
1dfeR4HaWDbWqFHLkxsg1d	Queen	1dfeR4HaWDbWqFHLkxsg1d	Queen	2011-09-05	15	2.05
1dfeR4HaWDbWqFHLkxsg1d	Queen	1dfeR4HaWDbWqFHLkxsg1d	Queen	2012-01-01	31	3.25
1dfeR4HaWDbWqFHLkxsg1d	Queen	1dfeR4HaWDbWqFHLkxsg1d	Queen	2014-01-01	121	10.0
1dfeR4HaWDbWqFHLkxsg1d	Queen	1dfeR4HaWDbWqFHLkxsg1d	Queen	2015-11-13	19	2.3499999999999996
1dfeR4HaWDbWqFHLkxsg1d	Queen	1dfeR4HaWDbWqFHLkxsg1d	Queen	2016-10-07	1	1.0
1dfeR4HaWDbWqFHLkxsg1d	Queen	1dfeR4HaWDbWqFHLkxsg1d	Queen	2016-11-04	24	2.725
1dfeR4HaWDbWqFHLkxsg1d	Queen	1dfeR4HaWDbWqFHLkxsg1d	Queen	2017-10-06	2	1.075
1dfeR4HaWDbWqFHLkxsg1d	Queen	1dfeR4HaWDbWqFHLkxsg1d	Queen	2018-10-19	20	2.425
