ego_label	ego_name	artist_label	artist_name	release_date	total	total_scalled
07YUOmWljBTXwIseAUd9TW	Sebastian Yatra	07YUOmWljBTXwIseAUd9TW	Sebastian Yatra	2013-10-05	2	2.125
07YUOmWljBTXwIseAUd9TW	Sebastian Yatra	07YUOmWljBTXwIseAUd9TW	Sebastian Yatra	2014-03-03	2	2.125
07YUOmWljBTXwIseAUd9TW	Sebastian Yatra	07YUOmWljBTXwIseAUd9TW	Sebastian Yatra	2014-10-09	1	1.0
07YUOmWljBTXwIseAUd9TW	Sebastian Yatra	07YUOmWljBTXwIseAUd9TW	Sebastian Yatra	2015-04-01	1	1.0
07YUOmWljBTXwIseAUd9TW	Sebastian Yatra	07YUOmWljBTXwIseAUd9TW	Sebastian Yatra	2015-10-20	2	2.125
07YUOmWljBTXwIseAUd9TW	Sebastian Yatra	07YUOmWljBTXwIseAUd9TW	Sebastian Yatra	2016-05-24	6	6.625
07YUOmWljBTXwIseAUd9TW	Sebastian Yatra	07YUOmWljBTXwIseAUd9TW	Sebastian Yatra	2016-06-24	1	1.0
07YUOmWljBTXwIseAUd9TW	Sebastian Yatra	07YUOmWljBTXwIseAUd9TW	Sebastian Yatra	2016-10-28	1	1.0
07YUOmWljBTXwIseAUd9TW	Sebastian Yatra	07YUOmWljBTXwIseAUd9TW	Sebastian Yatra	2016-12-13	1	1.0
07YUOmWljBTXwIseAUd9TW	Sebastian Yatra	07YUOmWljBTXwIseAUd9TW	Sebastian Yatra	2017-02-24	1	1.0
07YUOmWljBTXwIseAUd9TW	Sebastian Yatra	07YUOmWljBTXwIseAUd9TW	Sebastian Yatra	2017-05-26	4	4.375
07YUOmWljBTXwIseAUd9TW	Sebastian Yatra	07YUOmWljBTXwIseAUd9TW	Sebastian Yatra	2017-06-02	1	1.0
07YUOmWljBTXwIseAUd9TW	Sebastian Yatra	07YUOmWljBTXwIseAUd9TW	Sebastian Yatra	2017-06-09	1	1.0
07YUOmWljBTXwIseAUd9TW	Sebastian Yatra	07YUOmWljBTXwIseAUd9TW	Sebastian Yatra	2017-07-28	1	1.0
07YUOmWljBTXwIseAUd9TW	Sebastian Yatra	07YUOmWljBTXwIseAUd9TW	Sebastian Yatra	2017-10-27	1	1.0
07YUOmWljBTXwIseAUd9TW	Sebastian Yatra	07YUOmWljBTXwIseAUd9TW	Sebastian Yatra	2017-11-17	1	1.0
07YUOmWljBTXwIseAUd9TW	Sebastian Yatra	07YUOmWljBTXwIseAUd9TW	Sebastian Yatra	2017-12-08	1	1.0
07YUOmWljBTXwIseAUd9TW	Sebastian Yatra	07YUOmWljBTXwIseAUd9TW	Sebastian Yatra	2018-01-26	1	1.0
07YUOmWljBTXwIseAUd9TW	Sebastian Yatra	07YUOmWljBTXwIseAUd9TW	Sebastian Yatra	2018-05-18	9	10.0
