ego_label	ego_name	artist_label	artist_name	release_date	total	total_scalled
1RyvyyTE3xzB2ZywiAwp0i	Future	1RyvyyTE3xzB2ZywiAwp0i	Future	2011-10-14	1	1.0
1RyvyyTE3xzB2ZywiAwp0i	Future	1RyvyyTE3xzB2ZywiAwp0i	Future	2011-11-18	1	1.0
1RyvyyTE3xzB2ZywiAwp0i	Future	1RyvyyTE3xzB2ZywiAwp0i	Future	2011-11-28	2	1.5
1RyvyyTE3xzB2ZywiAwp0i	Future	1RyvyyTE3xzB2ZywiAwp0i	Future	2012-01-17	16	8.5
1RyvyyTE3xzB2ZywiAwp0i	Future	1RyvyyTE3xzB2ZywiAwp0i	Future	2012-03-21	3	2.0
1RyvyyTE3xzB2ZywiAwp0i	Future	1RyvyyTE3xzB2ZywiAwp0i	Future	2012-03-22	1	1.0
1RyvyyTE3xzB2ZywiAwp0i	Future	1RyvyyTE3xzB2ZywiAwp0i	Future	2012-04-13	8	4.5
1RyvyyTE3xzB2ZywiAwp0i	Future	1RyvyyTE3xzB2ZywiAwp0i	Future	2012-11-27	9	5.0
1RyvyyTE3xzB2ZywiAwp0i	Future	1RyvyyTE3xzB2ZywiAwp0i	Future	2012-12-12	2	1.5
1RyvyyTE3xzB2ZywiAwp0i	Future	1RyvyyTE3xzB2ZywiAwp0i	Future	2013-01-01	3	2.0
1RyvyyTE3xzB2ZywiAwp0i	Future	1RyvyyTE3xzB2ZywiAwp0i	Future	2013-01-04	1	1.0
1RyvyyTE3xzB2ZywiAwp0i	Future	1RyvyyTE3xzB2ZywiAwp0i	Future	2013-01-27	1	1.0
1RyvyyTE3xzB2ZywiAwp0i	Future	1RyvyyTE3xzB2ZywiAwp0i	Future	2013-05-01	1	1.0
1RyvyyTE3xzB2ZywiAwp0i	Future	1RyvyyTE3xzB2ZywiAwp0i	Future	2013-06-21	1	1.0
1RyvyyTE3xzB2ZywiAwp0i	Future	1RyvyyTE3xzB2ZywiAwp0i	Future	2013-09-10	1	1.0
1RyvyyTE3xzB2ZywiAwp0i	Future	1RyvyyTE3xzB2ZywiAwp0i	Future	2013-11-19	1	1.0
1RyvyyTE3xzB2ZywiAwp0i	Future	1RyvyyTE3xzB2ZywiAwp0i	Future	2014-03-18	1	1.0
1RyvyyTE3xzB2ZywiAwp0i	Future	1RyvyyTE3xzB2ZywiAwp0i	Future	2014-04-22	10	5.5
1RyvyyTE3xzB2ZywiAwp0i	Future	1RyvyyTE3xzB2ZywiAwp0i	Future	2014-05-20	1	1.0
1RyvyyTE3xzB2ZywiAwp0i	Future	1RyvyyTE3xzB2ZywiAwp0i	Future	2014-06-12	1	1.0
1RyvyyTE3xzB2ZywiAwp0i	Future	1RyvyyTE3xzB2ZywiAwp0i	Future	2014-07-20	1	1.0
1RyvyyTE3xzB2ZywiAwp0i	Future	1RyvyyTE3xzB2ZywiAwp0i	Future	2014-08-30	1	1.0
1RyvyyTE3xzB2ZywiAwp0i	Future	1RyvyyTE3xzB2ZywiAwp0i	Future	2014-09-26	1	1.0
1RyvyyTE3xzB2ZywiAwp0i	Future	1RyvyyTE3xzB2ZywiAwp0i	Future	2014-09-28	1	1.0
1RyvyyTE3xzB2ZywiAwp0i	Future	1RyvyyTE3xzB2ZywiAwp0i	Future	2014-11-11	1	1.0
1RyvyyTE3xzB2ZywiAwp0i	Future	1RyvyyTE3xzB2ZywiAwp0i	Future	2015-01-25	9	5.0
1RyvyyTE3xzB2ZywiAwp0i	Future	1RyvyyTE3xzB2ZywiAwp0i	Future	2015-03-02	1	1.0
1RyvyyTE3xzB2ZywiAwp0i	Future	1RyvyyTE3xzB2ZywiAwp0i	Future	2015-07-15	19	10.0
1RyvyyTE3xzB2ZywiAwp0i	Future	1RyvyyTE3xzB2ZywiAwp0i	Future	2015-07-17	17	9.0
1RyvyyTE3xzB2ZywiAwp0i	Future	1RyvyyTE3xzB2ZywiAwp0i	Future	2015-08-31	1	1.0
1RyvyyTE3xzB2ZywiAwp0i	Future	1RyvyyTE3xzB2ZywiAwp0i	Future	2015-09-19	1	1.0
1RyvyyTE3xzB2ZywiAwp0i	Future	1RyvyyTE3xzB2ZywiAwp0i	Future	2015-09-20	1	1.0
1RyvyyTE3xzB2ZywiAwp0i	Future	1RyvyyTE3xzB2ZywiAwp0i	Future	2015-09-26	1	1.0
1RyvyyTE3xzB2ZywiAwp0i	Future	1RyvyyTE3xzB2ZywiAwp0i	Future	2015-11-18	2	1.5
1RyvyyTE3xzB2ZywiAwp0i	Future	1RyvyyTE3xzB2ZywiAwp0i	Future	2015-11-20	1	1.0
1RyvyyTE3xzB2ZywiAwp0i	Future	1RyvyyTE3xzB2ZywiAwp0i	Future	2016-04-13	11	6.0
1RyvyyTE3xzB2ZywiAwp0i	Future	1RyvyyTE3xzB2ZywiAwp0i	Future	2016-04-22	1	1.0
1RyvyyTE3xzB2ZywiAwp0i	Future	1RyvyyTE3xzB2ZywiAwp0i	Future	2016-04-29	2	1.5
1RyvyyTE3xzB2ZywiAwp0i	Future	1RyvyyTE3xzB2ZywiAwp0i	Future	2016-05-16	1	1.0
1RyvyyTE3xzB2ZywiAwp0i	Future	1RyvyyTE3xzB2ZywiAwp0i	Future	2016-09-30	1	1.0
1RyvyyTE3xzB2ZywiAwp0i	Future	1RyvyyTE3xzB2ZywiAwp0i	Future	2016-10-13	7	4.0
1RyvyyTE3xzB2ZywiAwp0i	Future	1RyvyyTE3xzB2ZywiAwp0i	Future	2016-11-29	7	4.0
1RyvyyTE3xzB2ZywiAwp0i	Future	1RyvyyTE3xzB2ZywiAwp0i	Future	2017-03-28	1	1.0
1RyvyyTE3xzB2ZywiAwp0i	Future	1RyvyyTE3xzB2ZywiAwp0i	Future	2017-06-30	17	9.0
1RyvyyTE3xzB2ZywiAwp0i	Future	1RyvyyTE3xzB2ZywiAwp0i	Future	2017-07-27	15	8.0
1RyvyyTE3xzB2ZywiAwp0i	Future	1RyvyyTE3xzB2ZywiAwp0i	Future	2017-10-20	2	1.5
1RyvyyTE3xzB2ZywiAwp0i	Future	1RyvyyTE3xzB2ZywiAwp0i	Future	2018-06-15	3	2.0
1RyvyyTE3xzB2ZywiAwp0i	Future	1RyvyyTE3xzB2ZywiAwp0i	Future	2018-07-06	8	4.5
1RyvyyTE3xzB2ZywiAwp0i	Future	1RyvyyTE3xzB2ZywiAwp0i	Future	2018-10-19	1	1.0
1RyvyyTE3xzB2ZywiAwp0i	Future	1RyvyyTE3xzB2ZywiAwp0i	Future	2019-01-04	1	1.0
1RyvyyTE3xzB2ZywiAwp0i	Future	1RyvyyTE3xzB2ZywiAwp0i	Future	2019-01-11	1	1.0
