ego_label	ego_name	artist_label	artist_name	release_date	total	total_scalled
7dGJo4pcD2V6oG8kP0tJRR	Eminem	7dGJo4pcD2V6oG8kP0tJRR	Eminem	1996-11-12	1	1.0
7dGJo4pcD2V6oG8kP0tJRR	Eminem	7dGJo4pcD2V6oG8kP0tJRR	Eminem	1999-01-01	1	1.0
7dGJo4pcD2V6oG8kP0tJRR	Eminem	7dGJo4pcD2V6oG8kP0tJRR	Eminem	1999-02-23	13	2.52112676056338
7dGJo4pcD2V6oG8kP0tJRR	Eminem	7dGJo4pcD2V6oG8kP0tJRR	Eminem	1999-12-14	1	1.0
7dGJo4pcD2V6oG8kP0tJRR	Eminem	7dGJo4pcD2V6oG8kP0tJRR	Eminem	2000-05-23	27	4.295774647887324
7dGJo4pcD2V6oG8kP0tJRR	Eminem	7dGJo4pcD2V6oG8kP0tJRR	Eminem	2002-01-01	4	1.380281690140845
7dGJo4pcD2V6oG8kP0tJRR	Eminem	7dGJo4pcD2V6oG8kP0tJRR	Eminem	2002-05-26	14	2.647887323943662
7dGJo4pcD2V6oG8kP0tJRR	Eminem	7dGJo4pcD2V6oG8kP0tJRR	Eminem	2002-10-29	3	1.2535211267605635
7dGJo4pcD2V6oG8kP0tJRR	Eminem	7dGJo4pcD2V6oG8kP0tJRR	Eminem	2004-01-01	2	1.1267605633802817
7dGJo4pcD2V6oG8kP0tJRR	Eminem	7dGJo4pcD2V6oG8kP0tJRR	Eminem	2004-11-01	1	1.0
7dGJo4pcD2V6oG8kP0tJRR	Eminem	7dGJo4pcD2V6oG8kP0tJRR	Eminem	2004-11-12	72	10.0
7dGJo4pcD2V6oG8kP0tJRR	Eminem	7dGJo4pcD2V6oG8kP0tJRR	Eminem	2005-01-01	2	1.1267605633802817
7dGJo4pcD2V6oG8kP0tJRR	Eminem	7dGJo4pcD2V6oG8kP0tJRR	Eminem	2005-01-24	2	1.1267605633802817
7dGJo4pcD2V6oG8kP0tJRR	Eminem	7dGJo4pcD2V6oG8kP0tJRR	Eminem	2005-04-25	2	1.1267605633802817
7dGJo4pcD2V6oG8kP0tJRR	Eminem	7dGJo4pcD2V6oG8kP0tJRR	Eminem	2005-06-07	2	1.1267605633802817
7dGJo4pcD2V6oG8kP0tJRR	Eminem	7dGJo4pcD2V6oG8kP0tJRR	Eminem	2005-12-06	30	4.676056338028169
7dGJo4pcD2V6oG8kP0tJRR	Eminem	7dGJo4pcD2V6oG8kP0tJRR	Eminem	2006-12-04	3	1.2535211267605635
7dGJo4pcD2V6oG8kP0tJRR	Eminem	7dGJo4pcD2V6oG8kP0tJRR	Eminem	2008-09-23	1	1.0
7dGJo4pcD2V6oG8kP0tJRR	Eminem	7dGJo4pcD2V6oG8kP0tJRR	Eminem	2009-04-07	2	1.1267605633802817
7dGJo4pcD2V6oG8kP0tJRR	Eminem	7dGJo4pcD2V6oG8kP0tJRR	Eminem	2009-05-15	63	8.859154929577464
7dGJo4pcD2V6oG8kP0tJRR	Eminem	7dGJo4pcD2V6oG8kP0tJRR	Eminem	2009-08-11	6	1.6338028169014085
7dGJo4pcD2V6oG8kP0tJRR	Eminem	7dGJo4pcD2V6oG8kP0tJRR	Eminem	2010-01-01	2	1.1267605633802817
7dGJo4pcD2V6oG8kP0tJRR	Eminem	7dGJo4pcD2V6oG8kP0tJRR	Eminem	2010-06-18	13	2.52112676056338
7dGJo4pcD2V6oG8kP0tJRR	Eminem	7dGJo4pcD2V6oG8kP0tJRR	Eminem	2013-01-01	1	1.0
7dGJo4pcD2V6oG8kP0tJRR	Eminem	7dGJo4pcD2V6oG8kP0tJRR	Eminem	2013-11-05	27	4.295774647887324
7dGJo4pcD2V6oG8kP0tJRR	Eminem	7dGJo4pcD2V6oG8kP0tJRR	Eminem	2014-11-24	4	1.380281690140845
7dGJo4pcD2V6oG8kP0tJRR	Eminem	7dGJo4pcD2V6oG8kP0tJRR	Eminem	2015-07-24	1	1.0
7dGJo4pcD2V6oG8kP0tJRR	Eminem	7dGJo4pcD2V6oG8kP0tJRR	Eminem	2016-10-19	1	1.0
7dGJo4pcD2V6oG8kP0tJRR	Eminem	7dGJo4pcD2V6oG8kP0tJRR	Eminem	2017-12-15	22	3.6619718309859155
7dGJo4pcD2V6oG8kP0tJRR	Eminem	7dGJo4pcD2V6oG8kP0tJRR	Eminem	2018-08-31	8	1.8873239436619718
7dGJo4pcD2V6oG8kP0tJRR	Eminem	7dGJo4pcD2V6oG8kP0tJRR	Eminem	2018-09-19	1	1.0
7dGJo4pcD2V6oG8kP0tJRR	Eminem	7dGJo4pcD2V6oG8kP0tJRR	Eminem	2018-09-21	1	1.0
