ego_label	ego_name	artist_label	artist_name	release_date	total	total_scalled
4vhNDa5ycK0ST968ek7kRr	Carlos Vives	4vhNDa5ycK0ST968ek7kRr	Carlos Vives	1993-01-01	15	6.478260869565218
4vhNDa5ycK0ST968ek7kRr	Carlos Vives	4vhNDa5ycK0ST968ek7kRr	Carlos Vives	1995-01-01	11	4.913043478260869
4vhNDa5ycK0ST968ek7kRr	Carlos Vives	4vhNDa5ycK0ST968ek7kRr	Carlos Vives	1997-01-01	10	4.521739130434783
4vhNDa5ycK0ST968ek7kRr	Carlos Vives	4vhNDa5ycK0ST968ek7kRr	Carlos Vives	1999-01-01	11	4.913043478260869
4vhNDa5ycK0ST968ek7kRr	Carlos Vives	4vhNDa5ycK0ST968ek7kRr	Carlos Vives	2001-01-01	11	4.913043478260869
4vhNDa5ycK0ST968ek7kRr	Carlos Vives	4vhNDa5ycK0ST968ek7kRr	Carlos Vives	2002-06-18	15	6.478260869565218
4vhNDa5ycK0ST968ek7kRr	Carlos Vives	4vhNDa5ycK0ST968ek7kRr	Carlos Vives	2004-01-01	12	5.304347826086957
4vhNDa5ycK0ST968ek7kRr	Carlos Vives	4vhNDa5ycK0ST968ek7kRr	Carlos Vives	2006-09-15	2	1.391304347826087
4vhNDa5ycK0ST968ek7kRr	Carlos Vives	4vhNDa5ycK0ST968ek7kRr	Carlos Vives	2009-01-01	16	6.869565217391305
4vhNDa5ycK0ST968ek7kRr	Carlos Vives	4vhNDa5ycK0ST968ek7kRr	Carlos Vives	2013-01-28	3	1.7826086956521738
4vhNDa5ycK0ST968ek7kRr	Carlos Vives	4vhNDa5ycK0ST968ek7kRr	Carlos Vives	2013-04-21	24	10.0
4vhNDa5ycK0ST968ek7kRr	Carlos Vives	4vhNDa5ycK0ST968ek7kRr	Carlos Vives	2013-11-11	1	1.0
4vhNDa5ycK0ST968ek7kRr	Carlos Vives	4vhNDa5ycK0ST968ek7kRr	Carlos Vives	2014-05-13	10	4.521739130434783
4vhNDa5ycK0ST968ek7kRr	Carlos Vives	4vhNDa5ycK0ST968ek7kRr	Carlos Vives	2014-11-04	1	1.0
4vhNDa5ycK0ST968ek7kRr	Carlos Vives	4vhNDa5ycK0ST968ek7kRr	Carlos Vives	2014-12-02	5	2.5652173913043477
4vhNDa5ycK0ST968ek7kRr	Carlos Vives	4vhNDa5ycK0ST968ek7kRr	Carlos Vives	2015-08-07	13	5.695652173913043
4vhNDa5ycK0ST968ek7kRr	Carlos Vives	4vhNDa5ycK0ST968ek7kRr	Carlos Vives	2015-10-19	1	1.0
4vhNDa5ycK0ST968ek7kRr	Carlos Vives	4vhNDa5ycK0ST968ek7kRr	Carlos Vives	2015-11-03	3	1.7826086956521738
4vhNDa5ycK0ST968ek7kRr	Carlos Vives	4vhNDa5ycK0ST968ek7kRr	Carlos Vives	2016-12-09	10	4.521739130434783
4vhNDa5ycK0ST968ek7kRr	Carlos Vives	4vhNDa5ycK0ST968ek7kRr	Carlos Vives	2017-02-25	1	1.0
4vhNDa5ycK0ST968ek7kRr	Carlos Vives	4vhNDa5ycK0ST968ek7kRr	Carlos Vives	2017-11-10	13	5.695652173913043
4vhNDa5ycK0ST968ek7kRr	Carlos Vives	4vhNDa5ycK0ST968ek7kRr	Carlos Vives	2018-05-24	1	1.0
