ego_label	ego_name	artist_label	artist_name	release_date	total	total_scalled
137W8MRPWKqSmrBGDBFSop	Wiz Khalifa	137W8MRPWKqSmrBGDBFSop	Wiz Khalifa	2006-09-05	17	6.76
137W8MRPWKqSmrBGDBFSop	Wiz Khalifa	137W8MRPWKqSmrBGDBFSop	Wiz Khalifa	2007-08-07	4	2.08
137W8MRPWKqSmrBGDBFSop	Wiz Khalifa	137W8MRPWKqSmrBGDBFSop	Wiz Khalifa	2007-11-20	16	6.3999999999999995
137W8MRPWKqSmrBGDBFSop	Wiz Khalifa	137W8MRPWKqSmrBGDBFSop	Wiz Khalifa	2008-01-22	2	1.3599999999999999
137W8MRPWKqSmrBGDBFSop	Wiz Khalifa	137W8MRPWKqSmrBGDBFSop	Wiz Khalifa	2008-07-28	1	1.0
137W8MRPWKqSmrBGDBFSop	Wiz Khalifa	137W8MRPWKqSmrBGDBFSop	Wiz Khalifa	2008-08-12	1	1.0
137W8MRPWKqSmrBGDBFSop	Wiz Khalifa	137W8MRPWKqSmrBGDBFSop	Wiz Khalifa	2009-04-17	17	6.76
137W8MRPWKqSmrBGDBFSop	Wiz Khalifa	137W8MRPWKqSmrBGDBFSop	Wiz Khalifa	2009-07-28	1	1.0
137W8MRPWKqSmrBGDBFSop	Wiz Khalifa	137W8MRPWKqSmrBGDBFSop	Wiz Khalifa	2009-09-08	1	1.0
137W8MRPWKqSmrBGDBFSop	Wiz Khalifa	137W8MRPWKqSmrBGDBFSop	Wiz Khalifa	2009-11-24	26	10.0
137W8MRPWKqSmrBGDBFSop	Wiz Khalifa	137W8MRPWKqSmrBGDBFSop	Wiz Khalifa	2010-04-14	13	5.32
137W8MRPWKqSmrBGDBFSop	Wiz Khalifa	137W8MRPWKqSmrBGDBFSop	Wiz Khalifa	2010-07-27	1	1.0
137W8MRPWKqSmrBGDBFSop	Wiz Khalifa	137W8MRPWKqSmrBGDBFSop	Wiz Khalifa	2010-09-14	4	2.08
137W8MRPWKqSmrBGDBFSop	Wiz Khalifa	137W8MRPWKqSmrBGDBFSop	Wiz Khalifa	2011-02-03	1	1.0
137W8MRPWKqSmrBGDBFSop	Wiz Khalifa	137W8MRPWKqSmrBGDBFSop	Wiz Khalifa	2011-02-17	3	1.72
137W8MRPWKqSmrBGDBFSop	Wiz Khalifa	137W8MRPWKqSmrBGDBFSop	Wiz Khalifa	2011-03-08	2	1.3599999999999999
137W8MRPWKqSmrBGDBFSop	Wiz Khalifa	137W8MRPWKqSmrBGDBFSop	Wiz Khalifa	2011-03-22	2	1.3599999999999999
137W8MRPWKqSmrBGDBFSop	Wiz Khalifa	137W8MRPWKqSmrBGDBFSop	Wiz Khalifa	2011-03-29	24	9.280000000000001
137W8MRPWKqSmrBGDBFSop	Wiz Khalifa	137W8MRPWKqSmrBGDBFSop	Wiz Khalifa	2011-05-28	1	1.0
137W8MRPWKqSmrBGDBFSop	Wiz Khalifa	137W8MRPWKqSmrBGDBFSop	Wiz Khalifa	2012-12-04	18	7.12
137W8MRPWKqSmrBGDBFSop	Wiz Khalifa	137W8MRPWKqSmrBGDBFSop	Wiz Khalifa	2014-02-11	1	1.0
137W8MRPWKqSmrBGDBFSop	Wiz Khalifa	137W8MRPWKqSmrBGDBFSop	Wiz Khalifa	2014-07-29	1	1.0
137W8MRPWKqSmrBGDBFSop	Wiz Khalifa	137W8MRPWKqSmrBGDBFSop	Wiz Khalifa	2014-08-05	1	1.0
137W8MRPWKqSmrBGDBFSop	Wiz Khalifa	137W8MRPWKqSmrBGDBFSop	Wiz Khalifa	2014-08-19	14	5.68
137W8MRPWKqSmrBGDBFSop	Wiz Khalifa	137W8MRPWKqSmrBGDBFSop	Wiz Khalifa	2015-10-16	1	1.0
137W8MRPWKqSmrBGDBFSop	Wiz Khalifa	137W8MRPWKqSmrBGDBFSop	Wiz Khalifa	2016-02-05	5	2.44
137W8MRPWKqSmrBGDBFSop	Wiz Khalifa	137W8MRPWKqSmrBGDBFSop	Wiz Khalifa	2016-12-02	1	1.0
137W8MRPWKqSmrBGDBFSop	Wiz Khalifa	137W8MRPWKqSmrBGDBFSop	Wiz Khalifa	2017-11-07	9	3.88
137W8MRPWKqSmrBGDBFSop	Wiz Khalifa	137W8MRPWKqSmrBGDBFSop	Wiz Khalifa	2018-04-19	1	1.0
137W8MRPWKqSmrBGDBFSop	Wiz Khalifa	137W8MRPWKqSmrBGDBFSop	Wiz Khalifa	2018-06-15	2	1.3599999999999999
137W8MRPWKqSmrBGDBFSop	Wiz Khalifa	137W8MRPWKqSmrBGDBFSop	Wiz Khalifa	2018-07-13	12	4.96
137W8MRPWKqSmrBGDBFSop	Wiz Khalifa	137W8MRPWKqSmrBGDBFSop	Wiz Khalifa	2018-08-03	1	1.0
