ego_label	ego_name	artist_label	artist_name	release_date	total	total_scalled
3WrFJ7ztbogyGnTHbHJFl2	The Beatles	3WrFJ7ztbogyGnTHbHJFl2	The Beatles	1963-03-22	14	2.1037735849056602
3WrFJ7ztbogyGnTHbHJFl2	The Beatles	3WrFJ7ztbogyGnTHbHJFl2	The Beatles	1963-11-22	14	2.1037735849056602
3WrFJ7ztbogyGnTHbHJFl2	The Beatles	3WrFJ7ztbogyGnTHbHJFl2	The Beatles	1964-07-10	13	2.018867924528302
3WrFJ7ztbogyGnTHbHJFl2	The Beatles	3WrFJ7ztbogyGnTHbHJFl2	The Beatles	1964-12-04	14	2.1037735849056602
3WrFJ7ztbogyGnTHbHJFl2	The Beatles	3WrFJ7ztbogyGnTHbHJFl2	The Beatles	1965-08-06	14	2.1037735849056602
3WrFJ7ztbogyGnTHbHJFl2	The Beatles	3WrFJ7ztbogyGnTHbHJFl2	The Beatles	1965-12-03	14	2.1037735849056602
3WrFJ7ztbogyGnTHbHJFl2	The Beatles	3WrFJ7ztbogyGnTHbHJFl2	The Beatles	1966-08-05	14	2.1037735849056602
3WrFJ7ztbogyGnTHbHJFl2	The Beatles	3WrFJ7ztbogyGnTHbHJFl2	The Beatles	1967-05-26	65	6.433962264150943
3WrFJ7ztbogyGnTHbHJFl2	The Beatles	3WrFJ7ztbogyGnTHbHJFl2	The Beatles	1967-06-01	44	4.650943396226415
3WrFJ7ztbogyGnTHbHJFl2	The Beatles	3WrFJ7ztbogyGnTHbHJFl2	The Beatles	1967-11-27	11	1.849056603773585
3WrFJ7ztbogyGnTHbHJFl2	The Beatles	3WrFJ7ztbogyGnTHbHJFl2	The Beatles	1968-11-22	30	3.4622641509433962
3WrFJ7ztbogyGnTHbHJFl2	The Beatles	3WrFJ7ztbogyGnTHbHJFl2	The Beatles	1969-01-17	6	1.4245283018867925
3WrFJ7ztbogyGnTHbHJFl2	The Beatles	3WrFJ7ztbogyGnTHbHJFl2	The Beatles	1969-09-26	17	2.3584905660377355
3WrFJ7ztbogyGnTHbHJFl2	The Beatles	3WrFJ7ztbogyGnTHbHJFl2	The Beatles	1970-05-08	12	1.9339622641509435
3WrFJ7ztbogyGnTHbHJFl2	The Beatles	3WrFJ7ztbogyGnTHbHJFl2	The Beatles	1973-04-01	26	3.1226415094339623
3WrFJ7ztbogyGnTHbHJFl2	The Beatles	3WrFJ7ztbogyGnTHbHJFl2	The Beatles	1973-04-02	27	3.207547169811321
3WrFJ7ztbogyGnTHbHJFl2	The Beatles	3WrFJ7ztbogyGnTHbHJFl2	The Beatles	1988-03-07	32	3.632075471698113
3WrFJ7ztbogyGnTHbHJFl2	The Beatles	3WrFJ7ztbogyGnTHbHJFl2	The Beatles	1994-11-30	71	6.943396226415094
3WrFJ7ztbogyGnTHbHJFl2	The Beatles	3WrFJ7ztbogyGnTHbHJFl2	The Beatles	1995-11-20	48	4.990566037735849
3WrFJ7ztbogyGnTHbHJFl2	The Beatles	3WrFJ7ztbogyGnTHbHJFl2	The Beatles	1996-03-18	45	4.735849056603774
3WrFJ7ztbogyGnTHbHJFl2	The Beatles	3WrFJ7ztbogyGnTHbHJFl2	The Beatles	1996-10-28	50	5.160377358490566
3WrFJ7ztbogyGnTHbHJFl2	The Beatles	3WrFJ7ztbogyGnTHbHJFl2	The Beatles	2000-11-13	26	3.1226415094339623
3WrFJ7ztbogyGnTHbHJFl2	The Beatles	3WrFJ7ztbogyGnTHbHJFl2	The Beatles	2006-11-17	28	3.292452830188679
3WrFJ7ztbogyGnTHbHJFl2	The Beatles	3WrFJ7ztbogyGnTHbHJFl2	The Beatles	2013-11-11	40	4.311320754716981
3WrFJ7ztbogyGnTHbHJFl2	The Beatles	3WrFJ7ztbogyGnTHbHJFl2	The Beatles	2014-01-01	26	3.1226415094339623
3WrFJ7ztbogyGnTHbHJFl2	The Beatles	3WrFJ7ztbogyGnTHbHJFl2	The Beatles	2016-09-09	17	2.3584905660377355
3WrFJ7ztbogyGnTHbHJFl2	The Beatles	3WrFJ7ztbogyGnTHbHJFl2	The Beatles	2018-11-09	107	10.0
