ego_label	ego_name	artist_label	artist_name	release_date	total	total_scalled
7Ln80lUS6He07XvHI8qqHH	Arctic Monkeys	7Ln80lUS6He07XvHI8qqHH	Arctic Monkeys	2005-10-17	3	2.5
7Ln80lUS6He07XvHI8qqHH	Arctic Monkeys	7Ln80lUS6He07XvHI8qqHH	Arctic Monkeys	2006-01-16	5	4.0
7Ln80lUS6He07XvHI8qqHH	Arctic Monkeys	7Ln80lUS6He07XvHI8qqHH	Arctic Monkeys	2006-01-29	13	10.0
7Ln80lUS6He07XvHI8qqHH	Arctic Monkeys	7Ln80lUS6He07XvHI8qqHH	Arctic Monkeys	2006-04-22	5	4.0
7Ln80lUS6He07XvHI8qqHH	Arctic Monkeys	7Ln80lUS6He07XvHI8qqHH	Arctic Monkeys	2006-08-14	3	2.5
7Ln80lUS6He07XvHI8qqHH	Arctic Monkeys	7Ln80lUS6He07XvHI8qqHH	Arctic Monkeys	2007-04-15	4	3.25
7Ln80lUS6He07XvHI8qqHH	Arctic Monkeys	7Ln80lUS6He07XvHI8qqHH	Arctic Monkeys	2007-04-22	12	9.25
7Ln80lUS6He07XvHI8qqHH	Arctic Monkeys	7Ln80lUS6He07XvHI8qqHH	Arctic Monkeys	2007-06-18	2	1.75
7Ln80lUS6He07XvHI8qqHH	Arctic Monkeys	7Ln80lUS6He07XvHI8qqHH	Arctic Monkeys	2007-07-08	4	3.25
7Ln80lUS6He07XvHI8qqHH	Arctic Monkeys	7Ln80lUS6He07XvHI8qqHH	Arctic Monkeys	2007-12-02	4	3.25
7Ln80lUS6He07XvHI8qqHH	Arctic Monkeys	7Ln80lUS6He07XvHI8qqHH	Arctic Monkeys	2008-02-01	1	1.0
7Ln80lUS6He07XvHI8qqHH	Arctic Monkeys	7Ln80lUS6He07XvHI8qqHH	Arctic Monkeys	2009-08-16	3	2.5
7Ln80lUS6He07XvHI8qqHH	Arctic Monkeys	7Ln80lUS6He07XvHI8qqHH	Arctic Monkeys	2009-08-20	10	7.75
7Ln80lUS6He07XvHI8qqHH	Arctic Monkeys	7Ln80lUS6He07XvHI8qqHH	Arctic Monkeys	2009-11-16	4	3.25
7Ln80lUS6He07XvHI8qqHH	Arctic Monkeys	7Ln80lUS6He07XvHI8qqHH	Arctic Monkeys	2010-03-22	4	3.25
7Ln80lUS6He07XvHI8qqHH	Arctic Monkeys	7Ln80lUS6He07XvHI8qqHH	Arctic Monkeys	2011-05-30	3	2.5
7Ln80lUS6He07XvHI8qqHH	Arctic Monkeys	7Ln80lUS6He07XvHI8qqHH	Arctic Monkeys	2011-06-06	12	9.25
7Ln80lUS6He07XvHI8qqHH	Arctic Monkeys	7Ln80lUS6He07XvHI8qqHH	Arctic Monkeys	2011-08-15	1	1.0
7Ln80lUS6He07XvHI8qqHH	Arctic Monkeys	7Ln80lUS6He07XvHI8qqHH	Arctic Monkeys	2011-10-31	2	1.75
7Ln80lUS6He07XvHI8qqHH	Arctic Monkeys	7Ln80lUS6He07XvHI8qqHH	Arctic Monkeys	2012-01-23	1	1.0
7Ln80lUS6He07XvHI8qqHH	Arctic Monkeys	7Ln80lUS6He07XvHI8qqHH	Arctic Monkeys	2012-04-23	2	1.75
7Ln80lUS6He07XvHI8qqHH	Arctic Monkeys	7Ln80lUS6He07XvHI8qqHH	Arctic Monkeys	2013-07-18	2	1.75
7Ln80lUS6He07XvHI8qqHH	Arctic Monkeys	7Ln80lUS6He07XvHI8qqHH	Arctic Monkeys	2013-09-02	2	1.75
7Ln80lUS6He07XvHI8qqHH	Arctic Monkeys	7Ln80lUS6He07XvHI8qqHH	Arctic Monkeys	2013-09-09	12	9.25
7Ln80lUS6He07XvHI8qqHH	Arctic Monkeys	7Ln80lUS6He07XvHI8qqHH	Arctic Monkeys	2013-12-09	2	1.75
7Ln80lUS6He07XvHI8qqHH	Arctic Monkeys	7Ln80lUS6He07XvHI8qqHH	Arctic Monkeys	2018-05-01	2	1.75
7Ln80lUS6He07XvHI8qqHH	Arctic Monkeys	7Ln80lUS6He07XvHI8qqHH	Arctic Monkeys	2018-05-02	2	1.75
7Ln80lUS6He07XvHI8qqHH	Arctic Monkeys	7Ln80lUS6He07XvHI8qqHH	Arctic Monkeys	2018-05-11	11	8.5
