ego_label	ego_name	artist_label	artist_name	release_date	total	total_scalled
64KEffDW9EtZ1y2vBYgq8T	Marshmello	64KEffDW9EtZ1y2vBYgq8T	Marshmello	2016-01-08	9	10.0
64KEffDW9EtZ1y2vBYgq8T	Marshmello	64KEffDW9EtZ1y2vBYgq8T	Marshmello	2016-02-14	1	1.0
64KEffDW9EtZ1y2vBYgq8T	Marshmello	64KEffDW9EtZ1y2vBYgq8T	Marshmello	2016-03-11	1	1.0
64KEffDW9EtZ1y2vBYgq8T	Marshmello	64KEffDW9EtZ1y2vBYgq8T	Marshmello	2016-05-13	1	1.0
64KEffDW9EtZ1y2vBYgq8T	Marshmello	64KEffDW9EtZ1y2vBYgq8T	Marshmello	2016-06-03	1	1.0
64KEffDW9EtZ1y2vBYgq8T	Marshmello	64KEffDW9EtZ1y2vBYgq8T	Marshmello	2016-12-16	1	1.0
64KEffDW9EtZ1y2vBYgq8T	Marshmello	64KEffDW9EtZ1y2vBYgq8T	Marshmello	2016-12-19	1	1.0
64KEffDW9EtZ1y2vBYgq8T	Marshmello	64KEffDW9EtZ1y2vBYgq8T	Marshmello	2017-05-05	1	1.0
64KEffDW9EtZ1y2vBYgq8T	Marshmello	64KEffDW9EtZ1y2vBYgq8T	Marshmello	2017-08-04	1	1.0
64KEffDW9EtZ1y2vBYgq8T	Marshmello	64KEffDW9EtZ1y2vBYgq8T	Marshmello	2017-10-20	1	1.0
64KEffDW9EtZ1y2vBYgq8T	Marshmello	64KEffDW9EtZ1y2vBYgq8T	Marshmello	2018-06-08	1	1.0
64KEffDW9EtZ1y2vBYgq8T	Marshmello	64KEffDW9EtZ1y2vBYgq8T	Marshmello	2018-06-15	1	1.0
64KEffDW9EtZ1y2vBYgq8T	Marshmello	64KEffDW9EtZ1y2vBYgq8T	Marshmello	2018-06-22	9	10.0
