ego_label	ego_name	artist_label	artist_name	release_date	total	total_scalled
1SupJlEpv7RS2tPNRaHViT	Nicky Jam	1SupJlEpv7RS2tPNRaHViT	Nicky Jam	2001-12-04	8	5.2
1SupJlEpv7RS2tPNRaHViT	Nicky Jam	1SupJlEpv7RS2tPNRaHViT	Nicky Jam	2008-07-15	1	1.0
1SupJlEpv7RS2tPNRaHViT	Nicky Jam	1SupJlEpv7RS2tPNRaHViT	Nicky Jam	2008-07-24	1	1.0
1SupJlEpv7RS2tPNRaHViT	Nicky Jam	1SupJlEpv7RS2tPNRaHViT	Nicky Jam	2008-08-09	1	1.0
1SupJlEpv7RS2tPNRaHViT	Nicky Jam	1SupJlEpv7RS2tPNRaHViT	Nicky Jam	2008-08-12	1	1.0
1SupJlEpv7RS2tPNRaHViT	Nicky Jam	1SupJlEpv7RS2tPNRaHViT	Nicky Jam	2009-07-24	5	3.4
1SupJlEpv7RS2tPNRaHViT	Nicky Jam	1SupJlEpv7RS2tPNRaHViT	Nicky Jam	2009-07-31	3	2.2
1SupJlEpv7RS2tPNRaHViT	Nicky Jam	1SupJlEpv7RS2tPNRaHViT	Nicky Jam	2010-07-15	1	1.0
1SupJlEpv7RS2tPNRaHViT	Nicky Jam	1SupJlEpv7RS2tPNRaHViT	Nicky Jam	2011-07-25	2	1.6
1SupJlEpv7RS2tPNRaHViT	Nicky Jam	1SupJlEpv7RS2tPNRaHViT	Nicky Jam	2011-11-18	1	1.0
1SupJlEpv7RS2tPNRaHViT	Nicky Jam	1SupJlEpv7RS2tPNRaHViT	Nicky Jam	2012-07-19	1	1.0
1SupJlEpv7RS2tPNRaHViT	Nicky Jam	1SupJlEpv7RS2tPNRaHViT	Nicky Jam	2013-02-27	1	1.0
1SupJlEpv7RS2tPNRaHViT	Nicky Jam	1SupJlEpv7RS2tPNRaHViT	Nicky Jam	2013-07-03	1	1.0
1SupJlEpv7RS2tPNRaHViT	Nicky Jam	1SupJlEpv7RS2tPNRaHViT	Nicky Jam	2013-07-08	3	2.2
1SupJlEpv7RS2tPNRaHViT	Nicky Jam	1SupJlEpv7RS2tPNRaHViT	Nicky Jam	2014-01-01	1	1.0
1SupJlEpv7RS2tPNRaHViT	Nicky Jam	1SupJlEpv7RS2tPNRaHViT	Nicky Jam	2014-01-27	1	1.0
1SupJlEpv7RS2tPNRaHViT	Nicky Jam	1SupJlEpv7RS2tPNRaHViT	Nicky Jam	2014-02-15	16	10.0
1SupJlEpv7RS2tPNRaHViT	Nicky Jam	1SupJlEpv7RS2tPNRaHViT	Nicky Jam	2014-03-18	1	1.0
1SupJlEpv7RS2tPNRaHViT	Nicky Jam	1SupJlEpv7RS2tPNRaHViT	Nicky Jam	2014-06-14	1	1.0
1SupJlEpv7RS2tPNRaHViT	Nicky Jam	1SupJlEpv7RS2tPNRaHViT	Nicky Jam	2014-09-09	6	4.0
1SupJlEpv7RS2tPNRaHViT	Nicky Jam	1SupJlEpv7RS2tPNRaHViT	Nicky Jam	2014-09-21	1	1.0
1SupJlEpv7RS2tPNRaHViT	Nicky Jam	1SupJlEpv7RS2tPNRaHViT	Nicky Jam	2014-10-07	1	1.0
1SupJlEpv7RS2tPNRaHViT	Nicky Jam	1SupJlEpv7RS2tPNRaHViT	Nicky Jam	2014-11-04	7	4.6
1SupJlEpv7RS2tPNRaHViT	Nicky Jam	1SupJlEpv7RS2tPNRaHViT	Nicky Jam	2015-03-09	1	1.0
1SupJlEpv7RS2tPNRaHViT	Nicky Jam	1SupJlEpv7RS2tPNRaHViT	Nicky Jam	2015-06-03	1	1.0
1SupJlEpv7RS2tPNRaHViT	Nicky Jam	1SupJlEpv7RS2tPNRaHViT	Nicky Jam	2015-06-10	1	1.0
1SupJlEpv7RS2tPNRaHViT	Nicky Jam	1SupJlEpv7RS2tPNRaHViT	Nicky Jam	2015-10-22	1	1.0
1SupJlEpv7RS2tPNRaHViT	Nicky Jam	1SupJlEpv7RS2tPNRaHViT	Nicky Jam	2015-12-11	1	1.0
1SupJlEpv7RS2tPNRaHViT	Nicky Jam	1SupJlEpv7RS2tPNRaHViT	Nicky Jam	2016-02-24	7	4.6
1SupJlEpv7RS2tPNRaHViT	Nicky Jam	1SupJlEpv7RS2tPNRaHViT	Nicky Jam	2016-04-29	2	1.6
1SupJlEpv7RS2tPNRaHViT	Nicky Jam	1SupJlEpv7RS2tPNRaHViT	Nicky Jam	2016-06-10	1	1.0
1SupJlEpv7RS2tPNRaHViT	Nicky Jam	1SupJlEpv7RS2tPNRaHViT	Nicky Jam	2016-11-11	6	4.0
1SupJlEpv7RS2tPNRaHViT	Nicky Jam	1SupJlEpv7RS2tPNRaHViT	Nicky Jam	2017-01-20	11	7.0
1SupJlEpv7RS2tPNRaHViT	Nicky Jam	1SupJlEpv7RS2tPNRaHViT	Nicky Jam	2017-07-28	1	1.0
1SupJlEpv7RS2tPNRaHViT	Nicky Jam	1SupJlEpv7RS2tPNRaHViT	Nicky Jam	2017-08-18	1	1.0
1SupJlEpv7RS2tPNRaHViT	Nicky Jam	1SupJlEpv7RS2tPNRaHViT	Nicky Jam	2018-05-24	1	1.0
1SupJlEpv7RS2tPNRaHViT	Nicky Jam	1SupJlEpv7RS2tPNRaHViT	Nicky Jam	2018-05-25	1	1.0
1SupJlEpv7RS2tPNRaHViT	Nicky Jam	1SupJlEpv7RS2tPNRaHViT	Nicky Jam	2018-11-02	1	1.0
