ego_label	ego_name	artist_label	artist_name	release_date	total	total_scalled
4q3ewBCX7sLwd24euuV69X	Bad Bunny	4q3ewBCX7sLwd24euuV69X	Bad Bunny	2016-12-08	1	1.0
4q3ewBCX7sLwd24euuV69X	Bad Bunny	4q3ewBCX7sLwd24euuV69X	Bad Bunny	2017-07-06	1	1.0
4q3ewBCX7sLwd24euuV69X	Bad Bunny	4q3ewBCX7sLwd24euuV69X	Bad Bunny	2017-09-23	1	1.0
4q3ewBCX7sLwd24euuV69X	Bad Bunny	4q3ewBCX7sLwd24euuV69X	Bad Bunny	2017-12-01	1	1.0
4q3ewBCX7sLwd24euuV69X	Bad Bunny	4q3ewBCX7sLwd24euuV69X	Bad Bunny	2018-02-15	1	1.0
4q3ewBCX7sLwd24euuV69X	Bad Bunny	4q3ewBCX7sLwd24euuV69X	Bad Bunny	2018-02-20	1	1.0
4q3ewBCX7sLwd24euuV69X	Bad Bunny	4q3ewBCX7sLwd24euuV69X	Bad Bunny	2018-02-22	1	1.0
4q3ewBCX7sLwd24euuV69X	Bad Bunny	4q3ewBCX7sLwd24euuV69X	Bad Bunny	2018-04-01	1	1.0
4q3ewBCX7sLwd24euuV69X	Bad Bunny	4q3ewBCX7sLwd24euuV69X	Bad Bunny	2018-12-03	1	1.0
4q3ewBCX7sLwd24euuV69X	Bad Bunny	4q3ewBCX7sLwd24euuV69X	Bad Bunny	2018-12-14	1	1.0
4q3ewBCX7sLwd24euuV69X	Bad Bunny	4q3ewBCX7sLwd24euuV69X	Bad Bunny	2018-12-23	12	10.0
