ego_label	ego_name	artist_label	artist_name	release_date	total	total_scalled
4dpARuHxo51G3z768sgnrY	Adele	4dpARuHxo51G3z768sgnrY	Adele	2007-01-01	4	3.454545454545454
4dpARuHxo51G3z768sgnrY	Adele	4dpARuHxo51G3z768sgnrY	Adele	2008-01-21	1	1.0
4dpARuHxo51G3z768sgnrY	Adele	4dpARuHxo51G3z768sgnrY	Adele	2008-01-28	12	10.0
4dpARuHxo51G3z768sgnrY	Adele	4dpARuHxo51G3z768sgnrY	Adele	2008-04-21	4	3.454545454545454
4dpARuHxo51G3z768sgnrY	Adele	4dpARuHxo51G3z768sgnrY	Adele	2008-10-27	1	1.0
4dpARuHxo51G3z768sgnrY	Adele	4dpARuHxo51G3z768sgnrY	Adele	2011-01-19	11	9.181818181818182
4dpARuHxo51G3z768sgnrY	Adele	4dpARuHxo51G3z768sgnrY	Adele	2012-01-24	1	1.0
4dpARuHxo51G3z768sgnrY	Adele	4dpARuHxo51G3z768sgnrY	Adele	2012-10-04	1	1.0
4dpARuHxo51G3z768sgnrY	Adele	4dpARuHxo51G3z768sgnrY	Adele	2014-08-25	1	1.0
4dpARuHxo51G3z768sgnrY	Adele	4dpARuHxo51G3z768sgnrY	Adele	2015-10-23	1	1.0
4dpARuHxo51G3z768sgnrY	Adele	4dpARuHxo51G3z768sgnrY	Adele	2016-02-05	1	1.0
4dpARuHxo51G3z768sgnrY	Adele	4dpARuHxo51G3z768sgnrY	Adele	2016-05-16	1	1.0
4dpARuHxo51G3z768sgnrY	Adele	4dpARuHxo51G3z768sgnrY	Adele	2016-06-24	11	9.181818181818182
4dpARuHxo51G3z768sgnrY	Adele	4dpARuHxo51G3z768sgnrY	Adele	2016-11-04	1	1.0
4dpARuHxo51G3z768sgnrY	Adele	4dpARuHxo51G3z768sgnrY	Adele	2017-05-05	1	1.0
