ego_label	ego_name	artist_label	artist_name	release_date	total	total_scalled
1vyhD5VmyZ7KMfW5gqLgo5	J Balvin	1vyhD5VmyZ7KMfW5gqLgo5	J Balvin	2011-05-09	1	1.0
1vyhD5VmyZ7KMfW5gqLgo5	J Balvin	1vyhD5VmyZ7KMfW5gqLgo5	J Balvin	2012-01-01	12	7.6
1vyhD5VmyZ7KMfW5gqLgo5	J Balvin	1vyhD5VmyZ7KMfW5gqLgo5	J Balvin	2013-01-01	12	7.6
1vyhD5VmyZ7KMfW5gqLgo5	J Balvin	1vyhD5VmyZ7KMfW5gqLgo5	J Balvin	2014-09-16	16	10.0
1vyhD5VmyZ7KMfW5gqLgo5	J Balvin	1vyhD5VmyZ7KMfW5gqLgo5	J Balvin	2015-02-13	1	1.0
1vyhD5VmyZ7KMfW5gqLgo5	J Balvin	1vyhD5VmyZ7KMfW5gqLgo5	J Balvin	2015-11-11	1	1.0
1vyhD5VmyZ7KMfW5gqLgo5	J Balvin	1vyhD5VmyZ7KMfW5gqLgo5	J Balvin	2016-02-19	2	1.6
1vyhD5VmyZ7KMfW5gqLgo5	J Balvin	1vyhD5VmyZ7KMfW5gqLgo5	J Balvin	2016-05-06	1	1.0
1vyhD5VmyZ7KMfW5gqLgo5	J Balvin	1vyhD5VmyZ7KMfW5gqLgo5	J Balvin	2016-06-24	11	7.0
1vyhD5VmyZ7KMfW5gqLgo5	J Balvin	1vyhD5VmyZ7KMfW5gqLgo5	J Balvin	2016-10-28	1	1.0
1vyhD5VmyZ7KMfW5gqLgo5	J Balvin	1vyhD5VmyZ7KMfW5gqLgo5	J Balvin	2016-11-04	1	1.0
1vyhD5VmyZ7KMfW5gqLgo5	J Balvin	1vyhD5VmyZ7KMfW5gqLgo5	J Balvin	2017-02-24	1	1.0
1vyhD5VmyZ7KMfW5gqLgo5	J Balvin	1vyhD5VmyZ7KMfW5gqLgo5	J Balvin	2017-06-02	1	1.0
1vyhD5VmyZ7KMfW5gqLgo5	J Balvin	1vyhD5VmyZ7KMfW5gqLgo5	J Balvin	2017-07-28	1	1.0
1vyhD5VmyZ7KMfW5gqLgo5	J Balvin	1vyhD5VmyZ7KMfW5gqLgo5	J Balvin	2017-10-06	12	7.6
1vyhD5VmyZ7KMfW5gqLgo5	J Balvin	1vyhD5VmyZ7KMfW5gqLgo5	J Balvin	2017-11-17	2	1.6
1vyhD5VmyZ7KMfW5gqLgo5	J Balvin	1vyhD5VmyZ7KMfW5gqLgo5	J Balvin	2017-12-08	1	1.0
1vyhD5VmyZ7KMfW5gqLgo5	J Balvin	1vyhD5VmyZ7KMfW5gqLgo5	J Balvin	2018-02-26	1	1.0
1vyhD5VmyZ7KMfW5gqLgo5	J Balvin	1vyhD5VmyZ7KMfW5gqLgo5	J Balvin	2018-04-13	2	1.6
1vyhD5VmyZ7KMfW5gqLgo5	J Balvin	1vyhD5VmyZ7KMfW5gqLgo5	J Balvin	2018-04-27	1	1.0
1vyhD5VmyZ7KMfW5gqLgo5	J Balvin	1vyhD5VmyZ7KMfW5gqLgo5	J Balvin	2018-05-17	1	1.0
1vyhD5VmyZ7KMfW5gqLgo5	J Balvin	1vyhD5VmyZ7KMfW5gqLgo5	J Balvin	2018-05-25	8	5.2
1vyhD5VmyZ7KMfW5gqLgo5	J Balvin	1vyhD5VmyZ7KMfW5gqLgo5	J Balvin	2018-11-17	1	1.0
