ego_label	ego_name	artist_label	artist_name	release_date	total	total_scalled
0Y5tJX1MQlPlqiwlOH1tJY	Travis Scott	0Y5tJX1MQlPlqiwlOH1tJY	Travis Scott	2013-09-22	4	2.6875
0Y5tJX1MQlPlqiwlOH1tJY	Travis Scott	0Y5tJX1MQlPlqiwlOH1tJY	Travis Scott	2015-07-28	1	1.0
0Y5tJX1MQlPlqiwlOH1tJY	Travis Scott	0Y5tJX1MQlPlqiwlOH1tJY	Travis Scott	2015-09-04	6	3.8125
0Y5tJX1MQlPlqiwlOH1tJY	Travis Scott	0Y5tJX1MQlPlqiwlOH1tJY	Travis Scott	2015-10-20	1	1.0
0Y5tJX1MQlPlqiwlOH1tJY	Travis Scott	0Y5tJX1MQlPlqiwlOH1tJY	Travis Scott	2016-01-08	1	1.0
0Y5tJX1MQlPlqiwlOH1tJY	Travis Scott	0Y5tJX1MQlPlqiwlOH1tJY	Travis Scott	2016-02-06	1	1.0
0Y5tJX1MQlPlqiwlOH1tJY	Travis Scott	0Y5tJX1MQlPlqiwlOH1tJY	Travis Scott	2016-09-16	13	7.75
0Y5tJX1MQlPlqiwlOH1tJY	Travis Scott	0Y5tJX1MQlPlqiwlOH1tJY	Travis Scott	2016-12-16	1	1.0
0Y5tJX1MQlPlqiwlOH1tJY	Travis Scott	0Y5tJX1MQlPlqiwlOH1tJY	Travis Scott	2018-08-03	17	10.0
