ego_label	ego_name	artist_label	artist_name	release_date	total	total_scalled
0L8ExT028jH3ddEcZwqJJ5	Red Hot Chili Peppers	0L8ExT028jH3ddEcZwqJJ5	Red Hot Chili Peppers	1984-08-10	16	2.3235294117647056
0L8ExT028jH3ddEcZwqJJ5	Red Hot Chili Peppers	0L8ExT028jH3ddEcZwqJJ5	Red Hot Chili Peppers	1985-08-16	18	2.5
0L8ExT028jH3ddEcZwqJJ5	Red Hot Chili Peppers	0L8ExT028jH3ddEcZwqJJ5	Red Hot Chili Peppers	1987-01-01	12	1.9705882352941178
0L8ExT028jH3ddEcZwqJJ5	Red Hot Chili Peppers	0L8ExT028jH3ddEcZwqJJ5	Red Hot Chili Peppers	1989-08-16	19	2.588235294117647
0L8ExT028jH3ddEcZwqJJ5	Red Hot Chili Peppers	0L8ExT028jH3ddEcZwqJJ5	Red Hot Chili Peppers	1991-09-24	19	2.588235294117647
0L8ExT028jH3ddEcZwqJJ5	Red Hot Chili Peppers	0L8ExT028jH3ddEcZwqJJ5	Red Hot Chili Peppers	1992-02-14	1	1.0
0L8ExT028jH3ddEcZwqJJ5	Red Hot Chili Peppers	0L8ExT028jH3ddEcZwqJJ5	Red Hot Chili Peppers	1992-09-29	18	2.5
0L8ExT028jH3ddEcZwqJJ5	Red Hot Chili Peppers	0L8ExT028jH3ddEcZwqJJ5	Red Hot Chili Peppers	1993-01-01	1	1.0
0L8ExT028jH3ddEcZwqJJ5	Red Hot Chili Peppers	0L8ExT028jH3ddEcZwqJJ5	Red Hot Chili Peppers	1995-09-12	29	3.4705882352941178
0L8ExT028jH3ddEcZwqJJ5	Red Hot Chili Peppers	0L8ExT028jH3ddEcZwqJJ5	Red Hot Chili Peppers	1996-01-01	1	1.0
0L8ExT028jH3ddEcZwqJJ5	Red Hot Chili Peppers	0L8ExT028jH3ddEcZwqJJ5	Red Hot Chili Peppers	1996-05-07	1	1.0
0L8ExT028jH3ddEcZwqJJ5	Red Hot Chili Peppers	0L8ExT028jH3ddEcZwqJJ5	Red Hot Chili Peppers	1999-06-08	33	3.8235294117647056
0L8ExT028jH3ddEcZwqJJ5	Red Hot Chili Peppers	0L8ExT028jH3ddEcZwqJJ5	Red Hot Chili Peppers	1999-09-01	1	1.0
0L8ExT028jH3ddEcZwqJJ5	Red Hot Chili Peppers	0L8ExT028jH3ddEcZwqJJ5	Red Hot Chili Peppers	1999-10-19	1	1.0
0L8ExT028jH3ddEcZwqJJ5	Red Hot Chili Peppers	0L8ExT028jH3ddEcZwqJJ5	Red Hot Chili Peppers	2000-02-28	1	1.0
0L8ExT028jH3ddEcZwqJJ5	Red Hot Chili Peppers	0L8ExT028jH3ddEcZwqJJ5	Red Hot Chili Peppers	2002-07-09	34	3.9117647058823533
0L8ExT028jH3ddEcZwqJJ5	Red Hot Chili Peppers	0L8ExT028jH3ddEcZwqJJ5	Red Hot Chili Peppers	2003-11-18	32	3.7352941176470584
0L8ExT028jH3ddEcZwqJJ5	Red Hot Chili Peppers	0L8ExT028jH3ddEcZwqJJ5	Red Hot Chili Peppers	2006-04-03	4	1.2647058823529411
0L8ExT028jH3ddEcZwqJJ5	Red Hot Chili Peppers	0L8ExT028jH3ddEcZwqJJ5	Red Hot Chili Peppers	2006-05-09	29	3.4705882352941178
0L8ExT028jH3ddEcZwqJJ5	Red Hot Chili Peppers	0L8ExT028jH3ddEcZwqJJ5	Red Hot Chili Peppers	2006-07-17	4	1.2647058823529411
0L8ExT028jH3ddEcZwqJJ5	Red Hot Chili Peppers	0L8ExT028jH3ddEcZwqJJ5	Red Hot Chili Peppers	2006-12-19	4	1.2647058823529411
0L8ExT028jH3ddEcZwqJJ5	Red Hot Chili Peppers	0L8ExT028jH3ddEcZwqJJ5	Red Hot Chili Peppers	2010-01-01	1	1.0
0L8ExT028jH3ddEcZwqJJ5	Red Hot Chili Peppers	0L8ExT028jH3ddEcZwqJJ5	Red Hot Chili Peppers	2010-11-29	1	1.0
0L8ExT028jH3ddEcZwqJJ5	Red Hot Chili Peppers	0L8ExT028jH3ddEcZwqJJ5	Red Hot Chili Peppers	2011-08-29	14	2.1470588235294117
0L8ExT028jH3ddEcZwqJJ5	Red Hot Chili Peppers	0L8ExT028jH3ddEcZwqJJ5	Red Hot Chili Peppers	2012-05-01	6	1.4411764705882353
0L8ExT028jH3ddEcZwqJJ5	Red Hot Chili Peppers	0L8ExT028jH3ddEcZwqJJ5	Red Hot Chili Peppers	2012-08-07	2	1.088235294117647
0L8ExT028jH3ddEcZwqJJ5	Red Hot Chili Peppers	0L8ExT028jH3ddEcZwqJJ5	Red Hot Chili Peppers	2012-09-07	2	1.088235294117647
0L8ExT028jH3ddEcZwqJJ5	Red Hot Chili Peppers	0L8ExT028jH3ddEcZwqJJ5	Red Hot Chili Peppers	2012-09-28	2	1.088235294117647
0L8ExT028jH3ddEcZwqJJ5	Red Hot Chili Peppers	0L8ExT028jH3ddEcZwqJJ5	Red Hot Chili Peppers	2012-11-02	2	1.088235294117647
0L8ExT028jH3ddEcZwqJJ5	Red Hot Chili Peppers	0L8ExT028jH3ddEcZwqJJ5	Red Hot Chili Peppers	2013-01-01	2	1.088235294117647
0L8ExT028jH3ddEcZwqJJ5	Red Hot Chili Peppers	0L8ExT028jH3ddEcZwqJJ5	Red Hot Chili Peppers	2013-02-01	1	1.0
0L8ExT028jH3ddEcZwqJJ5	Red Hot Chili Peppers	0L8ExT028jH3ddEcZwqJJ5	Red Hot Chili Peppers	2013-07-23	6	1.4411764705882353
0L8ExT028jH3ddEcZwqJJ5	Red Hot Chili Peppers	0L8ExT028jH3ddEcZwqJJ5	Red Hot Chili Peppers	2014-12-12	103	10.0
0L8ExT028jH3ddEcZwqJJ5	Red Hot Chili Peppers	0L8ExT028jH3ddEcZwqJJ5	Red Hot Chili Peppers	2016-05-05	1	1.0
0L8ExT028jH3ddEcZwqJJ5	Red Hot Chili Peppers	0L8ExT028jH3ddEcZwqJJ5	Red Hot Chili Peppers	2016-05-27	1	1.0
0L8ExT028jH3ddEcZwqJJ5	Red Hot Chili Peppers	0L8ExT028jH3ddEcZwqJJ5	Red Hot Chili Peppers	2016-06-10	1	1.0
0L8ExT028jH3ddEcZwqJJ5	Red Hot Chili Peppers	0L8ExT028jH3ddEcZwqJJ5	Red Hot Chili Peppers	2016-06-17	13	2.0588235294117645
0L8ExT028jH3ddEcZwqJJ5	Red Hot Chili Peppers	0L8ExT028jH3ddEcZwqJJ5	Red Hot Chili Peppers	2017-05-26	1	1.0
0L8ExT028jH3ddEcZwqJJ5	Red Hot Chili Peppers	0L8ExT028jH3ddEcZwqJJ5	Red Hot Chili Peppers	2017-06-16	1	1.0
