artist	peakPos	lastPos	weeks	rank	isNew	date	chart	rankScore	rankScaled
Arctic Monkeys	70	77	20	75	False	2014-05-03	hot-100	26	3.272727272727273
Arctic Monkeys	70	77	19	77	False	2014-04-26	hot-100	24	3.090909090909091
Arctic Monkeys	70	71	18	77	False	2014-04-19	hot-100	24	3.090909090909091
Arctic Monkeys	70	76	17	71	False	2014-04-12	hot-100	30	3.6363636363636362
Arctic Monkeys	70	74	16	76	False	2014-04-05	hot-100	25	3.1818181818181817
Arctic Monkeys	70	70	15	74	False	2014-03-29	hot-100	27	3.3636363636363638
Arctic Monkeys	70	70	14	70	False	2014-03-22	hot-100	31	3.7272727272727275
Arctic Monkeys	70	70	13	70	False	2014-03-15	hot-100	31	3.7272727272727275
Arctic Monkeys	70	79	12	70	False	2014-03-08	hot-100	31	3.7272727272727275
Arctic Monkeys	76	76	11	79	False	2014-03-01	hot-100	22	2.909090909090909
Arctic Monkeys	76	78	10	76	False	2014-02-22	hot-100	25	3.1818181818181817
Arctic Monkeys	76	76	9	78	False	2014-02-15	hot-100	23	3.0
Arctic Monkeys	76	79	8	76	False	2014-02-08	hot-100	25	3.1818181818181817
Arctic Monkeys	79	85	7	79	False	2014-02-01	hot-100	22	2.909090909090909
Arctic Monkeys	83	84	6	85	False	2014-01-25	hot-100	16	2.3636363636363638
Arctic Monkeys	83	92	5	84	False	2014-01-18	hot-100	17	2.4545454545454546
Arctic Monkeys	83	83	4	92	False	2014-01-11	hot-100	9	1.7272727272727273
Arctic Monkeys	83	91	3	83	False	2014-01-04	hot-100	18	2.5454545454545454
Arctic Monkeys	91	99	2	91	False	2013-12-28	hot-100	10	1.8181818181818183
Arctic Monkeys	99	0	0	99	True	2013-12-21	hot-100	2	1.0909090909090908
Arctic Monkeys	8	70	3	153	False	2018-06-09	billboard-200	48	3.1256281407035176
Arctic Monkeys	8	8	2	70	False	2018-06-02	billboard-200	131	6.8793969849246235
Arctic Monkeys	8	0	0	8	True	2018-05-26	billboard-200	193	9.683417085427136
Arctic Monkeys	6	176	123	168	False	2017-01-21	billboard-200	33	2.4472361809045227
Arctic Monkeys	6	0	122	176	False	2017-01-14	billboard-200	25	2.085427135678392
Arctic Monkeys	6	170	121	175	False	2016-05-07	billboard-200	26	2.130653266331658
Arctic Monkeys	6	0	120	170	False	2016-04-30	billboard-200	31	2.35678391959799
Arctic Monkeys	7	0	8	163	False	2016-04-09	billboard-200	38	2.6733668341708543
Arctic Monkeys	6	176	119	181	False	2016-02-13	billboard-200	20	1.8592964824120601
Arctic Monkeys	6	150	118	176	False	2016-02-06	billboard-200	25	2.085427135678392
Arctic Monkeys	6	139	117	150	False	2016-01-30	billboard-200	51	3.2613065326633164
Arctic Monkeys	6	136	116	139	False	2016-01-23	billboard-200	62	3.758793969849246
Arctic Monkeys	6	193	115	136	False	2016-01-16	billboard-200	65	3.8944723618090453
Arctic Monkeys	6	0	114	193	False	2016-01-09	billboard-200	8	1.3165829145728642
Arctic Monkeys	6	0	113	193	False	2015-11-28	billboard-200	8	1.3165829145728642
Arctic Monkeys	6	170	112	183	False	2015-11-14	billboard-200	18	1.7688442211055277
Arctic Monkeys	6	165	111	170	False	2015-11-07	billboard-200	31	2.35678391959799
Arctic Monkeys	6	195	110	165	False	2015-10-31	billboard-200	36	2.582914572864322
Arctic Monkeys	6	187	109	195	False	2015-10-24	billboard-200	6	1.2261306532663316
Arctic Monkeys	6	183	108	187	False	2015-10-17	billboard-200	14	1.5879396984924623
Arctic Monkeys	6	171	107	183	False	2015-10-10	billboard-200	18	1.7688442211055277
Arctic Monkeys	6	179	106	171	False	2015-10-03	billboard-200	30	2.3115577889447234
Arctic Monkeys	6	174	105	179	False	2015-09-26	billboard-200	22	1.949748743718593
Arctic Monkeys	6	165	104	174	False	2015-09-19	billboard-200	27	2.1758793969849246
Arctic Monkeys	6	160	103	165	False	2015-09-12	billboard-200	36	2.582914572864322
Arctic Monkeys	6	160	102	160	False	2015-09-05	billboard-200	41	2.809045226130653
Arctic Monkeys	6	174	101	160	False	2015-08-29	billboard-200	41	2.809045226130653
Arctic Monkeys	6	165	100	174	False	2015-08-22	billboard-200	27	2.1758793969849246
Arctic Monkeys	6	163	99	165	False	2015-08-15	billboard-200	36	2.582914572864322
Arctic Monkeys	6	162	98	163	False	2015-08-08	billboard-200	38	2.6733668341708543
Arctic Monkeys	6	169	97	162	False	2015-08-01	billboard-200	39	2.7185929648241203
Arctic Monkeys	6	170	96	169	False	2015-07-25	billboard-200	32	2.4020100502512562
Arctic Monkeys	6	154	95	170	False	2015-07-18	billboard-200	31	2.35678391959799
Arctic Monkeys	6	163	94	154	False	2015-07-11	billboard-200	47	3.080402010050251
Arctic Monkeys	6	131	93	163	False	2015-07-04	billboard-200	38	2.6733668341708543
Arctic Monkeys	6	129	92	131	False	2015-06-27	billboard-200	70	4.1206030150753765
Arctic Monkeys	6	129	91	129	False	2015-06-20	billboard-200	72	4.211055276381909
Arctic Monkeys	6	137	90	129	False	2015-06-13	billboard-200	72	4.211055276381909
Arctic Monkeys	6	129	89	137	False	2015-06-06	billboard-200	64	3.849246231155779
Arctic Monkeys	6	130	88	129	False	2015-05-30	billboard-200	72	4.211055276381909
Arctic Monkeys	6	125	87	130	False	2015-05-23	billboard-200	71	4.165829145728644
Arctic Monkeys	6	122	86	125	False	2015-05-16	billboard-200	76	4.391959798994975
Arctic Monkeys	6	121	85	122	False	2015-05-09	billboard-200	79	4.527638190954773
Arctic Monkeys	6	109	84	121	False	2015-05-02	billboard-200	80	4.572864321608041
Arctic Monkeys	6	108	83	109	False	2015-04-25	billboard-200	92	5.115577889447236
Arctic Monkeys	6	92	82	108	False	2015-04-18	billboard-200	93	5.160804020100502
Arctic Monkeys	6	83	81	92	False	2015-04-11	billboard-200	109	5.884422110552764
Arctic Monkeys	6	83	80	83	False	2015-04-04	billboard-200	118	6.291457286432161
Arctic Monkeys	6	88	79	83	False	2015-03-28	billboard-200	118	6.291457286432161
Arctic Monkeys	6	80	78	88	False	2015-03-21	billboard-200	113	6.065326633165829
Arctic Monkeys	6	66	77	80	False	2015-03-14	billboard-200	121	6.427135678391959
Arctic Monkeys	6	60	76	66	False	2015-03-07	billboard-200	135	7.060301507537689
Arctic Monkeys	6	61	75	60	False	2015-02-28	billboard-200	141	7.331658291457287
Arctic Monkeys	6	56	74	61	False	2015-02-21	billboard-200	140	7.28643216080402
Arctic Monkeys	6	52	73	56	False	2015-02-14	billboard-200	145	7.5125628140703515
Arctic Monkeys	6	44	72	52	False	2015-02-07	billboard-200	149	7.693467336683417
Arctic Monkeys	6	46	71	44	False	2015-01-31	billboard-200	157	8.055276381909547
Arctic Monkeys	6	40	70	46	False	2015-01-24	billboard-200	155	7.964824120603016
Arctic Monkeys	6	26	69	40	False	2015-01-17	billboard-200	161	8.236180904522612
Arctic Monkeys	6	70	68	26	False	2015-01-10	billboard-200	175	8.869346733668342
Arctic Monkeys	6	74	67	70	False	2015-01-03	billboard-200	131	6.8793969849246235
Arctic Monkeys	6	85	66	74	False	2014-12-27	billboard-200	127	6.698492462311558
Arctic Monkeys	6	75	65	85	False	2014-12-20	billboard-200	116	6.201005025125628
Arctic Monkeys	6	97	64	75	False	2014-12-13	billboard-200	126	6.653266331658292
Arctic Monkeys	6	87	63	97	False	2014-12-06	billboard-200	104	5.658291457286432
Arctic Monkeys	6	38	62	87	False	2014-11-29	billboard-200	114	6.110552763819095
Arctic Monkeys	6	81	61	38	False	2014-11-22	billboard-200	163	8.326633165829145
Arctic Monkeys	6	66	60	81	False	2014-11-15	billboard-200	120	6.381909547738694
Arctic Monkeys	6	76	59	66	False	2014-11-08	billboard-200	135	7.060301507537689
Arctic Monkeys	6	76	58	76	False	2014-11-01	billboard-200	125	6.608040201005025
Arctic Monkeys	6	71	57	76	False	2014-10-25	billboard-200	125	6.608040201005025
Arctic Monkeys	6	65	56	71	False	2014-10-18	billboard-200	130	6.834170854271357
Arctic Monkeys	6	54	55	65	False	2014-10-11	billboard-200	136	7.105527638190956
Arctic Monkeys	6	50	54	54	False	2014-10-04	billboard-200	147	7.603015075376884
Arctic Monkeys	6	20	53	50	False	2014-09-27	billboard-200	151	7.78391959798995
Arctic Monkeys	6	41	52	20	False	2014-09-20	billboard-200	181	9.14070351758794
Arctic Monkeys	6	33	51	41	False	2014-09-13	billboard-200	160	8.190954773869347
Arctic Monkeys	6	38	50	33	False	2014-09-06	billboard-200	168	8.552763819095478
Arctic Monkeys	6	31	49	38	False	2014-08-30	billboard-200	163	8.326633165829145
Arctic Monkeys	6	34	48	31	False	2014-08-23	billboard-200	170	8.64321608040201
Arctic Monkeys	6	44	47	34	False	2014-08-16	billboard-200	167	8.507537688442211
Arctic Monkeys	6	46	46	44	False	2014-08-09	billboard-200	157	8.055276381909547
Arctic Monkeys	6	37	45	46	False	2014-08-02	billboard-200	155	7.964824120603016
Arctic Monkeys	6	34	44	37	False	2014-07-26	billboard-200	164	8.371859296482413
Arctic Monkeys	6	29	43	34	False	2014-07-19	billboard-200	167	8.507537688442211
Arctic Monkeys	6	27	42	29	False	2014-07-12	billboard-200	172	8.733668341708542
Arctic Monkeys	6	39	41	27	False	2014-07-05	billboard-200	174	8.824120603015075
Arctic Monkeys	6	40	40	39	False	2014-06-28	billboard-200	162	8.281407035175878
Arctic Monkeys	6	32	39	40	False	2014-06-21	billboard-200	161	8.236180904522612
Arctic Monkeys	6	34	38	32	False	2014-06-14	billboard-200	169	8.597989949748744
Arctic Monkeys	6	38	37	34	False	2014-06-07	billboard-200	167	8.507537688442211
Arctic Monkeys	6	34	36	38	False	2014-05-31	billboard-200	163	8.326633165829145
Arctic Monkeys	6	37	35	34	False	2014-05-24	billboard-200	167	8.507537688442211
Arctic Monkeys	6	29	34	37	False	2014-05-17	billboard-200	164	8.371859296482413
Arctic Monkeys	6	33	33	29	False	2014-05-10	billboard-200	172	8.733668341708542
Arctic Monkeys	6	29	32	33	False	2014-05-03	billboard-200	168	8.552763819095478
Arctic Monkeys	6	39	31	29	False	2014-04-26	billboard-200	172	8.733668341708542
Arctic Monkeys	6	38	30	39	False	2014-04-19	billboard-200	162	8.281407035175878
Arctic Monkeys	6	40	29	38	False	2014-04-12	billboard-200	163	8.326633165829145
Arctic Monkeys	6	30	28	40	False	2014-04-05	billboard-200	161	8.236180904522612
Arctic Monkeys	6	30	27	30	False	2014-03-29	billboard-200	171	8.688442211055277
Arctic Monkeys	6	31	26	30	False	2014-03-22	billboard-200	171	8.688442211055277
Arctic Monkeys	6	27	25	31	False	2014-03-15	billboard-200	170	8.64321608040201
Arctic Monkeys	6	36	24	27	False	2014-03-08	billboard-200	174	8.824120603015075
Arctic Monkeys	6	38	23	36	False	2014-03-01	billboard-200	165	8.417085427135678
Arctic Monkeys	6	39	22	38	False	2014-02-22	billboard-200	163	8.326633165829145
Arctic Monkeys	6	32	21	39	False	2014-02-15	billboard-200	162	8.281407035175878
Arctic Monkeys	6	31	20	32	False	2014-02-08	billboard-200	169	8.597989949748744
Arctic Monkeys	6	23	19	31	False	2014-02-01	billboard-200	170	8.64321608040201
Arctic Monkeys	6	20	18	23	False	2014-01-25	billboard-200	178	9.00502512562814
Arctic Monkeys	6	25	17	20	False	2014-01-18	billboard-200	181	9.14070351758794
Arctic Monkeys	6	63	16	25	False	2014-01-11	billboard-200	176	8.91457286432161
Arctic Monkeys	6	91	15	63	False	2014-01-04	billboard-200	138	7.1959798994974875
Arctic Monkeys	6	93	14	91	False	2013-12-28	billboard-200	110	5.9296482412060305
Arctic Monkeys	6	138	13	93	False	2013-12-21	billboard-200	108	5.839195979899498
Arctic Monkeys	6	85	12	138	False	2013-12-14	billboard-200	63	3.8040201005025125
Arctic Monkeys	6	83	11	85	False	2013-12-07	billboard-200	116	6.201005025125628
Arctic Monkeys	6	78	10	83	False	2013-11-30	billboard-200	118	6.291457286432161
Arctic Monkeys	6	69	9	78	False	2013-11-23	billboard-200	123	6.517587939698492
Arctic Monkeys	6	64	8	69	False	2013-11-16	billboard-200	132	6.924623115577889
Arctic Monkeys	6	69	7	64	False	2013-11-09	billboard-200	137	7.150753768844221
Arctic Monkeys	6	55	6	69	False	2013-11-02	billboard-200	132	6.924623115577889
Arctic Monkeys	6	56	5	55	False	2013-10-26	billboard-200	146	7.557788944723619
Arctic Monkeys	6	53	4	56	False	2013-10-19	billboard-200	145	7.5125628140703515
Arctic Monkeys	6	28	3	53	False	2013-10-12	billboard-200	148	7.648241206030151
Arctic Monkeys	6	6	2	28	False	2013-10-05	billboard-200	173	8.77889447236181
Arctic Monkeys	6	0	0	6	True	2013-09-28	billboard-200	195	9.773869346733669
Arctic Monkeys	14	85	3	149	False	2011-07-09	billboard-200	52	3.306532663316583
Arctic Monkeys	14	14	2	85	False	2011-07-02	billboard-200	116	6.201005025125628
Arctic Monkeys	14	0	0	14	True	2011-06-25	billboard-200	187	9.412060301507537
Arctic Monkeys	15	115	6	155	False	2009-10-17	billboard-200	46	3.035175879396985
Arctic Monkeys	15	97	5	115	False	2009-10-10	billboard-200	86	4.844221105527638
Arctic Monkeys	15	69	4	97	False	2009-10-03	billboard-200	104	5.658291457286432
Arctic Monkeys	15	50	3	69	False	2009-09-26	billboard-200	132	6.924623115577889
Arctic Monkeys	15	15	2	50	False	2009-09-19	billboard-200	151	7.78391959798995
Arctic Monkeys	15	0	0	15	True	2009-09-12	billboard-200	186	9.366834170854272
Arctic Monkeys	7	140	7	197	False	2007-06-23	billboard-200	4	1.135678391959799
Arctic Monkeys	7	95	6	140	False	2007-06-16	billboard-200	61	3.7135678391959797
Arctic Monkeys	7	79	5	95	False	2007-06-09	billboard-200	106	5.748743718592964
Arctic Monkeys	7	62	4	79	False	2007-06-02	billboard-200	122	6.472361809045226
Arctic Monkeys	7	37	3	62	False	2007-05-26	billboard-200	139	7.241206030150754
Arctic Monkeys	7	7	2	37	False	2007-05-19	billboard-200	164	8.371859296482413
Arctic Monkeys	7	0	0	7	True	2007-05-12	billboard-200	194	9.728643216080402
Arctic Monkeys	24	0	19	169	False	2006-08-05	billboard-200	32	2.4020100502512562
Arctic Monkeys	24	192	18	191	False	2006-07-08	billboard-200	10	1.4070351758793969
Arctic Monkeys	24	164	17	192	False	2006-07-01	billboard-200	9	1.3618090452261307
Arctic Monkeys	24	149	16	164	False	2006-06-24	billboard-200	37	2.628140703517588
Arctic Monkeys	24	136	15	149	False	2006-06-17	billboard-200	52	3.306532663316583
Arctic Monkeys	24	134	14	136	False	2006-06-10	billboard-200	65	3.8944723618090453
Arctic Monkeys	24	139	13	134	False	2006-06-03	billboard-200	67	3.9849246231155777
Arctic Monkeys	24	107	12	139	False	2006-05-27	billboard-200	62	3.758793969849246
Arctic Monkeys	24	90	11	107	False	2006-05-20	billboard-200	94	5.206030150753769
Arctic Monkeys	24	68	10	90	False	2006-05-13	billboard-200	111	5.974874371859296
Arctic Monkeys	24	89	9	68	False	2006-05-06	billboard-200	133	6.969849246231155
Arctic Monkeys	24	94	8	89	False	2006-04-29	billboard-200	112	6.0201005025125625
Arctic Monkeys	24	69	7	94	False	2006-04-22	billboard-200	107	5.793969849246231
Arctic Monkeys	24	52	6	69	False	2006-04-15	billboard-200	132	6.924623115577889
Arctic Monkeys	24	42	5	52	False	2006-04-08	billboard-200	149	7.693467336683417
Arctic Monkeys	24	52	4	42	False	2006-04-01	billboard-200	159	8.145728643216081
Arctic Monkeys	24	39	3	52	False	2006-03-25	billboard-200	149	7.693467336683417
Arctic Monkeys	24	24	2	39	False	2006-03-18	billboard-200	162	8.281407035175878
Arctic Monkeys	24	0	0	24	True	2006-03-11	billboard-200	177	8.959798994974875
Arctic Monkeys	3	67	5	93	False	2018-06-23	top-album-sales	8	1.6363636363636362
Arctic Monkeys	3	40	4	67	False	2018-06-16	top-album-sales	34	4.0
Arctic Monkeys	3	25	3	40	False	2018-06-09	top-album-sales	61	6.454545454545455
Arctic Monkeys	3	3	2	25	False	2018-06-02	top-album-sales	76	7.818181818181818
Arctic Monkeys	3	0	0	3	True	2018-05-26	top-album-sales	98	9.818181818181818
Arctic Monkeys	7	0	8	75	False	2016-04-09	top-album-sales	26	3.272727272727273
Arctic Monkeys	6	0	82	100	False	2016-01-16	top-album-sales	1	1.0
Arctic Monkeys	6	88	81	98	False	2015-04-11	top-album-sales	3	1.1818181818181819
Arctic Monkeys	6	84	80	88	False	2015-04-04	top-album-sales	13	2.090909090909091
Arctic Monkeys	6	88	79	84	False	2015-03-28	top-album-sales	17	2.4545454545454546
Arctic Monkeys	6	77	78	88	False	2015-03-21	top-album-sales	13	2.090909090909091
Arctic Monkeys	6	61	77	77	False	2015-03-14	top-album-sales	24	3.090909090909091
Arctic Monkeys	6	69	76	61	False	2015-03-07	top-album-sales	40	4.545454545454545
Arctic Monkeys	6	60	75	69	False	2015-02-28	top-album-sales	32	3.8181818181818183
Arctic Monkeys	6	62	74	60	False	2015-02-21	top-album-sales	41	4.636363636363637
Arctic Monkeys	6	46	73	62	False	2015-02-14	top-album-sales	39	4.454545454545454
Arctic Monkeys	6	35	72	46	False	2015-02-07	top-album-sales	55	5.909090909090908
Arctic Monkeys	6	41	71	35	False	2015-01-31	top-album-sales	66	6.909090909090909
Arctic Monkeys	6	35	70	41	False	2015-01-24	top-album-sales	60	6.363636363636363
Arctic Monkeys	6	25	69	35	False	2015-01-17	top-album-sales	66	6.909090909090909
Arctic Monkeys	6	64	68	25	False	2015-01-10	top-album-sales	76	7.818181818181818
Arctic Monkeys	6	87	67	64	False	2015-01-03	top-album-sales	37	4.272727272727273
Arctic Monkeys	6	95	66	87	False	2014-12-27	top-album-sales	14	2.1818181818181817
Arctic Monkeys	6	76	65	95	False	2014-12-20	top-album-sales	6	1.4545454545454546
Arctic Monkeys	6	97	64	76	False	2014-12-13	top-album-sales	25	3.1818181818181817
Arctic Monkeys	6	87	63	97	False	2014-12-06	top-album-sales	4	1.2727272727272727
Arctic Monkeys	6	38	62	87	False	2014-11-29	top-album-sales	14	2.1818181818181817
Arctic Monkeys	6	81	61	38	False	2014-11-22	top-album-sales	63	6.636363636363637
Arctic Monkeys	6	66	60	81	False	2014-11-15	top-album-sales	20	2.727272727272727
Arctic Monkeys	6	76	59	66	False	2014-11-08	top-album-sales	35	4.090909090909091
Arctic Monkeys	6	76	58	76	False	2014-11-01	top-album-sales	25	3.1818181818181817
Arctic Monkeys	6	71	57	76	False	2014-10-25	top-album-sales	25	3.1818181818181817
Arctic Monkeys	6	65	56	71	False	2014-10-18	top-album-sales	30	3.6363636363636362
Arctic Monkeys	6	54	55	65	False	2014-10-11	top-album-sales	36	4.181818181818182
Arctic Monkeys	6	50	54	54	False	2014-10-04	top-album-sales	47	5.181818181818182
Arctic Monkeys	6	20	53	50	False	2014-09-27	top-album-sales	51	5.545454545454546
Arctic Monkeys	6	41	52	20	False	2014-09-20	top-album-sales	81	8.272727272727273
Arctic Monkeys	6	33	51	41	False	2014-09-13	top-album-sales	60	6.363636363636363
Arctic Monkeys	6	38	50	33	False	2014-09-06	top-album-sales	68	7.090909090909091
Arctic Monkeys	6	31	49	38	False	2014-08-30	top-album-sales	63	6.636363636363637
Arctic Monkeys	6	34	48	31	False	2014-08-23	top-album-sales	70	7.272727272727273
Arctic Monkeys	6	44	47	34	False	2014-08-16	top-album-sales	67	7.0
Arctic Monkeys	6	46	46	44	False	2014-08-09	top-album-sales	57	6.090909090909091
Arctic Monkeys	6	37	45	46	False	2014-08-02	top-album-sales	55	5.909090909090908
Arctic Monkeys	6	34	44	37	False	2014-07-26	top-album-sales	64	6.7272727272727275
Arctic Monkeys	6	29	43	34	False	2014-07-19	top-album-sales	67	7.0
Arctic Monkeys	6	27	42	29	False	2014-07-12	top-album-sales	72	7.454545454545454
Arctic Monkeys	6	39	41	27	False	2014-07-05	top-album-sales	74	7.636363636363636
Arctic Monkeys	6	40	40	39	False	2014-06-28	top-album-sales	62	6.545454545454545
Arctic Monkeys	6	32	39	40	False	2014-06-21	top-album-sales	61	6.454545454545455
Arctic Monkeys	6	34	38	32	False	2014-06-14	top-album-sales	69	7.181818181818182
Arctic Monkeys	6	38	37	34	False	2014-06-07	top-album-sales	67	7.0
Arctic Monkeys	6	34	36	38	False	2014-05-31	top-album-sales	63	6.636363636363637
Arctic Monkeys	6	37	35	34	False	2014-05-24	top-album-sales	67	7.0
Arctic Monkeys	6	29	34	37	False	2014-05-17	top-album-sales	64	6.7272727272727275
Arctic Monkeys	6	33	33	29	False	2014-05-10	top-album-sales	72	7.454545454545454
Arctic Monkeys	6	29	32	33	False	2014-05-03	top-album-sales	68	7.090909090909091
Arctic Monkeys	6	39	31	29	False	2014-04-26	top-album-sales	72	7.454545454545454
Arctic Monkeys	6	38	30	39	False	2014-04-19	top-album-sales	62	6.545454545454545
Arctic Monkeys	6	40	29	38	False	2014-04-12	top-album-sales	63	6.636363636363637
Arctic Monkeys	6	30	28	40	False	2014-04-05	top-album-sales	61	6.454545454545455
Arctic Monkeys	6	30	27	30	False	2014-03-29	top-album-sales	71	7.363636363636363
Arctic Monkeys	6	31	26	30	False	2014-03-22	top-album-sales	71	7.363636363636363
Arctic Monkeys	6	27	25	31	False	2014-03-15	top-album-sales	70	7.272727272727273
Arctic Monkeys	6	36	24	27	False	2014-03-08	top-album-sales	74	7.636363636363636
Arctic Monkeys	6	38	23	36	False	2014-03-01	top-album-sales	65	6.818181818181818
Arctic Monkeys	6	39	22	38	False	2014-02-22	top-album-sales	63	6.636363636363637
Arctic Monkeys	6	32	21	39	False	2014-02-15	top-album-sales	62	6.545454545454545
Arctic Monkeys	6	31	20	32	False	2014-02-08	top-album-sales	69	7.181818181818182
Arctic Monkeys	6	23	19	31	False	2014-02-01	top-album-sales	70	7.272727272727273
Arctic Monkeys	6	20	18	23	False	2014-01-25	top-album-sales	78	8.0
Arctic Monkeys	6	25	17	20	False	2014-01-18	top-album-sales	81	8.272727272727273
Arctic Monkeys	6	63	16	25	False	2014-01-11	top-album-sales	76	7.818181818181818
Arctic Monkeys	6	91	15	63	False	2014-01-04	top-album-sales	38	4.363636363636363
Arctic Monkeys	6	93	14	91	False	2013-12-28	top-album-sales	10	1.8181818181818183
Arctic Monkeys	6	138	13	93	False	2013-12-21	top-album-sales	8	1.6363636363636362
Arctic Monkeys	6	83	11	85	False	2013-12-07	top-album-sales	16	2.3636363636363638
Arctic Monkeys	6	78	10	83	False	2013-11-30	top-album-sales	18	2.5454545454545454
Arctic Monkeys	6	69	9	78	False	2013-11-23	top-album-sales	23	3.0
Arctic Monkeys	6	64	8	69	False	2013-11-16	top-album-sales	32	3.8181818181818183
Arctic Monkeys	6	69	7	64	False	2013-11-09	top-album-sales	37	4.272727272727273
Arctic Monkeys	6	55	6	69	False	2013-11-02	top-album-sales	32	3.8181818181818183
Arctic Monkeys	6	56	5	55	False	2013-10-26	top-album-sales	46	5.090909090909091
Arctic Monkeys	6	53	4	56	False	2013-10-19	top-album-sales	45	5.0
Arctic Monkeys	6	28	3	53	False	2013-10-12	top-album-sales	48	5.2727272727272725
Arctic Monkeys	6	6	2	28	False	2013-10-05	top-album-sales	73	7.545454545454546
Arctic Monkeys	6	0	0	6	True	2013-09-28	top-album-sales	95	9.545454545454545
Arctic Monkeys	14	14	2	85	False	2011-07-02	top-album-sales	16	2.3636363636363638
Arctic Monkeys	14	0	0	14	True	2011-06-25	top-album-sales	87	8.818181818181818
Arctic Monkeys	15	69	4	97	False	2009-10-03	top-album-sales	4	1.2727272727272727
Arctic Monkeys	15	50	3	69	False	2009-09-26	top-album-sales	32	3.8181818181818183
Arctic Monkeys	15	15	2	50	False	2009-09-19	top-album-sales	51	5.545454545454546
Arctic Monkeys	15	0	0	15	True	2009-09-12	top-album-sales	86	8.727272727272727
Arctic Monkeys	7	79	5	95	False	2007-06-09	top-album-sales	6	1.4545454545454546
Arctic Monkeys	7	62	4	79	False	2007-06-02	top-album-sales	22	2.909090909090909
Arctic Monkeys	7	37	3	62	False	2007-05-26	top-album-sales	39	4.454545454545454
Arctic Monkeys	7	7	2	37	False	2007-05-19	top-album-sales	64	6.7272727272727275
Arctic Monkeys	7	0	0	7	True	2007-05-12	top-album-sales	94	9.454545454545455
Arctic Monkeys	24	68	10	90	False	2006-05-13	top-album-sales	11	1.9090909090909092
Arctic Monkeys	24	89	9	68	False	2006-05-06	top-album-sales	33	3.909090909090909
Arctic Monkeys	24	94	8	89	False	2006-04-29	top-album-sales	12	2.0
Arctic Monkeys	24	69	7	94	False	2006-04-22	top-album-sales	7	1.5454545454545454
Arctic Monkeys	24	52	6	69	False	2006-04-15	top-album-sales	32	3.8181818181818183
Arctic Monkeys	24	42	5	52	False	2006-04-08	top-album-sales	49	5.363636363636363
Arctic Monkeys	24	52	4	42	False	2006-04-01	top-album-sales	59	6.2727272727272725
Arctic Monkeys	24	39	3	52	False	2006-03-25	top-album-sales	49	5.363636363636363
Arctic Monkeys	24	24	2	39	False	2006-03-18	top-album-sales	62	6.545454545454545
Arctic Monkeys	24	0	0	24	True	2006-03-11	top-album-sales	77	7.909090909090908
Arctic Monkeys	14	33	18	34	False	2017-01-21	catalog-albums	17	3.9387755102040813
Arctic Monkeys	14	0	17	33	False	2017-01-14	catalog-albums	18	4.122448979591837
Arctic Monkeys	14	0	16	35	False	2016-04-30	catalog-albums	16	3.7551020408163267
Arctic Monkeys	8	8	2	18	False	2016-04-16	catalog-albums	33	6.877551020408163
Arctic Monkeys	8	0	0	8	True	2016-04-09	catalog-albums	43	8.714285714285714
Arctic Monkeys	14	22	15	32	False	2016-01-23	catalog-albums	19	4.3061224489795915
Arctic Monkeys	14	0	14	22	False	2016-01-16	catalog-albums	29	6.142857142857142
Arctic Monkeys	14	0	13	49	False	2015-10-31	catalog-albums	2	1.183673469387755
Arctic Monkeys	14	0	12	49	False	2015-10-10	catalog-albums	2	1.183673469387755
Arctic Monkeys	14	0	11	48	False	2015-08-08	catalog-albums	3	1.3673469387755102
Arctic Monkeys	14	31	10	35	False	2015-06-27	catalog-albums	16	3.7551020408163267
Arctic Monkeys	14	27	9	31	False	2015-06-20	catalog-albums	20	4.489795918367347
Arctic Monkeys	14	28	8	27	False	2015-06-13	catalog-albums	24	5.224489795918368
Arctic Monkeys	14	30	7	28	False	2015-06-06	catalog-albums	23	5.040816326530612
Arctic Monkeys	14	37	6	30	False	2015-05-30	catalog-albums	21	4.673469387755102
Arctic Monkeys	14	25	5	37	False	2015-05-23	catalog-albums	14	3.3877551020408165
Arctic Monkeys	14	19	4	25	False	2015-05-16	catalog-albums	26	5.591836734693878
Arctic Monkeys	14	26	3	19	False	2015-05-09	catalog-albums	32	6.6938775510204085
Arctic Monkeys	14	14	2	26	False	2015-05-02	catalog-albums	25	5.408163265306122
Arctic Monkeys	14	0	0	14	True	2015-04-25	catalog-albums	37	7.612244897959184
Arctic Monkeys	1	38	20	35	False	2019-01-19	independent-albums	16	3.7551020408163267
Arctic Monkeys	1	37	19	38	False	2019-01-12	independent-albums	13	3.204081632653061
Arctic Monkeys	1	37	18	37	False	2019-01-05	independent-albums	14	3.3877551020408165
Arctic Monkeys	1	0	17	37	False	2018-12-29	independent-albums	14	3.3877551020408165
Arctic Monkeys	1	40	16	49	False	2018-09-08	independent-albums	2	1.183673469387755
Arctic Monkeys	1	36	15	40	False	2018-09-01	independent-albums	11	2.836734693877551
Arctic Monkeys	1	22	14	36	False	2018-08-25	independent-albums	15	3.571428571428571
Arctic Monkeys	1	18	13	22	False	2018-08-18	independent-albums	29	6.142857142857142
Arctic Monkeys	1	29	12	18	False	2018-08-11	independent-albums	33	6.877551020408163
Arctic Monkeys	1	37	11	29	False	2018-08-04	independent-albums	22	4.857142857142857
Arctic Monkeys	1	24	10	37	False	2018-07-28	independent-albums	14	3.3877551020408165
Arctic Monkeys	1	31	9	24	False	2018-07-21	independent-albums	27	5.775510204081633
Arctic Monkeys	1	35	8	31	False	2018-07-14	independent-albums	20	4.489795918367347
Arctic Monkeys	1	26	7	35	False	2018-07-07	independent-albums	16	3.7551020408163267
Arctic Monkeys	1	18	6	26	False	2018-06-30	independent-albums	25	5.408163265306122
Arctic Monkeys	1	19	5	18	False	2018-06-23	independent-albums	33	6.877551020408163
Arctic Monkeys	1	8	4	19	False	2018-06-16	independent-albums	32	6.6938775510204085
Arctic Monkeys	1	7	3	8	False	2018-06-09	independent-albums	43	8.714285714285714
Arctic Monkeys	1	1	2	7	False	2018-06-02	independent-albums	44	8.89795918367347
Arctic Monkeys	1	1	1	1	False	2018-05-26	independent-albums	50	10.0
Arctic Monkeys	1	20	82	16	False	2015-04-18	independent-albums	35	7.244897959183674
Arctic Monkeys	1	10	81	20	False	2015-04-11	independent-albums	31	6.510204081632653
Arctic Monkeys	1	11	80	10	False	2015-04-04	independent-albums	41	8.346938775510203
Arctic Monkeys	1	15	79	11	False	2015-03-28	independent-albums	40	8.16326530612245
Arctic Monkeys	1	16	78	15	False	2015-03-21	independent-albums	36	7.428571428571429
Arctic Monkeys	1	9	77	16	False	2015-03-14	independent-albums	35	7.244897959183674
Arctic Monkeys	1	7	76	9	False	2015-03-07	independent-albums	42	8.53061224489796
Arctic Monkeys	1	9	75	7	False	2015-02-28	independent-albums	44	8.89795918367347
Arctic Monkeys	1	18	74	9	False	2015-02-21	independent-albums	42	8.53061224489796
Arctic Monkeys	1	9	73	18	False	2015-02-14	independent-albums	33	6.877551020408163
Arctic Monkeys	1	5	72	9	False	2015-02-07	independent-albums	42	8.53061224489796
Arctic Monkeys	1	6	71	5	False	2015-01-31	independent-albums	46	9.26530612244898
Arctic Monkeys	1	2	70	6	False	2015-01-24	independent-albums	45	9.081632653061224
Arctic Monkeys	1	2	69	2	False	2015-01-17	independent-albums	49	9.816326530612244
Arctic Monkeys	1	4	68	2	False	2015-01-10	independent-albums	49	9.816326530612244
Arctic Monkeys	1	10	67	4	False	2015-01-03	independent-albums	47	9.448979591836736
Arctic Monkeys	1	5	66	10	False	2014-12-27	independent-albums	41	8.346938775510203
Arctic Monkeys	1	7	65	5	False	2014-12-20	independent-albums	46	9.26530612244898
Arctic Monkeys	1	15	64	7	False	2014-12-13	independent-albums	44	8.89795918367347
Arctic Monkeys	1	6	63	15	False	2014-12-06	independent-albums	36	7.428571428571429
Arctic Monkeys	1	3	62	6	False	2014-11-29	independent-albums	45	9.081632653061224
Arctic Monkeys	1	19	61	3	False	2014-11-22	independent-albums	48	9.63265306122449
Arctic Monkeys	1	9	60	19	False	2014-11-15	independent-albums	32	6.6938775510204085
Arctic Monkeys	1	14	59	9	False	2014-11-08	independent-albums	42	8.53061224489796
Arctic Monkeys	1	12	58	14	False	2014-11-01	independent-albums	37	7.612244897959184
Arctic Monkeys	1	14	57	12	False	2014-10-25	independent-albums	39	7.979591836734693
Arctic Monkeys	1	14	56	14	False	2014-10-18	independent-albums	37	7.612244897959184
Arctic Monkeys	1	14	55	14	False	2014-10-11	independent-albums	37	7.612244897959184
Arctic Monkeys	1	12	54	14	False	2014-10-04	independent-albums	37	7.612244897959184
Arctic Monkeys	1	2	53	12	False	2014-09-27	independent-albums	39	7.979591836734693
Arctic Monkeys	1	8	52	2	False	2014-09-20	independent-albums	49	9.816326530612244
Arctic Monkeys	1	4	51	8	False	2014-09-13	independent-albums	43	8.714285714285714
Arctic Monkeys	1	5	50	4	False	2014-09-06	independent-albums	47	9.448979591836736
Arctic Monkeys	1	2	49	5	False	2014-08-30	independent-albums	46	9.26530612244898
Arctic Monkeys	1	2	48	2	False	2014-08-23	independent-albums	49	9.816326530612244
Arctic Monkeys	1	9	47	2	False	2014-08-16	independent-albums	49	9.816326530612244
Arctic Monkeys	1	5	46	9	False	2014-08-09	independent-albums	42	8.53061224489796
Arctic Monkeys	1	5	45	5	False	2014-08-02	independent-albums	46	9.26530612244898
Arctic Monkeys	1	5	44	5	False	2014-07-26	independent-albums	46	9.26530612244898
Arctic Monkeys	1	7	43	5	False	2014-07-19	independent-albums	46	9.26530612244898
Arctic Monkeys	1	3	42	7	False	2014-07-12	independent-albums	44	8.89795918367347
Arctic Monkeys	1	10	41	3	False	2014-07-05	independent-albums	48	9.63265306122449
Arctic Monkeys	1	6	40	10	False	2014-06-28	independent-albums	41	8.346938775510203
Arctic Monkeys	1	4	39	6	False	2014-06-21	independent-albums	45	9.081632653061224
Arctic Monkeys	1	2	38	4	False	2014-06-14	independent-albums	47	9.448979591836736
Arctic Monkeys	1	6	37	2	False	2014-06-07	independent-albums	49	9.816326530612244
Arctic Monkeys	1	5	36	6	False	2014-05-31	independent-albums	45	9.081632653061224
Arctic Monkeys	1	10	35	5	False	2014-05-24	independent-albums	46	9.26530612244898
Arctic Monkeys	1	4	34	10	False	2014-05-17	independent-albums	41	8.346938775510203
Arctic Monkeys	1	6	33	4	False	2014-05-10	independent-albums	47	9.448979591836736
Arctic Monkeys	1	4	32	6	False	2014-05-03	independent-albums	45	9.081632653061224
Arctic Monkeys	1	7	31	4	False	2014-04-26	independent-albums	47	9.448979591836736
Arctic Monkeys	1	7	30	7	False	2014-04-19	independent-albums	44	8.89795918367347
Arctic Monkeys	1	7	29	7	False	2014-04-12	independent-albums	44	8.89795918367347
Arctic Monkeys	1	2	28	7	False	2014-04-05	independent-albums	44	8.89795918367347
Arctic Monkeys	1	4	27	2	False	2014-03-29	independent-albums	49	9.816326530612244
Arctic Monkeys	1	4	26	4	False	2014-03-22	independent-albums	47	9.448979591836736
Arctic Monkeys	1	4	25	4	False	2014-03-15	independent-albums	47	9.448979591836736
Arctic Monkeys	1	5	24	4	False	2014-03-08	independent-albums	47	9.448979591836736
Arctic Monkeys	1	7	23	5	False	2014-03-01	independent-albums	46	9.26530612244898
Arctic Monkeys	1	7	22	7	False	2014-02-22	independent-albums	44	8.89795918367347
Arctic Monkeys	1	5	21	7	False	2014-02-15	independent-albums	44	8.89795918367347
Arctic Monkeys	1	5	20	5	False	2014-02-08	independent-albums	46	9.26530612244898
Arctic Monkeys	1	3	19	5	False	2014-02-01	independent-albums	46	9.26530612244898
Arctic Monkeys	1	3	18	3	False	2014-01-25	independent-albums	48	9.63265306122449
Arctic Monkeys	1	3	17	3	False	2014-01-18	independent-albums	48	9.63265306122449
Arctic Monkeys	1	6	16	3	False	2014-01-11	independent-albums	48	9.63265306122449
Arctic Monkeys	1	11	15	6	False	2014-01-04	independent-albums	45	9.081632653061224
Arctic Monkeys	1	9	14	11	False	2013-12-28	independent-albums	40	8.16326530612245
Arctic Monkeys	1	11	13	9	False	2013-12-21	independent-albums	42	8.53061224489796
Arctic Monkeys	1	13	12	11	False	2013-12-14	independent-albums	40	8.16326530612245
Arctic Monkeys	1	14	11	13	False	2013-12-07	independent-albums	38	7.795918367346938
Arctic Monkeys	1	12	10	14	False	2013-11-30	independent-albums	37	7.612244897959184
Arctic Monkeys	1	11	9	12	False	2013-11-23	independent-albums	39	7.979591836734693
Arctic Monkeys	1	9	8	11	False	2013-11-16	independent-albums	40	8.16326530612245
Arctic Monkeys	1	14	7	9	False	2013-11-09	independent-albums	42	8.53061224489796
Arctic Monkeys	1	11	6	14	False	2013-11-02	independent-albums	37	7.612244897959184
Arctic Monkeys	1	11	5	11	False	2013-10-26	independent-albums	40	8.16326530612245
Arctic Monkeys	1	9	4	11	False	2013-10-19	independent-albums	40	8.16326530612245
Arctic Monkeys	1	1	3	9	False	2013-10-12	independent-albums	42	8.53061224489796
Arctic Monkeys	1	1	2	1	False	2013-10-05	independent-albums	50	10.0
Arctic Monkeys	1	1	1	1	False	2013-09-28	independent-albums	50	10.0
Arctic Monkeys	4	0	6	47	False	2011-08-06	independent-albums	4	1.5510204081632653
Arctic Monkeys	4	32	5	31	False	2011-07-23	independent-albums	20	4.489795918367347
Arctic Monkeys	4	27	4	32	False	2011-07-16	independent-albums	19	4.3061224489795915
Arctic Monkeys	4	14	3	27	False	2011-07-09	independent-albums	24	5.224489795918368
Arctic Monkeys	4	4	2	14	False	2011-07-02	independent-albums	37	7.612244897959184
Arctic Monkeys	4	0	0	4	True	2011-06-25	independent-albums	47	9.448979591836736
Arctic Monkeys	1	44	8	48	False	2009-10-31	independent-albums	3	1.3673469387755102
Arctic Monkeys	1	25	7	44	False	2009-10-24	independent-albums	7	2.1020408163265305
Arctic Monkeys	1	18	6	25	False	2009-10-17	independent-albums	26	5.591836734693878
Arctic Monkeys	1	16	5	18	False	2009-10-10	independent-albums	33	6.877551020408163
Arctic Monkeys	1	7	4	16	False	2009-10-03	independent-albums	35	7.244897959183674
Arctic Monkeys	1	4	3	7	False	2009-09-26	independent-albums	44	8.89795918367347
Arctic Monkeys	1	1	2	4	False	2009-09-19	independent-albums	47	9.448979591836736
Arctic Monkeys	1	1	1	1	False	2009-09-12	independent-albums	50	10.0
Arctic Monkeys	1	34	32	47	False	2007-01-27	independent-albums	4	1.5510204081632653
Arctic Monkeys	1	40	31	34	False	2007-01-20	independent-albums	17	3.9387755102040813
Arctic Monkeys	1	0	30	40	False	2007-01-13	independent-albums	11	2.836734693877551
Arctic Monkeys	1	43	29	38	False	2006-09-23	independent-albums	13	3.204081632653061
Arctic Monkeys	1	48	28	43	False	2006-09-16	independent-albums	8	2.2857142857142856
Arctic Monkeys	1	30	27	48	False	2006-09-09	independent-albums	3	1.3673469387755102
Arctic Monkeys	1	31	26	30	False	2006-09-02	independent-albums	21	4.673469387755102
Arctic Monkeys	1	25	25	31	False	2006-08-26	independent-albums	20	4.489795918367347
Arctic Monkeys	1	22	24	25	False	2006-08-19	independent-albums	26	5.591836734693878
Arctic Monkeys	1	12	23	22	False	2006-08-12	independent-albums	29	6.142857142857142
Arctic Monkeys	1	20	22	12	False	2006-08-05	independent-albums	39	7.979591836734693
Arctic Monkeys	1	19	21	20	False	2006-07-29	independent-albums	31	6.510204081632653
Arctic Monkeys	1	15	20	19	False	2006-07-22	independent-albums	32	6.6938775510204085
Arctic Monkeys	1	14	19	15	False	2006-07-15	independent-albums	36	7.428571428571429
Arctic Monkeys	1	14	18	14	False	2006-07-08	independent-albums	37	7.612244897959184
Arctic Monkeys	1	16	17	14	False	2006-07-01	independent-albums	37	7.612244897959184
Arctic Monkeys	1	11	16	16	False	2006-06-24	independent-albums	35	7.244897959183674
Arctic Monkeys	1	6	15	11	False	2006-06-17	independent-albums	40	8.16326530612245
Arctic Monkeys	1	8	14	6	False	2006-06-10	independent-albums	45	9.081632653061224
Arctic Monkeys	1	5	13	8	False	2006-06-03	independent-albums	43	8.714285714285714
Arctic Monkeys	1	8	12	5	False	2006-05-27	independent-albums	46	9.26530612244898
Arctic Monkeys	1	7	11	8	False	2006-05-20	independent-albums	43	8.714285714285714
Arctic Monkeys	1	6	10	7	False	2006-05-13	independent-albums	44	8.89795918367347
Arctic Monkeys	1	7	9	6	False	2006-05-06	independent-albums	45	9.081632653061224
Arctic Monkeys	1	6	8	7	False	2006-04-29	independent-albums	44	8.89795918367347
Arctic Monkeys	1	5	7	6	False	2006-04-22	independent-albums	45	9.081632653061224
Arctic Monkeys	1	5	6	5	False	2006-04-15	independent-albums	46	9.26530612244898
Arctic Monkeys	1	3	5	5	False	2006-04-08	independent-albums	46	9.26530612244898
Arctic Monkeys	1	3	4	3	False	2006-04-01	independent-albums	48	9.63265306122449
Arctic Monkeys	1	2	3	3	False	2006-03-25	independent-albums	48	9.63265306122449
Arctic Monkeys	1	1	2	2	False	2006-03-18	independent-albums	49	9.816326530612244
Arctic Monkeys	1	1	1	1	False	2006-03-11	independent-albums	50	10.0
Arctic Monkeys	3	0	0	3	True	2018-05-26	digital-albums	23	9.25
Arctic Monkeys	4	0	14	12	False	2015-01-10	digital-albums	14	5.875
Arctic Monkeys	4	0	13	20	False	2014-11-22	digital-albums	6	2.875
Arctic Monkeys	4	0	12	17	False	2014-09-20	digital-albums	9	4.0
Arctic Monkeys	4	0	11	23	False	2014-07-05	digital-albums	3	1.75
Arctic Monkeys	4	20	10	20	False	2014-03-29	digital-albums	6	2.875
Arctic Monkeys	4	23	9	20	False	2014-03-22	digital-albums	6	2.875
Arctic Monkeys	4	22	8	23	False	2014-03-15	digital-albums	3	1.75
Arctic Monkeys	4	0	7	22	False	2014-03-08	digital-albums	4	2.125
Arctic Monkeys	4	0	6	24	False	2014-02-22	digital-albums	2	1.375
Arctic Monkeys	4	22	5	22	False	2014-01-25	digital-albums	4	2.125
Arctic Monkeys	4	16	4	22	False	2014-01-18	digital-albums	4	2.125
Arctic Monkeys	4	0	3	16	False	2014-01-11	digital-albums	10	4.375
Arctic Monkeys	4	4	2	20	False	2013-10-05	digital-albums	6	2.875
Arctic Monkeys	4	0	0	4	True	2013-09-28	digital-albums	22	8.875
Arctic Monkeys	12	0	0	12	True	2011-06-25	digital-albums	14	5.875
Arctic Monkeys	6	0	0	6	True	2009-09-12	digital-albums	20	8.125
Arctic Monkeys	1	8	3	15	False	2007-05-26	digital-albums	11	4.75
Arctic Monkeys	1	1	2	8	False	2007-05-19	digital-albums	18	7.375
Arctic Monkeys	1	1	1	1	False	2007-05-12	digital-albums	25	10.0
Arctic Monkeys	3	23	9	22	False	2006-05-13	digital-albums	4	2.125
Arctic Monkeys	3	0	8	23	False	2006-05-06	digital-albums	3	1.75
Arctic Monkeys	3	19	7	24	False	2006-04-22	digital-albums	2	1.375
Arctic Monkeys	3	11	6	19	False	2006-04-15	digital-albums	7	3.25
Arctic Monkeys	3	6	5	11	False	2006-04-08	digital-albums	15	6.25
Arctic Monkeys	3	14	4	6	False	2006-04-01	digital-albums	20	8.125
Arctic Monkeys	3	5	3	14	False	2006-03-25	digital-albums	12	5.125
Arctic Monkeys	3	3	2	5	False	2006-03-18	digital-albums	21	8.5
Arctic Monkeys	3	0	0	3	True	2006-03-11	digital-albums	23	9.25
Arctic Monkeys	1	11	6	17	False	2018-06-30	tastemaker-albums	9	4.0
Arctic Monkeys	1	7	5	11	False	2018-06-23	tastemaker-albums	15	6.25
Arctic Monkeys	1	5	4	7	False	2018-06-16	tastemaker-albums	19	7.75
Arctic Monkeys	1	3	3	5	False	2018-06-09	tastemaker-albums	21	8.5
Arctic Monkeys	1	1	2	3	False	2018-06-02	tastemaker-albums	23	9.25
Arctic Monkeys	1	1	1	1	False	2018-05-26	tastemaker-albums	25	10.0
Arctic Monkeys	1	0	66	19	False	2016-01-16	tastemaker-albums	7	3.25
Arctic Monkeys	1	0	65	23	False	2015-04-11	tastemaker-albums	3	1.75
Arctic Monkeys	1	0	64	21	False	2015-03-28	tastemaker-albums	5	2.5
Arctic Monkeys	1	20	63	18	False	2015-02-28	tastemaker-albums	8	3.625
Arctic Monkeys	1	0	62	20	False	2015-02-21	tastemaker-albums	6	2.875
Arctic Monkeys	1	10	61	20	False	2015-02-07	tastemaker-albums	6	2.875
Arctic Monkeys	1	7	60	10	False	2015-01-31	tastemaker-albums	16	6.625
Arctic Monkeys	1	5	59	7	False	2015-01-24	tastemaker-albums	19	7.75
Arctic Monkeys	1	8	58	5	False	2015-01-17	tastemaker-albums	21	8.5
Arctic Monkeys	1	14	57	8	False	2015-01-10	tastemaker-albums	18	7.375
Arctic Monkeys	1	20	56	14	False	2015-01-03	tastemaker-albums	12	5.125
Arctic Monkeys	1	22	55	20	False	2014-12-27	tastemaker-albums	6	2.875
Arctic Monkeys	1	0	54	22	False	2014-12-20	tastemaker-albums	4	2.125
Arctic Monkeys	1	0	53	25	False	2014-10-04	tastemaker-albums	1	1.0
Arctic Monkeys	1	12	52	22	False	2014-09-20	tastemaker-albums	4	2.125
Arctic Monkeys	1	12	51	12	False	2014-09-13	tastemaker-albums	14	5.875
Arctic Monkeys	1	9	50	12	False	2014-09-06	tastemaker-albums	14	5.875
Arctic Monkeys	1	7	49	9	False	2014-08-30	tastemaker-albums	17	7.0
Arctic Monkeys	1	12	48	7	False	2014-08-23	tastemaker-albums	19	7.75
Arctic Monkeys	1	14	47	12	False	2014-08-16	tastemaker-albums	14	5.875
Arctic Monkeys	1	17	46	14	False	2014-08-09	tastemaker-albums	12	5.125
Arctic Monkeys	1	20	45	17	False	2014-08-02	tastemaker-albums	9	4.0
Arctic Monkeys	1	18	44	20	False	2014-07-26	tastemaker-albums	6	2.875
Arctic Monkeys	1	11	43	18	False	2014-07-19	tastemaker-albums	8	3.625
Arctic Monkeys	1	13	42	11	False	2014-07-12	tastemaker-albums	15	6.25
Arctic Monkeys	1	17	41	13	False	2014-07-05	tastemaker-albums	13	5.5
Arctic Monkeys	1	16	40	17	False	2014-06-28	tastemaker-albums	9	4.0
Arctic Monkeys	1	12	39	16	False	2014-06-21	tastemaker-albums	10	4.375
Arctic Monkeys	1	10	38	12	False	2014-06-14	tastemaker-albums	14	5.875
Arctic Monkeys	1	18	37	10	False	2014-06-07	tastemaker-albums	16	6.625
Arctic Monkeys	1	14	36	18	False	2014-05-31	tastemaker-albums	8	3.625
Arctic Monkeys	1	10	35	14	False	2014-05-24	tastemaker-albums	12	5.125
Arctic Monkeys	1	3	34	10	False	2014-05-17	tastemaker-albums	16	6.625
Arctic Monkeys	1	17	33	3	False	2014-05-10	tastemaker-albums	23	9.25
Arctic Monkeys	1	4	32	17	False	2014-05-03	tastemaker-albums	9	4.0
Arctic Monkeys	1	9	31	4	False	2014-04-26	tastemaker-albums	22	8.875
Arctic Monkeys	1	10	30	9	False	2014-04-19	tastemaker-albums	17	7.0
Arctic Monkeys	1	12	29	10	False	2014-04-12	tastemaker-albums	16	6.625
Arctic Monkeys	1	8	28	12	False	2014-04-05	tastemaker-albums	14	5.875
Arctic Monkeys	1	9	27	8	False	2014-03-29	tastemaker-albums	18	7.375
Arctic Monkeys	1	6	26	9	False	2014-03-22	tastemaker-albums	17	7.0
Arctic Monkeys	1	5	25	6	False	2014-03-15	tastemaker-albums	20	8.125
Arctic Monkeys	1	6	24	5	False	2014-03-08	tastemaker-albums	21	8.5
Arctic Monkeys	1	4	23	6	False	2014-03-01	tastemaker-albums	20	8.125
Arctic Monkeys	1	6	22	4	False	2014-02-22	tastemaker-albums	22	8.875
Arctic Monkeys	1	7	21	6	False	2014-02-15	tastemaker-albums	20	8.125
Arctic Monkeys	1	7	20	7	False	2014-02-08	tastemaker-albums	19	7.75
Arctic Monkeys	1	4	19	7	False	2014-02-01	tastemaker-albums	19	7.75
Arctic Monkeys	1	2	18	4	False	2014-01-25	tastemaker-albums	22	8.875
Arctic Monkeys	1	5	17	2	False	2014-01-18	tastemaker-albums	24	9.625
Arctic Monkeys	1	6	16	5	False	2014-01-11	tastemaker-albums	21	8.5
Arctic Monkeys	1	8	15	6	False	2014-01-04	tastemaker-albums	20	8.125
Arctic Monkeys	1	6	14	8	False	2013-12-28	tastemaker-albums	18	7.375
Arctic Monkeys	1	14	13	6	False	2013-12-21	tastemaker-albums	20	8.125
Arctic Monkeys	1	17	12	14	False	2013-12-14	tastemaker-albums	12	5.125
Arctic Monkeys	1	10	11	17	False	2013-12-07	tastemaker-albums	9	4.0
Arctic Monkeys	1	9	10	10	False	2013-11-30	tastemaker-albums	16	6.625
Arctic Monkeys	1	14	9	9	False	2013-11-23	tastemaker-albums	17	7.0
Arctic Monkeys	1	12	8	14	False	2013-11-16	tastemaker-albums	12	5.125
Arctic Monkeys	1	10	7	12	False	2013-11-09	tastemaker-albums	14	5.875
Arctic Monkeys	1	13	6	10	False	2013-11-02	tastemaker-albums	16	6.625
Arctic Monkeys	1	16	5	13	False	2013-10-26	tastemaker-albums	13	5.5
Arctic Monkeys	1	11	4	16	False	2013-10-19	tastemaker-albums	10	4.375
Arctic Monkeys	1	5	3	11	False	2013-10-12	tastemaker-albums	15	6.25
Arctic Monkeys	1	1	2	5	False	2013-10-05	tastemaker-albums	21	8.5
Arctic Monkeys	1	1	1	1	False	2013-09-28	tastemaker-albums	25	10.0
Arctic Monkeys	2	0	4	24	False	2011-07-23	tastemaker-albums	2	1.375
Arctic Monkeys	2	14	3	24	False	2011-07-09	tastemaker-albums	2	1.375
Arctic Monkeys	2	2	2	14	False	2011-07-02	tastemaker-albums	12	5.125
Arctic Monkeys	2	0	0	2	True	2011-06-25	tastemaker-albums	24	9.625
Arctic Monkeys	18	0	2	18	False	2018-05-26	social-50	33	6.877551020408163
Arctic Monkeys	41	0	0	41	True	2018-04-21	social-50	10	2.6530612244897958
Arctic Monkeys	1	23	6	21	False	2018-06-30	vinyl-albums	5	2.5
Arctic Monkeys	1	23	5	23	False	2018-06-23	vinyl-albums	3	1.75
Arctic Monkeys	1	4	4	23	False	2018-06-16	vinyl-albums	3	1.75
Arctic Monkeys	1	4	3	4	False	2018-06-09	vinyl-albums	22	8.875
Arctic Monkeys	1	1	2	4	False	2018-06-02	vinyl-albums	22	8.875
Arctic Monkeys	1	1	1	1	False	2018-05-26	vinyl-albums	25	10.0
Arctic Monkeys	1	13	114	10	False	2017-01-21	vinyl-albums	16	6.625
Arctic Monkeys	1	24	113	13	False	2017-01-14	vinyl-albums	13	5.5
Arctic Monkeys	1	0	112	24	False	2017-01-07	vinyl-albums	2	1.375
Arctic Monkeys	1	25	111	24	False	2016-08-27	vinyl-albums	2	1.375
Arctic Monkeys	1	18	110	25	False	2016-08-20	vinyl-albums	1	1.0
Arctic Monkeys	1	0	109	18	False	2016-08-13	vinyl-albums	8	3.625
Arctic Monkeys	1	19	108	15	False	2016-07-23	vinyl-albums	11	4.75
Arctic Monkeys	1	0	107	19	False	2016-07-16	vinyl-albums	7	3.25
Arctic Monkeys	1	0	106	19	False	2016-03-05	vinyl-albums	7	3.25
Arctic Monkeys	1	16	105	22	False	2016-02-06	vinyl-albums	4	2.125
Arctic Monkeys	1	12	104	16	False	2016-01-30	vinyl-albums	10	4.375
Arctic Monkeys	1	4	103	12	False	2016-01-23	vinyl-albums	14	5.875
Arctic Monkeys	1	0	102	4	False	2016-01-16	vinyl-albums	22	8.875
Arctic Monkeys	1	21	101	22	False	2015-12-19	vinyl-albums	4	2.125
Arctic Monkeys	1	0	100	21	False	2015-12-12	vinyl-albums	5	2.5
Arctic Monkeys	1	0	99	24	False	2015-11-28	vinyl-albums	2	1.375
Arctic Monkeys	1	24	98	23	False	2015-11-14	vinyl-albums	3	1.75
Arctic Monkeys	1	23	97	24	False	2015-11-07	vinyl-albums	2	1.375
Arctic Monkeys	1	0	96	23	False	2015-10-31	vinyl-albums	3	1.75
Arctic Monkeys	1	24	95	24	False	2015-09-26	vinyl-albums	2	1.375
Arctic Monkeys	1	14	94	24	False	2015-09-19	vinyl-albums	2	1.375
Arctic Monkeys	1	10	93	14	False	2015-09-12	vinyl-albums	12	5.125
Arctic Monkeys	1	15	92	10	False	2015-09-05	vinyl-albums	16	6.625
Arctic Monkeys	1	24	91	15	False	2015-08-29	vinyl-albums	11	4.75
Arctic Monkeys	1	14	90	24	False	2015-08-22	vinyl-albums	2	1.375
Arctic Monkeys	1	9	89	14	False	2015-08-15	vinyl-albums	12	5.125
Arctic Monkeys	1	14	88	9	False	2015-08-08	vinyl-albums	17	7.0
Arctic Monkeys	1	18	87	14	False	2015-08-01	vinyl-albums	12	5.125
Arctic Monkeys	1	19	86	18	False	2015-07-25	vinyl-albums	8	3.625
Arctic Monkeys	1	20	85	19	False	2015-07-18	vinyl-albums	7	3.25
Arctic Monkeys	1	17	84	20	False	2015-07-11	vinyl-albums	6	2.875
Arctic Monkeys	1	13	83	17	False	2015-07-04	vinyl-albums	9	4.0
Arctic Monkeys	1	11	82	13	False	2015-06-27	vinyl-albums	13	5.5
Arctic Monkeys	1	13	81	11	False	2015-06-20	vinyl-albums	15	6.25
Arctic Monkeys	1	15	80	13	False	2015-06-13	vinyl-albums	13	5.5
Arctic Monkeys	1	12	79	15	False	2015-06-06	vinyl-albums	11	4.75
Arctic Monkeys	1	18	78	12	False	2015-05-30	vinyl-albums	14	5.875
Arctic Monkeys	1	12	77	18	False	2015-05-23	vinyl-albums	8	3.625
Arctic Monkeys	1	8	76	12	False	2015-05-16	vinyl-albums	14	5.875
Arctic Monkeys	1	0	75	8	False	2015-05-09	vinyl-albums	18	7.375
Arctic Monkeys	1	9	74	10	False	2015-04-25	vinyl-albums	16	6.625
Arctic Monkeys	1	6	73	9	False	2015-04-18	vinyl-albums	17	7.0
Arctic Monkeys	1	8	72	6	False	2015-04-11	vinyl-albums	20	8.125
Arctic Monkeys	1	6	71	8	False	2015-04-04	vinyl-albums	18	7.375
Arctic Monkeys	1	8	70	6	False	2015-03-28	vinyl-albums	20	8.125
Arctic Monkeys	1	13	69	8	False	2015-03-21	vinyl-albums	18	7.375
Arctic Monkeys	1	5	68	13	False	2015-03-14	vinyl-albums	13	5.5
Arctic Monkeys	1	8	67	5	False	2015-03-07	vinyl-albums	21	8.5
Arctic Monkeys	1	9	66	8	False	2015-02-28	vinyl-albums	18	7.375
Arctic Monkeys	1	5	65	9	False	2015-02-21	vinyl-albums	17	7.0
Arctic Monkeys	1	6	64	5	False	2015-02-14	vinyl-albums	21	8.5
Arctic Monkeys	1	5	63	6	False	2015-02-07	vinyl-albums	20	8.125
Arctic Monkeys	1	3	62	5	False	2015-01-31	vinyl-albums	21	8.5
Arctic Monkeys	1	1	61	3	False	2015-01-24	vinyl-albums	23	9.25
Arctic Monkeys	1	3	60	1	False	2015-01-17	vinyl-albums	25	10.0
Arctic Monkeys	1	2	59	3	False	2015-01-10	vinyl-albums	23	9.25
Arctic Monkeys	1	3	58	2	False	2015-01-03	vinyl-albums	24	9.625
Arctic Monkeys	1	1	57	3	False	2014-12-27	vinyl-albums	23	9.25
Arctic Monkeys	1	2	56	1	False	2014-12-20	vinyl-albums	25	10.0
Arctic Monkeys	1	19	55	2	False	2014-12-13	vinyl-albums	24	9.625
Arctic Monkeys	1	6	54	19	False	2014-12-06	vinyl-albums	7	3.25
Arctic Monkeys	1	10	53	6	False	2014-11-29	vinyl-albums	20	8.125
Arctic Monkeys	1	0	52	10	False	2014-11-22	vinyl-albums	16	6.625
Arctic Monkeys	1	15	51	13	False	2014-11-08	vinyl-albums	13	5.5
Arctic Monkeys	1	14	50	15	False	2014-11-01	vinyl-albums	11	4.75
Arctic Monkeys	1	12	49	14	False	2014-10-25	vinyl-albums	12	5.125
Arctic Monkeys	1	14	48	12	False	2014-10-18	vinyl-albums	14	5.875
Arctic Monkeys	1	0	47	14	False	2014-10-11	vinyl-albums	12	5.125
Arctic Monkeys	1	9	46	7	False	2014-09-20	vinyl-albums	19	7.75
Arctic Monkeys	1	4	45	9	False	2014-09-13	vinyl-albums	17	7.0
Arctic Monkeys	1	5	44	4	False	2014-09-06	vinyl-albums	22	8.875
Arctic Monkeys	1	7	43	5	False	2014-08-30	vinyl-albums	21	8.5
Arctic Monkeys	1	5	42	7	False	2014-08-23	vinyl-albums	19	7.75
Arctic Monkeys	1	6	41	5	False	2014-08-16	vinyl-albums	21	8.5
Arctic Monkeys	1	8	40	6	False	2014-08-09	vinyl-albums	20	8.125
Arctic Monkeys	1	5	39	8	False	2014-08-02	vinyl-albums	18	7.375
Arctic Monkeys	1	8	38	5	False	2014-07-26	vinyl-albums	21	8.5
Arctic Monkeys	1	7	37	8	False	2014-07-19	vinyl-albums	18	7.375
Arctic Monkeys	1	8	36	7	False	2014-07-12	vinyl-albums	19	7.75
Arctic Monkeys	1	9	35	8	False	2014-07-05	vinyl-albums	18	7.375
Arctic Monkeys	1	11	34	9	False	2014-06-28	vinyl-albums	17	7.0
Arctic Monkeys	1	12	33	11	False	2014-06-21	vinyl-albums	15	6.25
Arctic Monkeys	1	8	32	12	False	2014-06-14	vinyl-albums	14	5.875
Arctic Monkeys	1	9	31	8	False	2014-06-07	vinyl-albums	18	7.375
Arctic Monkeys	1	9	30	9	False	2014-05-31	vinyl-albums	17	7.0
Arctic Monkeys	1	8	29	9	False	2014-05-24	vinyl-albums	17	7.0
Arctic Monkeys	1	5	28	8	False	2014-05-17	vinyl-albums	18	7.375
Arctic Monkeys	1	0	27	5	False	2014-05-10	vinyl-albums	21	8.5
Arctic Monkeys	1	6	26	6	False	2014-04-26	vinyl-albums	20	8.125
Arctic Monkeys	1	13	25	6	False	2014-04-19	vinyl-albums	20	8.125
Arctic Monkeys	1	12	24	13	False	2014-04-12	vinyl-albums	13	5.5
Arctic Monkeys	1	2	23	12	False	2014-04-05	vinyl-albums	14	5.875
Arctic Monkeys	1	7	22	2	False	2014-03-29	vinyl-albums	24	9.625
Arctic Monkeys	1	4	21	7	False	2014-03-22	vinyl-albums	19	7.75
Arctic Monkeys	1	5	20	4	False	2014-03-15	vinyl-albums	22	8.875
Arctic Monkeys	1	3	19	5	False	2014-03-08	vinyl-albums	21	8.5
Arctic Monkeys	1	2	18	3	False	2014-03-01	vinyl-albums	23	9.25
Arctic Monkeys	1	8	17	2	False	2014-02-22	vinyl-albums	24	9.625
Arctic Monkeys	1	5	16	8	False	2014-02-15	vinyl-albums	18	7.375
Arctic Monkeys	1	6	15	5	False	2014-02-08	vinyl-albums	21	8.5
Arctic Monkeys	1	3	14	6	False	2014-02-01	vinyl-albums	20	8.125
Arctic Monkeys	1	1	13	3	False	2014-01-25	vinyl-albums	23	9.25
Arctic Monkeys	1	2	12	1	False	2014-01-18	vinyl-albums	25	10.0
Arctic Monkeys	1	3	11	2	False	2014-01-11	vinyl-albums	24	9.625
Arctic Monkeys	1	6	10	3	False	2014-01-04	vinyl-albums	23	9.25
Arctic Monkeys	1	3	9	6	False	2013-12-28	vinyl-albums	20	8.125
Arctic Monkeys	1	0	8	3	False	2013-12-21	vinyl-albums	23	9.25
Arctic Monkeys	1	12	7	11	False	2013-12-07	vinyl-albums	15	6.25
Arctic Monkeys	1	8	6	12	False	2013-11-30	vinyl-albums	14	5.875
Arctic Monkeys	1	0	5	8	False	2013-11-23	vinyl-albums	18	7.375
Arctic Monkeys	1	0	4	13	False	2013-11-09	vinyl-albums	13	5.5
Arctic Monkeys	1	7	3	14	False	2013-10-12	vinyl-albums	12	5.125
Arctic Monkeys	1	1	2	7	False	2013-10-05	vinyl-albums	19	7.75
Arctic Monkeys	1	1	1	1	False	2013-09-28	vinyl-albums	25	10.0
Arctic Monkeys	4	0	0	4	True	2011-06-25	vinyl-albums	22	8.875
Arctic Monkeys	38	39	14	43	False	2014-05-17	on-demand-songs	8	2.2857142857142856
Arctic Monkeys	38	38	13	39	False	2014-05-10	on-demand-songs	12	3.020408163265306
Arctic Monkeys	38	43	12	38	False	2014-05-03	on-demand-songs	13	3.204081632653061
Arctic Monkeys	38	41	11	43	False	2014-04-26	on-demand-songs	8	2.2857142857142856
Arctic Monkeys	38	44	10	41	False	2014-04-19	on-demand-songs	10	2.6530612244897958
Arctic Monkeys	38	44	9	44	False	2014-04-12	on-demand-songs	7	2.1020408163265305
Arctic Monkeys	38	38	8	44	False	2014-04-05	on-demand-songs	7	2.1020408163265305
Arctic Monkeys	38	41	7	38	False	2014-03-29	on-demand-songs	13	3.204081632653061
Arctic Monkeys	40	40	6	41	False	2014-03-22	on-demand-songs	10	2.6530612244897958
Arctic Monkeys	40	43	5	40	False	2014-03-15	on-demand-songs	11	2.836734693877551
Arctic Monkeys	43	49	4	43	False	2014-03-08	on-demand-songs	8	2.2857142857142856
Arctic Monkeys	49	0	3	49	False	2014-03-01	on-demand-songs	2	1.183673469387755
Arctic Monkeys	49	49	2	49	False	2014-01-25	on-demand-songs	2	1.183673469387755
Arctic Monkeys	49	0	0	49	True	2014-01-18	on-demand-songs	2	1.183673469387755
Arctic Monkeys	11	0	15	11	False	2018-05-26	artist-100	90	9.090909090909092
Arctic Monkeys	59	98	14	96	False	2015-01-31	artist-100	5	1.3636363636363638
Arctic Monkeys	59	86	13	98	False	2015-01-24	artist-100	3	1.1818181818181819
Arctic Monkeys	59	59	12	86	False	2015-01-17	artist-100	15	2.2727272727272725
Arctic Monkeys	59	0	11	59	False	2015-01-10	artist-100	42	4.7272727272727275
Arctic Monkeys	64	80	10	77	False	2014-09-20	artist-100	24	3.090909090909091
Arctic Monkeys	64	74	9	80	False	2014-09-13	artist-100	21	2.8181818181818183
Arctic Monkeys	64	77	8	74	False	2014-09-06	artist-100	27	3.3636363636363638
Arctic Monkeys	64	64	7	77	False	2014-08-30	artist-100	24	3.090909090909091
Arctic Monkeys	64	75	6	64	False	2014-08-23	artist-100	37	4.272727272727273
Arctic Monkeys	69	77	5	75	False	2014-08-16	artist-100	26	3.272727272727273
Arctic Monkeys	69	79	4	77	False	2014-08-09	artist-100	24	3.090909090909091
Arctic Monkeys	69	69	3	79	False	2014-08-02	artist-100	22	2.909090909090909
Arctic Monkeys	69	72	2	69	False	2014-07-26	artist-100	32	3.8181818181818183
Arctic Monkeys	19	0	0	19	True	2018-05-19	lyricfind-global	7	3.25
Arctic Monkeys	20	0	0	20	True	2018-05-19	lyricfind-us	6	2.875
