artist	peakPos	lastPos	weeks	rank	isNew	date	chart	rankScore	rankScaled
Carlos Vives	95	0	0	95	True	2016-07-30	hot-100	6	1.4545454545454546
Carlos Vives	61	75	3	171	False	2013-05-25	billboard-200	30	2.3115577889447234
Carlos Vives	61	61	2	75	False	2013-05-18	billboard-200	126	6.653266331658292
Carlos Vives	61	0	0	61	True	2013-05-11	billboard-200	140	7.28643216080402
Carlos Vives	192	192	2	192	False	2004-09-25	billboard-200	9	1.3618090452261307
Carlos Vives	192	0	0	192	True	2004-09-18	billboard-200	9	1.3618090452261307
Carlos Vives	61	61	2	75	False	2013-05-18	top-album-sales	26	3.272727272727273
Carlos Vives	61	0	0	61	True	2013-05-11	top-album-sales	40	4.545454545454545
Carlos Vives	18	18	17	22	False	2018-01-13	youtube	4	2.125
Carlos Vives	18	20	16	18	False	2018-01-06	youtube	8	3.625
Carlos Vives	19	22	15	20	False	2018-01-03	youtube	6	2.875
Carlos Vives	19	19	14	22	False	2017-12-30	youtube	4	2.125
Carlos Vives	19	19	13	19	False	2017-12-23	youtube	7	3.25
Carlos Vives	19	22	12	19	False	2017-12-16	youtube	7	3.25
Carlos Vives	19	24	11	22	False	2017-12-09	youtube	4	2.125
Carlos Vives	19	22	10	24	False	2017-12-02	youtube	2	1.375
Carlos Vives	19	22	9	22	False	2017-11-25	youtube	4	2.125
Carlos Vives	19	22	8	22	False	2017-11-18	youtube	4	2.125
Carlos Vives	19	19	7	22	False	2017-11-11	youtube	4	2.125
Carlos Vives	19	22	6	19	False	2017-11-04	youtube	7	3.25
Carlos Vives	21	21	5	22	False	2017-10-28	youtube	4	2.125
Carlos Vives	21	23	4	21	False	2017-10-21	youtube	5	2.5
Carlos Vives	21	21	3	23	False	2017-10-14	youtube	3	1.75
Carlos Vives	21	24	2	21	False	2017-10-07	youtube	5	2.5
Carlos Vives	24	0	0	24	True	2017-09-30	youtube	2	1.375
Carlos Vives	6	23	31	24	False	2017-02-25	youtube	2	1.375
Carlos Vives	6	22	30	23	False	2017-02-18	youtube	3	1.75
Carlos Vives	6	19	29	22	False	2017-02-11	youtube	4	2.125
Carlos Vives	6	16	28	19	False	2017-02-04	youtube	7	3.25
Carlos Vives	6	13	27	16	False	2017-01-28	youtube	10	4.375
Carlos Vives	6	11	26	13	False	2017-01-21	youtube	13	5.5
Carlos Vives	6	11	25	11	False	2017-01-14	youtube	15	6.25
Carlos Vives	6	12	24	11	False	2017-01-07	youtube	15	6.25
Carlos Vives	6	11	23	12	False	2016-12-31	youtube	14	5.875
Carlos Vives	6	9	22	11	False	2016-12-24	youtube	15	6.25
Carlos Vives	6	8	21	9	False	2016-12-17	youtube	17	7.0
Carlos Vives	6	8	20	8	False	2016-12-10	youtube	18	7.375
Carlos Vives	6	9	19	8	False	2016-12-03	youtube	18	7.375
Carlos Vives	6	6	18	9	False	2016-11-26	youtube	17	7.0
Carlos Vives	6	9	17	6	False	2016-11-19	youtube	20	8.125
Carlos Vives	6	7	16	9	False	2016-11-12	youtube	17	7.0
Carlos Vives	6	8	15	7	False	2016-11-05	youtube	19	7.75
Carlos Vives	6	8	14	8	False	2016-10-29	youtube	18	7.375
Carlos Vives	6	8	13	8	False	2016-10-22	youtube	18	7.375
Carlos Vives	6	8	12	8	False	2016-10-15	youtube	18	7.375
Carlos Vives	6	10	11	8	False	2016-10-08	youtube	18	7.375
Carlos Vives	6	10	10	10	False	2016-10-01	youtube	16	6.625
Carlos Vives	6	9	9	10	False	2016-09-24	youtube	16	6.625
Carlos Vives	6	9	8	9	False	2016-09-17	youtube	17	7.0
Carlos Vives	6	10	7	9	False	2016-09-10	youtube	17	7.0
Carlos Vives	6	6	6	10	False	2016-09-03	youtube	16	6.625
Carlos Vives	6	6	5	6	False	2016-08-27	youtube	20	8.125
Carlos Vives	6	12	4	6	False	2016-08-20	youtube	20	8.125
Carlos Vives	12	19	3	12	False	2016-08-13	youtube	14	5.875
Carlos Vives	14	14	2	19	False	2016-08-06	youtube	7	3.25
Carlos Vives	14	0	0	14	True	2016-07-30	youtube	12	5.125
