artist	peakPos	lastPos	weeks	rank	isNew	date	chart	rankScore	rankScaled
5 Seconds Of Summer	7	17	35	21	False	2019-02-09	hot-100	80	8.181818181818182
5 Seconds Of Summer	7	16	34	17	False	2019-02-02	hot-100	84	8.545454545454545
5 Seconds Of Summer	7	16	33	16	False	2019-01-26	hot-100	85	8.636363636363637
5 Seconds Of Summer	7	14	32	16	False	2019-01-19	hot-100	85	8.636363636363637
5 Seconds Of Summer	7	24	31	14	False	2019-01-12	hot-100	87	8.818181818181818
5 Seconds Of Summer	7	20	30	24	False	2019-01-05	hot-100	77	7.909090909090908
5 Seconds Of Summer	7	22	29	20	False	2018-12-29	hot-100	81	8.272727272727273
5 Seconds Of Summer	7	14	28	22	False	2018-12-22	hot-100	79	8.09090909090909
5 Seconds Of Summer	7	12	27	14	False	2018-12-15	hot-100	87	8.818181818181818
5 Seconds Of Summer	7	12	26	12	False	2018-12-08	hot-100	89	9.0
5 Seconds Of Summer	7	12	25	12	False	2018-12-01	hot-100	89	9.0
5 Seconds Of Summer	7	11	24	12	False	2018-11-24	hot-100	89	9.0
5 Seconds Of Summer	7	7	23	11	False	2018-11-17	hot-100	90	9.090909090909092
5 Seconds Of Summer	7	7	22	7	False	2018-11-10	hot-100	94	9.454545454545455
5 Seconds Of Summer	7	9	21	7	False	2018-11-03	hot-100	94	9.454545454545455
5 Seconds Of Summer	7	7	20	9	False	2018-10-27	hot-100	92	9.272727272727273
5 Seconds Of Summer	7	8	19	7	False	2018-10-20	hot-100	94	9.454545454545455
5 Seconds Of Summer	8	10	18	8	False	2018-10-13	hot-100	93	9.363636363636363
5 Seconds Of Summer	10	10	17	10	False	2018-10-06	hot-100	91	9.181818181818182
5 Seconds Of Summer	10	11	16	10	False	2018-09-29	hot-100	91	9.181818181818182
5 Seconds Of Summer	11	13	15	11	False	2018-09-22	hot-100	90	9.090909090909092
5 Seconds Of Summer	13	15	14	13	False	2018-09-15	hot-100	88	8.90909090909091
5 Seconds Of Summer	15	15	13	15	False	2018-09-08	hot-100	86	8.727272727272727
5 Seconds Of Summer	15	17	12	15	False	2018-09-01	hot-100	86	8.727272727272727
5 Seconds Of Summer	17	22	11	17	False	2018-08-25	hot-100	84	8.545454545454545
5 Seconds Of Summer	22	23	10	22	False	2018-08-18	hot-100	79	8.09090909090909
5 Seconds Of Summer	23	25	9	23	False	2018-08-11	hot-100	78	8.0
5 Seconds Of Summer	25	32	8	25	False	2018-08-04	hot-100	76	7.818181818181818
5 Seconds Of Summer	32	40	7	32	False	2018-07-28	hot-100	69	7.181818181818182
5 Seconds Of Summer	40	66	6	40	False	2018-07-21	hot-100	61	6.454545454545455
5 Seconds Of Summer	49	52	5	66	False	2018-07-14	hot-100	35	4.090909090909091
5 Seconds Of Summer	49	49	4	52	False	2018-07-07	hot-100	49	5.363636363636363
5 Seconds Of Summer	49	79	3	49	False	2018-06-30	hot-100	52	5.636363636363637
5 Seconds Of Summer	79	96	2	79	False	2018-06-23	hot-100	22	2.909090909090909
5 Seconds Of Summer	96	0	0	96	True	2018-06-16	hot-100	5	1.3636363636363638
5 Seconds Of Summer	61	0	0	61	True	2018-03-10	hot-100	40	4.545454545454545
5 Seconds Of Summer	68	0	0	68	True	2016-08-06	hot-100	33	3.909090909090909
5 Seconds Of Summer	22	61	9	82	False	2015-10-03	hot-100	19	2.6363636363636367
5 Seconds Of Summer	22	58	8	61	False	2015-09-26	hot-100	40	4.545454545454545
5 Seconds Of Summer	22	47	7	58	False	2015-09-19	hot-100	43	4.818181818181818
5 Seconds Of Summer	95	0	0	95	True	2015-09-19	hot-100	6	1.4545454545454546
5 Seconds Of Summer	22	42	6	47	False	2015-09-12	hot-100	54	5.818181818181818
5 Seconds Of Summer	22	41	5	42	False	2015-09-05	hot-100	59	6.2727272727272725
5 Seconds Of Summer	100	0	0	100	True	2015-09-05	hot-100	1	1.0
5 Seconds Of Summer	22	34	4	41	False	2015-08-29	hot-100	60	6.363636363636363
5 Seconds Of Summer	22	54	3	34	False	2015-08-22	hot-100	67	7.0
5 Seconds Of Summer	22	22	2	54	False	2015-08-15	hot-100	47	5.181818181818182
5 Seconds Of Summer	22	0	0	22	True	2015-08-08	hot-100	79	8.09090909090909
5 Seconds Of Summer	34	0	2	85	False	2014-12-06	hot-100	16	2.3636363636363638
5 Seconds Of Summer	16	67	20	72	False	2014-11-29	hot-100	29	3.5454545454545454
5 Seconds Of Summer	16	65	19	67	False	2014-11-22	hot-100	34	4.0
5 Seconds Of Summer	16	51	18	65	False	2014-11-15	hot-100	36	4.181818181818182
5 Seconds Of Summer	16	42	17	51	False	2014-11-08	hot-100	50	5.454545454545455
5 Seconds Of Summer	16	39	16	42	False	2014-11-01	hot-100	59	6.2727272727272725
5 Seconds Of Summer	16	37	15	39	False	2014-10-25	hot-100	62	6.545454545454545
5 Seconds Of Summer	16	24	14	37	False	2014-10-18	hot-100	64	6.7272727272727275
5 Seconds Of Summer	16	37	13	24	False	2014-10-11	hot-100	77	7.909090909090908
5 Seconds Of Summer	16	40	12	37	False	2014-10-04	hot-100	64	6.7272727272727275
5 Seconds Of Summer	16	37	11	40	False	2014-09-27	hot-100	61	6.454545454545455
5 Seconds Of Summer	16	33	10	37	False	2014-09-20	hot-100	64	6.7272727272727275
5 Seconds Of Summer	16	46	9	33	False	2014-09-13	hot-100	68	7.090909090909091
5 Seconds Of Summer	16	54	8	46	False	2014-09-06	hot-100	55	5.909090909090908
5 Seconds Of Summer	16	55	7	54	False	2014-08-30	hot-100	47	5.181818181818182
5 Seconds Of Summer	24	86	20	74	False	2014-08-30	hot-100	27	3.3636363636363638
5 Seconds Of Summer	16	67	6	55	False	2014-08-23	hot-100	46	5.090909090909091
5 Seconds Of Summer	24	81	19	86	False	2014-08-23	hot-100	15	2.2727272727272725
5 Seconds Of Summer	16	81	5	67	False	2014-08-16	hot-100	34	4.0
5 Seconds Of Summer	24	58	18	81	False	2014-08-16	hot-100	20	2.727272727272727
5 Seconds Of Summer	24	74	17	58	False	2014-08-09	hot-100	43	4.818181818181818
5 Seconds Of Summer	16	94	4	81	False	2014-08-09	hot-100	20	2.727272727272727
5 Seconds Of Summer	24	0	0	24	True	2014-08-02	hot-100	77	7.909090909090908
5 Seconds Of Summer	24	72	16	74	False	2014-08-02	hot-100	27	3.3636363636363638
5 Seconds Of Summer	16	93	3	94	False	2014-08-02	hot-100	7	1.5454545454545454
5 Seconds Of Summer	24	56	15	72	False	2014-07-26	hot-100	29	3.5454545454545454
5 Seconds Of Summer	16	16	2	93	False	2014-07-26	hot-100	8	1.6363636363636362
5 Seconds Of Summer	16	0	0	16	True	2014-07-19	hot-100	85	8.636363636363637
5 Seconds Of Summer	24	52	14	56	False	2014-07-19	hot-100	45	5.0
5 Seconds Of Summer	24	40	13	52	False	2014-07-12	hot-100	49	5.363636363636363
5 Seconds Of Summer	28	0	0	28	True	2014-07-05	hot-100	73	7.545454545454546
5 Seconds Of Summer	24	37	12	40	False	2014-07-05	hot-100	61	6.454545454545455
5 Seconds Of Summer	24	30	11	37	False	2014-06-28	hot-100	64	6.7272727272727275
5 Seconds Of Summer	24	24	10	30	False	2014-06-21	hot-100	71	7.363636363636363
5 Seconds Of Summer	24	27	9	24	False	2014-06-14	hot-100	77	7.909090909090908
5 Seconds Of Summer	34	0	0	34	True	2014-06-14	hot-100	67	7.0
5 Seconds Of Summer	47	81	3	93	False	2014-06-14	hot-100	8	1.6363636363636362
5 Seconds Of Summer	27	32	8	27	False	2014-06-07	hot-100	74	7.636363636363636
5 Seconds Of Summer	47	47	2	81	False	2014-06-07	hot-100	20	2.727272727272727
5 Seconds Of Summer	32	37	7	32	False	2014-05-31	hot-100	69	7.181818181818182
5 Seconds Of Summer	47	0	0	47	True	2014-05-31	hot-100	54	5.818181818181818
5 Seconds Of Summer	37	45	6	37	False	2014-05-24	hot-100	64	6.7272727272727275
5 Seconds Of Summer	45	47	5	45	False	2014-05-17	hot-100	56	6.0
5 Seconds Of Summer	47	54	4	47	False	2014-05-10	hot-100	54	5.818181818181818
5 Seconds Of Summer	54	66	3	54	False	2014-05-03	hot-100	47	5.181818181818182
5 Seconds Of Summer	60	60	2	66	False	2014-04-26	hot-100	35	4.090909090909091
5 Seconds Of Summer	60	0	0	60	True	2014-04-19	hot-100	41	4.636363636363637
5 Seconds Of Summer	1	69	33	76	False	2019-02-09	billboard-200	125	6.608040201005025
5 Seconds Of Summer	1	57	32	69	False	2019-02-02	billboard-200	132	6.924623115577889
5 Seconds Of Summer	1	58	31	57	False	2019-01-26	billboard-200	144	7.467336683417085
5 Seconds Of Summer	1	56	30	58	False	2019-01-19	billboard-200	143	7.422110552763819
5 Seconds Of Summer	1	90	29	56	False	2019-01-12	billboard-200	145	7.5125628140703515
5 Seconds Of Summer	1	127	28	90	False	2019-01-05	billboard-200	111	5.974874371859296
5 Seconds Of Summer	1	121	27	127	False	2018-12-29	billboard-200	74	4.301507537688442
5 Seconds Of Summer	1	116	26	121	False	2018-12-22	billboard-200	80	4.572864321608041
5 Seconds Of Summer	1	99	25	116	False	2018-12-15	billboard-200	85	4.798994974874372
5 Seconds Of Summer	1	91	24	99	False	2018-12-08	billboard-200	102	5.567839195979899
5 Seconds Of Summer	1	86	23	91	False	2018-12-01	billboard-200	110	5.9296482412060305
5 Seconds Of Summer	1	74	22	86	False	2018-11-24	billboard-200	115	6.155778894472363
5 Seconds Of Summer	1	73	21	74	False	2018-11-17	billboard-200	127	6.698492462311558
5 Seconds Of Summer	1	63	20	73	False	2018-11-10	billboard-200	128	6.743718592964824
5 Seconds Of Summer	1	56	19	63	False	2018-11-03	billboard-200	138	7.1959798994974875
5 Seconds Of Summer	1	54	18	56	False	2018-10-27	billboard-200	145	7.5125628140703515
5 Seconds Of Summer	1	42	17	54	False	2018-10-20	billboard-200	147	7.603015075376884
5 Seconds Of Summer	1	30	16	42	False	2018-10-13	billboard-200	159	8.145728643216081
5 Seconds Of Summer	1	46	15	30	False	2018-10-06	billboard-200	171	8.688442211055277
5 Seconds Of Summer	1	42	14	46	False	2018-09-29	billboard-200	155	7.964824120603016
5 Seconds Of Summer	1	30	13	42	False	2018-09-22	billboard-200	159	8.145728643216081
5 Seconds Of Summer	1	38	12	30	False	2018-09-15	billboard-200	171	8.688442211055277
5 Seconds Of Summer	1	37	11	38	False	2018-09-08	billboard-200	163	8.326633165829145
5 Seconds Of Summer	1	34	10	37	False	2018-09-01	billboard-200	164	8.371859296482413
5 Seconds Of Summer	1	29	9	34	False	2018-08-25	billboard-200	167	8.507537688442211
5 Seconds Of Summer	1	34	8	29	False	2018-08-18	billboard-200	172	8.733668341708542
5 Seconds Of Summer	1	27	7	34	False	2018-08-11	billboard-200	167	8.507537688442211
5 Seconds Of Summer	1	26	6	27	False	2018-08-04	billboard-200	174	8.824120603015075
5 Seconds Of Summer	1	25	5	26	False	2018-07-28	billboard-200	175	8.869346733668342
5 Seconds Of Summer	1	25	4	25	False	2018-07-21	billboard-200	176	8.91457286432161
5 Seconds Of Summer	1	10	3	25	False	2018-07-14	billboard-200	176	8.91457286432161
5 Seconds Of Summer	1	1	2	10	False	2018-07-07	billboard-200	191	9.592964824120603
5 Seconds Of Summer	1	1	1	1	False	2018-06-30	billboard-200	200	10.0
5 Seconds Of Summer	1	129	14	176	False	2016-02-13	billboard-200	25	2.085427135678392
5 Seconds Of Summer	1	101	13	129	False	2016-02-06	billboard-200	72	4.211055276381909
5 Seconds Of Summer	1	61	12	101	False	2016-01-30	billboard-200	100	5.477386934673366
5 Seconds Of Summer	1	41	11	61	False	2016-01-23	billboard-200	140	7.28643216080402
5 Seconds Of Summer	1	138	66	179	False	2016-01-23	billboard-200	22	1.949748743718593
5 Seconds Of Summer	1	50	10	41	False	2016-01-16	billboard-200	160	8.190954773869347
5 Seconds Of Summer	1	0	65	138	False	2016-01-16	billboard-200	63	3.8040201005025125
5 Seconds Of Summer	1	57	9	50	False	2016-01-09	billboard-200	151	7.78391959798995
5 Seconds Of Summer	1	67	8	57	False	2016-01-02	billboard-200	144	7.467336683417085
5 Seconds Of Summer	1	35	7	67	False	2015-12-26	billboard-200	134	7.015075376884422
5 Seconds Of Summer	1	45	6	35	False	2015-12-19	billboard-200	166	8.462311557788945
5 Seconds Of Summer	1	39	5	45	False	2015-12-12	billboard-200	156	8.010050251256281
5 Seconds Of Summer	1	26	4	39	False	2015-12-05	billboard-200	162	8.281407035175878
5 Seconds Of Summer	1	7	3	26	False	2015-11-28	billboard-200	175	8.869346733668342
5 Seconds Of Summer	1	1	2	7	False	2015-11-21	billboard-200	194	9.728643216080402
5 Seconds Of Summer	1	1	1	1	False	2015-11-14	billboard-200	200	10.0
5 Seconds Of Summer	1	198	64	167	False	2015-11-14	billboard-200	34	2.492462311557789
5 Seconds Of Summer	1	188	63	198	False	2015-11-07	billboard-200	3	1.0904522613065326
5 Seconds Of Summer	1	0	62	188	False	2015-10-31	billboard-200	13	1.542713567839196
5 Seconds Of Summer	1	140	61	171	False	2015-10-10	billboard-200	30	2.3115577889447234
5 Seconds Of Summer	1	108	60	140	False	2015-10-03	billboard-200	61	3.7135678391959797
5 Seconds Of Summer	1	111	59	108	False	2015-09-26	billboard-200	93	5.160804020100502
5 Seconds Of Summer	1	103	58	111	False	2015-09-19	billboard-200	90	5.025125628140703
5 Seconds Of Summer	1	101	57	103	False	2015-09-12	billboard-200	98	5.386934673366834
5 Seconds Of Summer	1	102	56	101	False	2015-09-05	billboard-200	100	5.477386934673366
5 Seconds Of Summer	1	105	55	102	False	2015-08-29	billboard-200	99	5.432160804020101
5 Seconds Of Summer	1	115	54	105	False	2015-08-22	billboard-200	96	5.296482412060302
5 Seconds Of Summer	1	80	53	115	False	2015-08-15	billboard-200	86	4.844221105527638
5 Seconds Of Summer	1	129	52	80	False	2015-08-08	billboard-200	121	6.427135678391959
5 Seconds Of Summer	1	181	51	129	False	2015-08-01	billboard-200	72	4.211055276381909
5 Seconds Of Summer	1	191	50	181	False	2015-07-25	billboard-200	20	1.8592964824120601
5 Seconds Of Summer	1	171	49	191	False	2015-07-18	billboard-200	10	1.4070351758793969
5 Seconds Of Summer	1	182	48	171	False	2015-07-11	billboard-200	30	2.3115577889447234
5 Seconds Of Summer	1	181	47	182	False	2015-07-04	billboard-200	19	1.814070351758794
5 Seconds Of Summer	1	188	46	181	False	2015-06-27	billboard-200	20	1.8592964824120601
5 Seconds Of Summer	1	167	45	188	False	2015-06-20	billboard-200	13	1.542713567839196
5 Seconds Of Summer	1	0	44	167	False	2015-06-13	billboard-200	34	2.492462311557789
5 Seconds Of Summer	1	187	43	186	False	2015-05-30	billboard-200	15	1.6331658291457285
5 Seconds Of Summer	1	159	42	187	False	2015-05-23	billboard-200	14	1.5879396984924623
5 Seconds Of Summer	1	162	41	159	False	2015-05-16	billboard-200	42	2.8542713567839195
5 Seconds Of Summer	1	132	40	162	False	2015-05-09	billboard-200	39	2.7185929648241203
5 Seconds Of Summer	1	90	39	132	False	2015-05-02	billboard-200	69	4.075376884422111
5 Seconds Of Summer	1	79	38	90	False	2015-04-25	billboard-200	111	5.974874371859296
5 Seconds Of Summer	1	111	37	79	False	2015-04-18	billboard-200	122	6.472361809045226
5 Seconds Of Summer	1	121	36	111	False	2015-04-11	billboard-200	90	5.025125628140703
5 Seconds Of Summer	1	122	35	121	False	2015-04-04	billboard-200	80	4.572864321608041
5 Seconds Of Summer	1	116	34	122	False	2015-03-28	billboard-200	79	4.527638190954773
5 Seconds Of Summer	1	117	33	116	False	2015-03-21	billboard-200	85	4.798994974874372
5 Seconds Of Summer	1	89	32	117	False	2015-03-14	billboard-200	84	4.7537688442211055
5 Seconds Of Summer	1	100	31	89	False	2015-03-07	billboard-200	112	6.0201005025125625
5 Seconds Of Summer	1	91	30	100	False	2015-02-28	billboard-200	101	5.522613065326633
5 Seconds Of Summer	1	76	29	91	False	2015-02-21	billboard-200	110	5.9296482412060305
5 Seconds Of Summer	1	63	28	76	False	2015-02-14	billboard-200	125	6.608040201005025
5 Seconds Of Summer	13	143	7	197	False	2015-02-14	billboard-200	4	1.135678391959799
5 Seconds Of Summer	1	55	27	63	False	2015-02-07	billboard-200	138	7.1959798994974875
5 Seconds Of Summer	13	132	6	143	False	2015-02-07	billboard-200	58	3.5778894472361813
5 Seconds Of Summer	1	78	26	55	False	2015-01-31	billboard-200	146	7.557788944723619
5 Seconds Of Summer	13	37	5	132	False	2015-01-31	billboard-200	69	4.075376884422111
5 Seconds Of Summer	13	22	4	37	False	2015-01-24	billboard-200	164	8.371859296482413
5 Seconds Of Summer	1	38	25	78	False	2015-01-24	billboard-200	123	6.517587939698492
5 Seconds Of Summer	13	18	3	22	False	2015-01-17	billboard-200	179	9.050251256281406
5 Seconds Of Summer	1	36	24	38	False	2015-01-17	billboard-200	163	8.326633165829145
5 Seconds Of Summer	13	13	2	18	False	2015-01-10	billboard-200	183	9.231155778894472
5 Seconds Of Summer	1	53	23	36	False	2015-01-10	billboard-200	165	8.417085427135678
5 Seconds Of Summer	13	0	0	13	True	2015-01-03	billboard-200	188	9.457286432160803
5 Seconds Of Summer	1	42	22	53	False	2015-01-03	billboard-200	148	7.648241206030151
5 Seconds Of Summer	1	46	21	42	False	2014-12-27	billboard-200	159	8.145728643216081
5 Seconds Of Summer	1	21	20	46	False	2014-12-20	billboard-200	155	7.964824120603016
5 Seconds Of Summer	1	54	19	21	False	2014-12-13	billboard-200	180	9.095477386934673
5 Seconds Of Summer	1	45	18	54	False	2014-12-06	billboard-200	147	7.603015075376884
5 Seconds Of Summer	1	53	17	45	False	2014-11-29	billboard-200	156	8.010050251256281
5 Seconds Of Summer	1	57	16	53	False	2014-11-22	billboard-200	148	7.648241206030151
5 Seconds Of Summer	1	47	15	57	False	2014-11-15	billboard-200	144	7.467336683417085
5 Seconds Of Summer	1	41	14	47	False	2014-11-08	billboard-200	154	7.919597989949748
5 Seconds Of Summer	1	28	13	41	False	2014-11-01	billboard-200	160	8.190954773869347
5 Seconds Of Summer	1	31	12	28	False	2014-10-25	billboard-200	173	8.77889447236181
5 Seconds Of Summer	1	29	11	31	False	2014-10-18	billboard-200	170	8.64321608040201
5 Seconds Of Summer	1	23	10	29	False	2014-10-11	billboard-200	172	8.733668341708542
5 Seconds Of Summer	2	0	24	200	False	2014-10-11	billboard-200	1	1.0
5 Seconds Of Summer	1	21	9	23	False	2014-10-04	billboard-200	178	9.00502512562814
5 Seconds Of Summer	1	12	8	21	False	2014-09-27	billboard-200	180	9.095477386934673
5 Seconds Of Summer	1	9	7	12	False	2014-09-20	billboard-200	189	9.50251256281407
5 Seconds Of Summer	2	155	23	159	False	2014-09-20	billboard-200	42	2.8542713567839195
5 Seconds Of Summer	1	8	6	9	False	2014-09-13	billboard-200	192	9.63819095477387
5 Seconds Of Summer	2	128	22	155	False	2014-09-13	billboard-200	46	3.035175879396985
5 Seconds Of Summer	1	6	5	8	False	2014-09-06	billboard-200	193	9.683417085427136
5 Seconds Of Summer	2	135	21	128	False	2014-09-06	billboard-200	73	4.256281407035176
5 Seconds Of Summer	1	5	4	6	False	2014-08-30	billboard-200	195	9.773869346733669
5 Seconds Of Summer	2	90	20	135	False	2014-08-30	billboard-200	66	3.9396984924623117
5 Seconds Of Summer	1	4	3	5	False	2014-08-23	billboard-200	196	9.819095477386934
5 Seconds Of Summer	2	73	19	90	False	2014-08-23	billboard-200	111	5.974874371859296
5 Seconds Of Summer	1	1	2	4	False	2014-08-16	billboard-200	197	9.864321608040202
5 Seconds Of Summer	2	56	18	73	False	2014-08-16	billboard-200	128	6.743718592964824
5 Seconds Of Summer	1	1	1	1	False	2014-08-09	billboard-200	200	10.0
5 Seconds Of Summer	2	71	17	56	False	2014-08-09	billboard-200	145	7.5125628140703515
5 Seconds Of Summer	2	61	16	71	False	2014-08-02	billboard-200	130	6.834170854271357
5 Seconds Of Summer	2	54	15	61	False	2014-07-26	billboard-200	140	7.28643216080402
5 Seconds Of Summer	2	49	14	54	False	2014-07-19	billboard-200	147	7.603015075376884
5 Seconds Of Summer	2	50	13	49	False	2014-07-12	billboard-200	152	7.829145728643216
5 Seconds Of Summer	2	54	12	50	False	2014-07-05	billboard-200	151	7.78391959798995
5 Seconds Of Summer	2	48	11	54	False	2014-06-28	billboard-200	147	7.603015075376884
5 Seconds Of Summer	2	39	10	48	False	2014-06-21	billboard-200	153	7.874371859296482
5 Seconds Of Summer	2	46	9	39	False	2014-06-14	billboard-200	162	8.281407035175878
5 Seconds Of Summer	2	41	8	46	False	2014-06-07	billboard-200	155	7.964824120603016
5 Seconds Of Summer	2	32	7	41	False	2014-05-31	billboard-200	160	8.190954773869347
5 Seconds Of Summer	2	27	6	32	False	2014-05-24	billboard-200	169	8.597989949748744
5 Seconds Of Summer	2	12	5	27	False	2014-05-17	billboard-200	174	8.824120603015075
5 Seconds Of Summer	2	9	4	12	False	2014-05-10	billboard-200	189	9.50251256281407
5 Seconds Of Summer	2	3	3	9	False	2014-05-03	billboard-200	192	9.63819095477387
5 Seconds Of Summer	2	2	2	3	False	2014-04-26	billboard-200	198	9.909547738693467
5 Seconds Of Summer	2	0	0	2	True	2014-04-19	billboard-200	199	9.954773869346733
5 Seconds Of Summer	2	10	30	11	False	2019-02-16	radio-songs	40	8.16326530612245
5 Seconds Of Summer	2	10	29	10	False	2019-02-09	radio-songs	41	8.346938775510203
5 Seconds Of Summer	2	10	28	10	False	2019-02-02	radio-songs	41	8.346938775510203
5 Seconds Of Summer	2	9	27	10	False	2019-01-26	radio-songs	41	8.346938775510203
5 Seconds Of Summer	2	8	26	9	False	2019-01-19	radio-songs	42	8.53061224489796
5 Seconds Of Summer	2	9	25	8	False	2019-01-12	radio-songs	43	8.714285714285714
5 Seconds Of Summer	2	8	24	9	False	2019-01-05	radio-songs	42	8.53061224489796
5 Seconds Of Summer	2	7	23	8	False	2018-12-29	radio-songs	43	8.714285714285714
5 Seconds Of Summer	2	4	22	7	False	2018-12-22	radio-songs	44	8.89795918367347
5 Seconds Of Summer	2	3	21	4	False	2018-12-15	radio-songs	47	9.448979591836736
5 Seconds Of Summer	2	4	20	3	False	2018-12-08	radio-songs	48	9.63265306122449
5 Seconds Of Summer	2	4	19	4	False	2018-12-01	radio-songs	47	9.448979591836736
5 Seconds Of Summer	2	2	18	4	False	2018-11-24	radio-songs	47	9.448979591836736
5 Seconds Of Summer	2	2	17	2	False	2018-11-17	radio-songs	49	9.816326530612244
5 Seconds Of Summer	2	2	16	2	False	2018-11-10	radio-songs	49	9.816326530612244
5 Seconds Of Summer	2	3	15	2	False	2018-11-03	radio-songs	49	9.816326530612244
5 Seconds Of Summer	3	3	14	3	False	2018-10-27	radio-songs	48	9.63265306122449
5 Seconds Of Summer	3	3	13	3	False	2018-10-20	radio-songs	48	9.63265306122449
5 Seconds Of Summer	3	3	12	3	False	2018-10-13	radio-songs	48	9.63265306122449
5 Seconds Of Summer	3	5	11	3	False	2018-10-06	radio-songs	48	9.63265306122449
5 Seconds Of Summer	5	7	10	5	False	2018-09-29	radio-songs	46	9.26530612244898
5 Seconds Of Summer	7	8	9	7	False	2018-09-22	radio-songs	44	8.89795918367347
5 Seconds Of Summer	8	11	8	8	False	2018-09-15	radio-songs	43	8.714285714285714
5 Seconds Of Summer	11	12	7	11	False	2018-09-08	radio-songs	40	8.16326530612245
5 Seconds Of Summer	12	17	6	12	False	2018-09-01	radio-songs	39	7.979591836734693
5 Seconds Of Summer	17	23	5	17	False	2018-08-25	radio-songs	34	7.061224489795918
5 Seconds Of Summer	23	30	4	23	False	2018-08-18	radio-songs	28	5.959183673469387
5 Seconds Of Summer	30	38	3	30	False	2018-08-11	radio-songs	21	4.673469387755102
5 Seconds Of Summer	38	45	2	38	False	2018-08-04	radio-songs	13	3.204081632653061
5 Seconds Of Summer	45	0	0	45	True	2018-07-28	radio-songs	6	1.9183673469387754
5 Seconds Of Summer	1	18	14	78	False	2018-10-13	top-album-sales	23	3.0
5 Seconds Of Summer	1	0	13	18	False	2018-10-06	top-album-sales	83	8.454545454545455
5 Seconds Of Summer	1	96	12	57	False	2018-09-15	top-album-sales	44	4.909090909090909
5 Seconds Of Summer	1	58	11	96	False	2018-09-08	top-album-sales	5	1.3636363636363638
5 Seconds Of Summer	1	48	10	58	False	2018-09-01	top-album-sales	43	4.818181818181818
5 Seconds Of Summer	1	29	9	48	False	2018-08-25	top-album-sales	53	5.7272727272727275
5 Seconds Of Summer	1	36	8	29	False	2018-08-18	top-album-sales	72	7.454545454545454
5 Seconds Of Summer	1	25	7	36	False	2018-08-11	top-album-sales	65	6.818181818181818
5 Seconds Of Summer	1	33	6	25	False	2018-08-04	top-album-sales	76	7.818181818181818
5 Seconds Of Summer	1	16	5	33	False	2018-07-28	top-album-sales	68	7.090909090909091
5 Seconds Of Summer	1	12	4	16	False	2018-07-21	top-album-sales	85	8.636363636363637
5 Seconds Of Summer	1	7	3	12	False	2018-07-14	top-album-sales	89	9.0
5 Seconds Of Summer	1	1	2	7	False	2018-07-07	top-album-sales	94	9.454545454545455
5 Seconds Of Summer	1	1	1	1	False	2018-06-30	top-album-sales	100	10.0
5 Seconds Of Summer	1	49	12	99	False	2016-01-30	top-album-sales	2	1.0909090909090908
5 Seconds Of Summer	1	29	11	49	False	2016-01-23	top-album-sales	52	5.636363636363637
5 Seconds Of Summer	1	46	10	29	False	2016-01-16	top-album-sales	72	7.454545454545454
5 Seconds Of Summer	1	45	9	46	False	2016-01-09	top-album-sales	55	5.909090909090908
5 Seconds Of Summer	1	62	8	45	False	2016-01-02	top-album-sales	56	6.0
5 Seconds Of Summer	1	27	7	62	False	2015-12-26	top-album-sales	39	4.454545454545454
5 Seconds Of Summer	1	33	6	27	False	2015-12-19	top-album-sales	74	7.636363636363636
5 Seconds Of Summer	1	30	5	33	False	2015-12-12	top-album-sales	68	7.090909090909091
5 Seconds Of Summer	1	22	4	30	False	2015-12-05	top-album-sales	71	7.363636363636363
5 Seconds Of Summer	1	6	3	22	False	2015-11-28	top-album-sales	79	8.09090909090909
5 Seconds Of Summer	1	1	2	6	False	2015-11-21	top-album-sales	95	9.545454545454545
5 Seconds Of Summer	1	1	1	1	False	2015-11-14	top-album-sales	100	10.0
5 Seconds Of Summer	1	77	27	91	False	2015-02-07	top-album-sales	10	1.8181818181818183
5 Seconds Of Summer	1	47	26	77	False	2015-01-31	top-album-sales	24	3.090909090909091
5 Seconds Of Summer	10	37	5	82	False	2015-01-31	top-album-sales	19	2.6363636363636367
5 Seconds Of Summer	10	20	4	37	False	2015-01-24	top-album-sales	64	6.7272727272727275
5 Seconds Of Summer	1	30	25	47	False	2015-01-24	top-album-sales	54	5.818181818181818
5 Seconds Of Summer	10	18	3	20	False	2015-01-17	top-album-sales	81	8.272727272727273
5 Seconds Of Summer	1	32	24	30	False	2015-01-17	top-album-sales	71	7.363636363636363
5 Seconds Of Summer	10	10	2	18	False	2015-01-10	top-album-sales	83	8.454545454545455
5 Seconds Of Summer	1	45	23	32	False	2015-01-10	top-album-sales	69	7.181818181818182
5 Seconds Of Summer	10	0	0	10	True	2015-01-03	top-album-sales	91	9.181818181818182
5 Seconds Of Summer	1	45	22	45	False	2015-01-03	top-album-sales	56	6.0
5 Seconds Of Summer	1	48	21	45	False	2014-12-27	top-album-sales	56	6.0
5 Seconds Of Summer	1	24	20	48	False	2014-12-20	top-album-sales	53	5.7272727272727275
5 Seconds Of Summer	1	54	19	24	False	2014-12-13	top-album-sales	77	7.909090909090908
5 Seconds Of Summer	1	45	18	54	False	2014-12-06	top-album-sales	47	5.181818181818182
5 Seconds Of Summer	1	53	17	45	False	2014-11-29	top-album-sales	56	6.0
5 Seconds Of Summer	1	57	16	53	False	2014-11-22	top-album-sales	48	5.2727272727272725
5 Seconds Of Summer	1	47	15	57	False	2014-11-15	top-album-sales	44	4.909090909090909
5 Seconds Of Summer	1	41	14	47	False	2014-11-08	top-album-sales	54	5.818181818181818
5 Seconds Of Summer	1	28	13	41	False	2014-11-01	top-album-sales	60	6.363636363636363
5 Seconds Of Summer	1	31	12	28	False	2014-10-25	top-album-sales	73	7.545454545454546
5 Seconds Of Summer	1	29	11	31	False	2014-10-18	top-album-sales	70	7.272727272727273
5 Seconds Of Summer	1	23	10	29	False	2014-10-11	top-album-sales	72	7.454545454545454
5 Seconds Of Summer	1	21	9	23	False	2014-10-04	top-album-sales	78	8.0
5 Seconds Of Summer	1	12	8	21	False	2014-09-27	top-album-sales	80	8.181818181818182
5 Seconds Of Summer	1	9	7	12	False	2014-09-20	top-album-sales	89	9.0
5 Seconds Of Summer	1	8	6	9	False	2014-09-13	top-album-sales	92	9.272727272727273
5 Seconds Of Summer	1	6	5	8	False	2014-09-06	top-album-sales	93	9.363636363636363
5 Seconds Of Summer	1	5	4	6	False	2014-08-30	top-album-sales	95	9.545454545454545
5 Seconds Of Summer	1	4	3	5	False	2014-08-23	top-album-sales	96	9.636363636363637
5 Seconds Of Summer	2	73	19	90	False	2014-08-23	top-album-sales	11	1.9090909090909092
5 Seconds Of Summer	1	1	2	4	False	2014-08-16	top-album-sales	97	9.727272727272727
5 Seconds Of Summer	2	56	18	73	False	2014-08-16	top-album-sales	28	3.454545454545454
5 Seconds Of Summer	1	1	1	1	False	2014-08-09	top-album-sales	100	10.0
5 Seconds Of Summer	2	71	17	56	False	2014-08-09	top-album-sales	45	5.0
5 Seconds Of Summer	2	61	16	71	False	2014-08-02	top-album-sales	30	3.6363636363636362
5 Seconds Of Summer	2	54	15	61	False	2014-07-26	top-album-sales	40	4.545454545454545
5 Seconds Of Summer	2	49	14	54	False	2014-07-19	top-album-sales	47	5.181818181818182
5 Seconds Of Summer	2	50	13	49	False	2014-07-12	top-album-sales	52	5.636363636363637
5 Seconds Of Summer	2	54	12	50	False	2014-07-05	top-album-sales	51	5.545454545454546
5 Seconds Of Summer	2	48	11	54	False	2014-06-28	top-album-sales	47	5.181818181818182
5 Seconds Of Summer	2	39	10	48	False	2014-06-21	top-album-sales	53	5.7272727272727275
5 Seconds Of Summer	2	46	9	39	False	2014-06-14	top-album-sales	62	6.545454545454545
5 Seconds Of Summer	2	41	8	46	False	2014-06-07	top-album-sales	55	5.909090909090908
5 Seconds Of Summer	2	32	7	41	False	2014-05-31	top-album-sales	60	6.363636363636363
5 Seconds Of Summer	2	27	6	32	False	2014-05-24	top-album-sales	69	7.181818181818182
5 Seconds Of Summer	2	12	5	27	False	2014-05-17	top-album-sales	74	7.636363636363636
5 Seconds Of Summer	2	9	4	12	False	2014-05-10	top-album-sales	89	9.0
5 Seconds Of Summer	2	3	3	9	False	2014-05-03	top-album-sales	92	9.272727272727273
5 Seconds Of Summer	2	2	2	3	False	2014-04-26	top-album-sales	98	9.818181818181818
5 Seconds Of Summer	2	0	0	2	True	2014-04-19	top-album-sales	99	9.90909090909091
5 Seconds Of Summer	5	34	33	46	False	2019-02-16	digital-song-sales	5	1.7346938775510203
5 Seconds Of Summer	5	27	32	34	False	2019-02-09	digital-song-sales	17	3.9387755102040813
5 Seconds Of Summer	5	29	31	27	False	2019-02-02	digital-song-sales	24	5.224489795918368
5 Seconds Of Summer	5	24	30	29	False	2019-01-26	digital-song-sales	22	4.857142857142857
5 Seconds Of Summer	5	17	29	24	False	2019-01-19	digital-song-sales	27	5.775510204081633
5 Seconds Of Summer	5	18	28	17	False	2019-01-12	digital-song-sales	34	7.061224489795918
5 Seconds Of Summer	5	26	27	18	False	2019-01-05	digital-song-sales	33	6.877551020408163
5 Seconds Of Summer	5	20	26	26	False	2018-12-29	digital-song-sales	25	5.408163265306122
5 Seconds Of Summer	5	21	25	20	False	2018-12-22	digital-song-sales	31	6.510204081632653
5 Seconds Of Summer	5	16	24	21	False	2018-12-15	digital-song-sales	30	6.326530612244898
5 Seconds Of Summer	5	14	23	16	False	2018-12-08	digital-song-sales	35	7.244897959183674
5 Seconds Of Summer	5	15	22	14	False	2018-12-01	digital-song-sales	37	7.612244897959184
5 Seconds Of Summer	5	12	21	15	False	2018-11-24	digital-song-sales	36	7.428571428571429
5 Seconds Of Summer	5	12	20	12	False	2018-11-17	digital-song-sales	39	7.979591836734693
5 Seconds Of Summer	5	11	19	12	False	2018-11-10	digital-song-sales	39	7.979591836734693
5 Seconds Of Summer	5	12	18	11	False	2018-11-03	digital-song-sales	40	8.16326530612245
5 Seconds Of Summer	5	11	17	12	False	2018-10-27	digital-song-sales	39	7.979591836734693
5 Seconds Of Summer	5	7	16	11	False	2018-10-20	digital-song-sales	40	8.16326530612245
5 Seconds Of Summer	5	6	15	7	False	2018-10-13	digital-song-sales	44	8.89795918367347
5 Seconds Of Summer	5	5	14	6	False	2018-10-06	digital-song-sales	45	9.081632653061224
5 Seconds Of Summer	5	6	13	5	False	2018-09-29	digital-song-sales	46	9.26530612244898
5 Seconds Of Summer	6	7	12	6	False	2018-09-22	digital-song-sales	45	9.081632653061224
5 Seconds Of Summer	6	8	11	7	False	2018-09-15	digital-song-sales	44	8.89795918367347
5 Seconds Of Summer	6	11	10	8	False	2018-09-08	digital-song-sales	43	8.714285714285714
5 Seconds Of Summer	6	6	9	11	False	2018-09-01	digital-song-sales	40	8.16326530612245
5 Seconds Of Summer	6	6	8	6	False	2018-08-25	digital-song-sales	45	9.081632653061224
5 Seconds Of Summer	6	8	7	6	False	2018-08-18	digital-song-sales	45	9.081632653061224
5 Seconds Of Summer	8	12	6	8	False	2018-08-11	digital-song-sales	43	8.714285714285714
5 Seconds Of Summer	12	13	5	12	False	2018-08-04	digital-song-sales	39	7.979591836734693
5 Seconds Of Summer	13	16	4	13	False	2018-07-28	digital-song-sales	38	7.795918367346938
5 Seconds Of Summer	16	33	3	16	False	2018-07-21	digital-song-sales	35	7.244897959183674
5 Seconds Of Summer	33	34	2	33	False	2018-07-14	digital-song-sales	18	4.122448979591837
5 Seconds Of Summer	34	0	0	34	True	2018-07-07	digital-song-sales	17	3.9387755102040813
5 Seconds Of Summer	17	0	0	17	True	2018-03-10	digital-song-sales	34	7.061224489795918
5 Seconds Of Summer	13	0	0	13	True	2016-08-06	digital-song-sales	38	7.795918367346938
5 Seconds Of Summer	39	0	0	39	True	2015-09-19	digital-song-sales	12	3.020408163265306
5 Seconds Of Summer	3	39	7	45	False	2015-09-19	digital-song-sales	6	1.9183673469387754
5 Seconds Of Summer	3	24	6	39	False	2015-09-12	digital-song-sales	12	3.020408163265306
5 Seconds Of Summer	3	35	5	24	False	2015-09-05	digital-song-sales	27	5.775510204081633
5 Seconds Of Summer	35	0	0	35	True	2015-09-05	digital-song-sales	16	3.7551020408163267
5 Seconds Of Summer	3	23	4	35	False	2015-08-29	digital-song-sales	16	3.7551020408163267
5 Seconds Of Summer	3	35	3	23	False	2015-08-22	digital-song-sales	28	5.959183673469387
5 Seconds Of Summer	3	3	2	35	False	2015-08-15	digital-song-sales	16	3.7551020408163267
5 Seconds Of Summer	3	0	0	3	True	2015-08-08	digital-song-sales	48	9.63265306122449
5 Seconds Of Summer	47	0	0	47	True	2014-12-06	digital-song-sales	4	1.5510204081632653
5 Seconds Of Summer	4	33	13	36	False	2014-11-08	digital-song-sales	15	3.571428571428571
5 Seconds Of Summer	4	27	12	33	False	2014-11-01	digital-song-sales	18	4.122448979591837
5 Seconds Of Summer	4	27	11	27	False	2014-10-25	digital-song-sales	24	5.224489795918368
5 Seconds Of Summer	4	22	10	27	False	2014-10-18	digital-song-sales	24	5.224489795918368
5 Seconds Of Summer	4	25	9	22	False	2014-10-11	digital-song-sales	29	6.142857142857142
5 Seconds Of Summer	4	26	8	25	False	2014-10-04	digital-song-sales	26	5.591836734693878
5 Seconds Of Summer	4	21	7	26	False	2014-09-27	digital-song-sales	25	5.408163265306122
5 Seconds Of Summer	4	20	6	21	False	2014-09-20	digital-song-sales	30	6.326530612244898
5 Seconds Of Summer	4	24	5	20	False	2014-09-13	digital-song-sales	31	6.510204081632653
5 Seconds Of Summer	4	30	4	24	False	2014-09-06	digital-song-sales	27	5.775510204081633
5 Seconds Of Summer	4	39	3	30	False	2014-08-30	digital-song-sales	21	4.673469387755102
5 Seconds Of Summer	4	0	2	39	False	2014-08-23	digital-song-sales	12	3.020408163265306
5 Seconds Of Summer	4	0	0	4	True	2014-08-02	digital-song-sales	47	9.448979591836736
5 Seconds Of Summer	14	36	15	49	False	2014-07-26	digital-song-sales	2	1.183673469387755
5 Seconds Of Summer	4	0	0	4	True	2014-07-19	digital-song-sales	47	9.448979591836736
5 Seconds Of Summer	14	26	14	36	False	2014-07-19	digital-song-sales	15	3.571428571428571
5 Seconds Of Summer	14	24	13	26	False	2014-07-12	digital-song-sales	25	5.408163265306122
5 Seconds Of Summer	7	0	0	7	True	2014-07-05	digital-song-sales	44	8.89795918367347
5 Seconds Of Summer	14	23	12	24	False	2014-07-05	digital-song-sales	27	5.775510204081633
5 Seconds Of Summer	14	24	11	23	False	2014-06-28	digital-song-sales	28	5.959183673469387
5 Seconds Of Summer	14	14	10	24	False	2014-06-21	digital-song-sales	27	5.775510204081633
5 Seconds Of Summer	8	0	0	8	True	2014-06-14	digital-song-sales	43	8.714285714285714
5 Seconds Of Summer	14	20	9	14	False	2014-06-14	digital-song-sales	37	7.612244897959184
5 Seconds Of Summer	18	18	8	20	False	2014-06-07	digital-song-sales	31	6.510204081632653
5 Seconds Of Summer	9	0	0	9	True	2014-05-31	digital-song-sales	42	8.53061224489796
5 Seconds Of Summer	18	32	7	18	False	2014-05-31	digital-song-sales	33	6.877551020408163
5 Seconds Of Summer	26	31	6	32	False	2014-05-24	digital-song-sales	19	4.3061224489795915
5 Seconds Of Summer	26	31	5	31	False	2014-05-17	digital-song-sales	20	4.489795918367347
5 Seconds Of Summer	26	37	4	31	False	2014-05-10	digital-song-sales	20	4.489795918367347
5 Seconds Of Summer	26	46	3	37	False	2014-05-03	digital-song-sales	14	3.3877551020408165
5 Seconds Of Summer	26	26	2	46	False	2014-04-26	digital-song-sales	5	1.7346938775510203
5 Seconds Of Summer	26	0	0	26	True	2014-04-19	digital-song-sales	25	5.408163265306122
5 Seconds Of Summer	3	0	0	3	True	2018-06-30	digital-albums	23	9.25
5 Seconds Of Summer	1	1	2	24	False	2015-11-21	digital-albums	2	1.375
5 Seconds Of Summer	1	1	1	1	False	2015-11-14	digital-albums	25	10.0
5 Seconds Of Summer	1	17	14	22	False	2015-01-17	digital-albums	4	2.125
5 Seconds Of Summer	6	6	2	16	False	2015-01-10	digital-albums	10	4.375
5 Seconds Of Summer	1	0	13	17	False	2015-01-10	digital-albums	9	4.0
5 Seconds Of Summer	6	0	0	6	True	2015-01-03	digital-albums	20	8.125
5 Seconds Of Summer	1	25	12	16	False	2014-10-25	digital-albums	10	4.375
5 Seconds Of Summer	1	25	11	25	False	2014-10-18	digital-albums	1	1.0
5 Seconds Of Summer	1	20	10	25	False	2014-10-11	digital-albums	1	1.0
5 Seconds Of Summer	1	25	9	20	False	2014-10-04	digital-albums	6	2.875
5 Seconds Of Summer	1	13	8	25	False	2014-09-27	digital-albums	1	1.0
5 Seconds Of Summer	1	12	7	13	False	2014-09-20	digital-albums	13	5.5
5 Seconds Of Summer	1	6	6	12	False	2014-09-13	digital-albums	14	5.875
5 Seconds Of Summer	1	6	5	6	False	2014-09-06	digital-albums	20	8.125
5 Seconds Of Summer	1	6	4	6	False	2014-08-30	digital-albums	20	8.125
5 Seconds Of Summer	1	5	3	6	False	2014-08-23	digital-albums	20	8.125
5 Seconds Of Summer	1	1	2	5	False	2014-08-16	digital-albums	21	8.5
5 Seconds Of Summer	1	1	1	1	False	2014-08-09	digital-albums	25	10.0
5 Seconds Of Summer	1	12	4	15	False	2014-05-10	digital-albums	11	4.75
5 Seconds Of Summer	1	6	3	12	False	2014-05-03	digital-albums	14	5.875
5 Seconds Of Summer	1	1	2	6	False	2014-04-26	digital-albums	20	8.125
5 Seconds Of Summer	1	1	1	1	False	2014-04-19	digital-albums	25	10.0
5 Seconds Of Summer	1	1	1	1	False	2015-11-14	tastemaker-albums	25	10.0
5 Seconds Of Summer	2	0	152	49	False	2019-02-02	social-50	2	1.183673469387755
5 Seconds Of Summer	2	0	151	22	False	2018-09-08	social-50	29	6.142857142857142
5 Seconds Of Summer	2	11	150	31	False	2018-07-07	social-50	20	4.489795918367347
5 Seconds Of Summer	2	43	149	11	False	2018-06-30	social-50	40	8.16326530612245
5 Seconds Of Summer	2	32	148	43	False	2018-06-23	social-50	8	2.2857142857142856
5 Seconds Of Summer	2	0	147	32	False	2018-06-16	social-50	19	4.3061224489795915
5 Seconds Of Summer	2	0	146	36	False	2018-05-19	social-50	15	3.571428571428571
5 Seconds Of Summer	2	25	145	32	False	2018-04-28	social-50	19	4.3061224489795915
5 Seconds Of Summer	2	0	144	25	False	2018-04-21	social-50	26	5.591836734693878
5 Seconds Of Summer	2	0	143	33	False	2018-04-07	social-50	18	4.122448979591837
5 Seconds Of Summer	2	39	142	33	False	2018-03-24	social-50	18	4.122448979591837
5 Seconds Of Summer	2	26	141	39	False	2018-03-17	social-50	12	3.020408163265306
5 Seconds Of Summer	2	24	140	26	False	2018-03-10	social-50	25	5.408163265306122
5 Seconds Of Summer	2	0	139	24	False	2018-03-03	social-50	27	5.775510204081633
5 Seconds Of Summer	2	0	138	44	False	2017-09-30	social-50	7	2.1020408163265305
5 Seconds Of Summer	2	0	137	38	False	2017-03-11	social-50	13	3.204081632653061
5 Seconds Of Summer	2	0	136	13	False	2016-12-24	social-50	38	7.795918367346938
5 Seconds Of Summer	2	0	135	48	False	2016-11-12	social-50	3	1.3673469387755102
5 Seconds Of Summer	2	14	134	46	False	2016-10-29	social-50	5	1.7346938775510203
5 Seconds Of Summer	2	17	133	14	False	2016-10-22	social-50	37	7.612244897959184
5 Seconds Of Summer	2	16	132	17	False	2016-10-15	social-50	34	7.061224489795918
5 Seconds Of Summer	2	25	131	16	False	2016-10-08	social-50	35	7.244897959183674
5 Seconds Of Summer	2	17	130	25	False	2016-10-01	social-50	26	5.591836734693878
5 Seconds Of Summer	2	16	129	17	False	2016-09-24	social-50	34	7.061224489795918
5 Seconds Of Summer	2	21	128	16	False	2016-09-17	social-50	35	7.244897959183674
5 Seconds Of Summer	2	12	127	21	False	2016-09-10	social-50	30	6.326530612244898
5 Seconds Of Summer	2	26	126	12	False	2016-09-03	social-50	39	7.979591836734693
5 Seconds Of Summer	2	16	125	26	False	2016-08-27	social-50	25	5.408163265306122
5 Seconds Of Summer	2	8	124	16	False	2016-08-20	social-50	35	7.244897959183674
5 Seconds Of Summer	2	6	123	8	False	2016-08-13	social-50	43	8.714285714285714
5 Seconds Of Summer	2	2	122	6	False	2016-08-06	social-50	45	9.081632653061224
5 Seconds Of Summer	2	15	121	2	False	2016-07-30	social-50	49	9.816326530612244
5 Seconds Of Summer	2	15	120	15	False	2016-07-23	social-50	36	7.428571428571429
5 Seconds Of Summer	2	21	119	15	False	2016-07-16	social-50	36	7.428571428571429
5 Seconds Of Summer	2	15	118	21	False	2016-07-09	social-50	30	6.326530612244898
5 Seconds Of Summer	2	8	117	15	False	2016-07-02	social-50	36	7.428571428571429
5 Seconds Of Summer	2	5	116	8	False	2016-06-25	social-50	43	8.714285714285714
5 Seconds Of Summer	2	14	115	5	False	2016-06-18	social-50	46	9.26530612244898
5 Seconds Of Summer	2	7	114	14	False	2016-06-11	social-50	37	7.612244897959184
5 Seconds Of Summer	2	7	113	7	False	2016-06-04	social-50	44	8.89795918367347
5 Seconds Of Summer	2	27	112	7	False	2016-05-28	social-50	44	8.89795918367347
5 Seconds Of Summer	2	9	111	27	False	2016-05-21	social-50	24	5.224489795918368
5 Seconds Of Summer	2	9	110	9	False	2016-05-14	social-50	42	8.53061224489796
5 Seconds Of Summer	2	7	109	9	False	2016-05-07	social-50	42	8.53061224489796
5 Seconds Of Summer	2	13	108	7	False	2016-04-30	social-50	44	8.89795918367347
5 Seconds Of Summer	2	7	107	13	False	2016-04-23	social-50	38	7.795918367346938
5 Seconds Of Summer	2	9	106	7	False	2016-04-16	social-50	44	8.89795918367347
5 Seconds Of Summer	2	20	105	9	False	2016-04-09	social-50	42	8.53061224489796
5 Seconds Of Summer	2	9	104	20	False	2016-04-02	social-50	31	6.510204081632653
5 Seconds Of Summer	2	9	103	9	False	2016-03-26	social-50	42	8.53061224489796
5 Seconds Of Summer	2	17	102	9	False	2016-03-19	social-50	42	8.53061224489796
5 Seconds Of Summer	2	9	101	17	False	2016-03-12	social-50	34	7.061224489795918
5 Seconds Of Summer	2	9	100	9	False	2016-03-05	social-50	42	8.53061224489796
5 Seconds Of Summer	2	28	99	9	False	2016-02-27	social-50	42	8.53061224489796
5 Seconds Of Summer	2	14	98	28	False	2016-02-20	social-50	23	5.040816326530612
5 Seconds Of Summer	2	16	97	14	False	2016-02-13	social-50	37	7.612244897959184
5 Seconds Of Summer	2	21	96	16	False	2016-02-06	social-50	35	7.244897959183674
5 Seconds Of Summer	2	22	95	21	False	2016-01-30	social-50	30	6.326530612244898
5 Seconds Of Summer	2	13	94	22	False	2016-01-23	social-50	29	6.142857142857142
5 Seconds Of Summer	2	18	93	13	False	2016-01-16	social-50	38	7.795918367346938
5 Seconds Of Summer	2	9	92	18	False	2016-01-09	social-50	33	6.877551020408163
5 Seconds Of Summer	2	8	91	9	False	2016-01-02	social-50	42	8.53061224489796
5 Seconds Of Summer	2	9	90	8	False	2015-12-26	social-50	43	8.714285714285714
5 Seconds Of Summer	2	8	89	9	False	2015-12-19	social-50	42	8.53061224489796
5 Seconds Of Summer	2	6	88	8	False	2015-12-12	social-50	43	8.714285714285714
5 Seconds Of Summer	2	10	87	6	False	2015-12-05	social-50	45	9.081632653061224
5 Seconds Of Summer	2	4	86	10	False	2015-11-28	social-50	41	8.346938775510203
5 Seconds Of Summer	2	4	85	4	False	2015-11-21	social-50	47	9.448979591836736
5 Seconds Of Summer	2	2	84	4	False	2015-11-14	social-50	47	9.448979591836736
5 Seconds Of Summer	2	6	83	2	False	2015-11-07	social-50	49	9.816326530612244
5 Seconds Of Summer	2	2	82	6	False	2015-10-31	social-50	45	9.081632653061224
5 Seconds Of Summer	2	2	81	2	False	2015-10-24	social-50	49	9.816326530612244
5 Seconds Of Summer	2	12	80	2	False	2015-10-17	social-50	49	9.816326530612244
5 Seconds Of Summer	2	8	79	12	False	2015-10-10	social-50	39	7.979591836734693
5 Seconds Of Summer	2	9	78	8	False	2015-10-03	social-50	43	8.714285714285714
5 Seconds Of Summer	2	4	77	9	False	2015-09-26	social-50	42	8.53061224489796
5 Seconds Of Summer	2	2	76	4	False	2015-09-19	social-50	47	9.448979591836736
5 Seconds Of Summer	2	6	75	2	False	2015-09-12	social-50	49	9.816326530612244
5 Seconds Of Summer	2	4	74	6	False	2015-09-05	social-50	45	9.081632653061224
5 Seconds Of Summer	2	5	73	4	False	2015-08-29	social-50	47	9.448979591836736
5 Seconds Of Summer	2	8	72	5	False	2015-08-22	social-50	46	9.26530612244898
5 Seconds Of Summer	2	6	71	8	False	2015-08-15	social-50	43	8.714285714285714
5 Seconds Of Summer	2	2	70	6	False	2015-08-08	social-50	45	9.081632653061224
5 Seconds Of Summer	2	10	69	2	False	2015-08-01	social-50	49	9.816326530612244
5 Seconds Of Summer	2	25	68	10	False	2015-07-25	social-50	41	8.346938775510203
5 Seconds Of Summer	2	9	67	25	False	2015-07-18	social-50	26	5.591836734693878
5 Seconds Of Summer	2	19	66	9	False	2015-07-11	social-50	42	8.53061224489796
5 Seconds Of Summer	2	9	65	19	False	2015-07-04	social-50	32	6.6938775510204085
5 Seconds Of Summer	2	34	64	9	False	2015-06-27	social-50	42	8.53061224489796
5 Seconds Of Summer	2	32	63	34	False	2015-06-20	social-50	17	3.9387755102040813
5 Seconds Of Summer	2	31	62	32	False	2015-06-13	social-50	19	4.3061224489795915
5 Seconds Of Summer	2	34	61	31	False	2015-06-06	social-50	20	4.489795918367347
5 Seconds Of Summer	2	25	60	34	False	2015-05-30	social-50	17	3.9387755102040813
5 Seconds Of Summer	2	27	59	25	False	2015-05-23	social-50	26	5.591836734693878
5 Seconds Of Summer	2	40	58	27	False	2015-05-16	social-50	24	5.224489795918368
5 Seconds Of Summer	2	48	57	40	False	2015-05-09	social-50	11	2.836734693877551
5 Seconds Of Summer	2	37	56	48	False	2015-05-02	social-50	3	1.3673469387755102
5 Seconds Of Summer	2	30	55	37	False	2015-04-25	social-50	14	3.3877551020408165
5 Seconds Of Summer	2	19	54	30	False	2015-04-18	social-50	21	4.673469387755102
5 Seconds Of Summer	2	38	53	19	False	2015-04-11	social-50	32	6.6938775510204085
5 Seconds Of Summer	2	8	52	38	False	2015-04-04	social-50	13	3.204081632653061
5 Seconds Of Summer	2	38	51	8	False	2015-03-28	social-50	43	8.714285714285714
5 Seconds Of Summer	2	38	50	38	False	2015-03-21	social-50	13	3.204081632653061
5 Seconds Of Summer	2	42	49	38	False	2015-03-14	social-50	13	3.204081632653061
5 Seconds Of Summer	2	0	48	42	False	2015-03-07	social-50	9	2.4693877551020407
5 Seconds Of Summer	2	42	47	36	False	2015-02-21	social-50	15	3.571428571428571
5 Seconds Of Summer	2	38	46	42	False	2015-02-14	social-50	9	2.4693877551020407
5 Seconds Of Summer	2	31	45	38	False	2015-02-07	social-50	13	3.204081632653061
5 Seconds Of Summer	2	29	44	31	False	2015-01-31	social-50	20	4.489795918367347
5 Seconds Of Summer	2	23	43	29	False	2015-01-24	social-50	22	4.857142857142857
5 Seconds Of Summer	2	20	42	23	False	2015-01-17	social-50	28	5.959183673469387
5 Seconds Of Summer	2	17	41	20	False	2015-01-10	social-50	31	6.510204081632653
5 Seconds Of Summer	2	18	40	17	False	2015-01-03	social-50	34	7.061224489795918
5 Seconds Of Summer	2	10	39	18	False	2014-12-27	social-50	33	6.877551020408163
5 Seconds Of Summer	2	18	38	10	False	2014-12-20	social-50	41	8.346938775510203
5 Seconds Of Summer	2	12	37	18	False	2014-12-13	social-50	33	6.877551020408163
5 Seconds Of Summer	2	8	36	12	False	2014-12-06	social-50	39	7.979591836734693
5 Seconds Of Summer	2	10	35	8	False	2014-11-29	social-50	43	8.714285714285714
5 Seconds Of Summer	2	16	34	10	False	2014-11-22	social-50	41	8.346938775510203
5 Seconds Of Summer	2	11	33	16	False	2014-11-15	social-50	35	7.244897959183674
5 Seconds Of Summer	2	17	32	11	False	2014-11-08	social-50	40	8.16326530612245
5 Seconds Of Summer	2	8	31	17	False	2014-11-01	social-50	34	7.061224489795918
5 Seconds Of Summer	2	11	30	8	False	2014-10-25	social-50	43	8.714285714285714
5 Seconds Of Summer	2	16	29	11	False	2014-10-18	social-50	40	8.16326530612245
5 Seconds Of Summer	2	9	28	16	False	2014-10-11	social-50	35	7.244897959183674
5 Seconds Of Summer	2	8	27	9	False	2014-10-04	social-50	42	8.53061224489796
5 Seconds Of Summer	2	8	26	8	False	2014-09-27	social-50	43	8.714285714285714
5 Seconds Of Summer	2	8	25	8	False	2014-09-20	social-50	43	8.714285714285714
5 Seconds Of Summer	2	9	24	8	False	2014-09-13	social-50	43	8.714285714285714
5 Seconds Of Summer	2	7	23	9	False	2014-09-06	social-50	42	8.53061224489796
5 Seconds Of Summer	2	7	22	7	False	2014-08-30	social-50	44	8.89795918367347
5 Seconds Of Summer	2	5	21	7	False	2014-08-23	social-50	44	8.89795918367347
5 Seconds Of Summer	2	6	20	5	False	2014-08-16	social-50	46	9.26530612244898
5 Seconds Of Summer	2	5	19	6	False	2014-08-09	social-50	45	9.081632653061224
5 Seconds Of Summer	2	8	18	5	False	2014-08-02	social-50	46	9.26530612244898
5 Seconds Of Summer	2	3	17	8	False	2014-07-26	social-50	43	8.714285714285714
5 Seconds Of Summer	2	3	16	3	False	2014-07-19	social-50	48	9.63265306122449
5 Seconds Of Summer	2	2	15	3	False	2014-07-12	social-50	48	9.63265306122449
5 Seconds Of Summer	2	5	14	2	False	2014-07-05	social-50	49	9.816326530612244
5 Seconds Of Summer	2	2	13	5	False	2014-06-28	social-50	46	9.26530612244898
5 Seconds Of Summer	2	6	12	2	False	2014-06-21	social-50	49	9.816326530612244
5 Seconds Of Summer	4	7	11	6	False	2014-06-14	social-50	45	9.081632653061224
5 Seconds Of Summer	4	4	10	7	False	2014-06-07	social-50	44	8.89795918367347
5 Seconds Of Summer	4	23	9	4	False	2014-05-31	social-50	47	9.448979591836736
5 Seconds Of Summer	20	24	8	23	False	2014-05-24	social-50	28	5.959183673469387
5 Seconds Of Summer	20	23	7	24	False	2014-05-17	social-50	27	5.775510204081633
5 Seconds Of Summer	20	20	6	23	False	2014-05-10	social-50	28	5.959183673469387
5 Seconds Of Summer	20	21	5	20	False	2014-05-03	social-50	31	6.510204081632653
5 Seconds Of Summer	21	23	4	21	False	2014-04-26	social-50	30	6.326530612244898
5 Seconds Of Summer	22	22	3	23	False	2014-04-19	social-50	28	5.959183673469387
5 Seconds Of Summer	22	25	2	22	False	2014-04-12	social-50	29	6.142857142857142
5 Seconds Of Summer	25	0	0	25	True	2014-04-05	social-50	26	5.591836734693878
5 Seconds Of Summer	13	0	0	13	True	2018-06-30	vinyl-albums	13	5.5
5 Seconds Of Summer	3	12	3	12	False	2015-11-28	vinyl-albums	14	5.875
5 Seconds Of Summer	3	3	2	12	False	2015-11-21	vinyl-albums	14	5.875
5 Seconds Of Summer	3	0	0	3	True	2015-11-14	vinyl-albums	23	9.25
5 Seconds Of Summer	23	0	26	49	False	2019-02-09	on-demand-songs	2	1.183673469387755
5 Seconds Of Summer	23	26	25	31	False	2019-01-26	on-demand-songs	20	4.489795918367347
5 Seconds Of Summer	23	27	24	26	False	2019-01-19	on-demand-songs	25	5.408163265306122
5 Seconds Of Summer	23	0	23	27	False	2019-01-12	on-demand-songs	24	5.224489795918368
5 Seconds Of Summer	23	46	22	40	False	2018-12-01	on-demand-songs	11	2.836734693877551
5 Seconds Of Summer	23	41	21	46	False	2018-11-24	on-demand-songs	5	1.7346938775510203
5 Seconds Of Summer	23	38	20	41	False	2018-11-17	on-demand-songs	10	2.6530612244897958
5 Seconds Of Summer	23	45	19	38	False	2018-11-10	on-demand-songs	13	3.204081632653061
5 Seconds Of Summer	23	36	18	45	False	2018-11-03	on-demand-songs	6	1.9183673469387754
5 Seconds Of Summer	23	43	17	36	False	2018-10-27	on-demand-songs	15	3.571428571428571
5 Seconds Of Summer	23	48	16	43	False	2018-10-20	on-demand-songs	8	2.2857142857142856
5 Seconds Of Summer	23	28	15	48	False	2018-10-13	on-demand-songs	3	1.3673469387755102
5 Seconds Of Summer	23	29	14	28	False	2018-10-06	on-demand-songs	23	5.040816326530612
5 Seconds Of Summer	23	28	13	29	False	2018-09-29	on-demand-songs	22	4.857142857142857
5 Seconds Of Summer	23	36	12	28	False	2018-09-22	on-demand-songs	23	5.040816326530612
5 Seconds Of Summer	23	24	11	36	False	2018-09-15	on-demand-songs	15	3.571428571428571
5 Seconds Of Summer	23	28	10	24	False	2018-09-08	on-demand-songs	27	5.775510204081633
5 Seconds Of Summer	23	31	9	28	False	2018-09-01	on-demand-songs	23	5.040816326530612
5 Seconds Of Summer	23	37	8	31	False	2018-08-25	on-demand-songs	20	4.489795918367347
5 Seconds Of Summer	23	24	7	37	False	2018-08-18	on-demand-songs	14	3.3877551020408165
5 Seconds Of Summer	23	23	6	24	False	2018-08-11	on-demand-songs	27	5.775510204081633
5 Seconds Of Summer	23	27	5	23	False	2018-08-04	on-demand-songs	28	5.959183673469387
5 Seconds Of Summer	27	0	4	27	False	2018-07-28	on-demand-songs	24	5.224489795918368
5 Seconds Of Summer	28	28	3	33	False	2018-07-07	on-demand-songs	18	4.122448979591837
5 Seconds Of Summer	28	49	2	28	False	2018-06-30	on-demand-songs	23	5.040816326530612
5 Seconds Of Summer	49	0	0	49	True	2018-06-23	on-demand-songs	2	1.183673469387755
5 Seconds Of Summer	42	0	4	42	False	2015-09-12	on-demand-songs	9	2.4693877551020407
5 Seconds Of Summer	45	0	3	50	False	2015-08-29	on-demand-songs	1	1.0
5 Seconds Of Summer	45	45	2	49	False	2015-08-15	on-demand-songs	2	1.183673469387755
5 Seconds Of Summer	45	0	0	45	True	2015-08-08	on-demand-songs	6	1.9183673469387754
5 Seconds Of Summer	22	40	12	45	False	2014-11-29	on-demand-songs	6	1.9183673469387754
5 Seconds Of Summer	22	36	11	40	False	2014-11-22	on-demand-songs	11	2.836734693877551
5 Seconds Of Summer	22	30	10	36	False	2014-11-15	on-demand-songs	15	3.571428571428571
5 Seconds Of Summer	22	26	9	30	False	2014-11-08	on-demand-songs	21	4.673469387755102
5 Seconds Of Summer	22	23	8	26	False	2014-11-01	on-demand-songs	25	5.408163265306122
5 Seconds Of Summer	22	22	7	23	False	2014-10-25	on-demand-songs	28	5.959183673469387
5 Seconds Of Summer	22	23	6	22	False	2014-10-18	on-demand-songs	29	6.142857142857142
5 Seconds Of Summer	23	28	5	23	False	2014-10-11	on-demand-songs	28	5.959183673469387
5 Seconds Of Summer	27	27	4	28	False	2014-10-04	on-demand-songs	23	5.040816326530612
5 Seconds Of Summer	27	28	3	27	False	2014-09-27	on-demand-songs	24	5.224489795918368
5 Seconds Of Summer	28	36	2	28	False	2014-09-20	on-demand-songs	23	5.040816326530612
5 Seconds Of Summer	36	0	0	36	True	2014-09-13	on-demand-songs	15	3.571428571428571
5 Seconds Of Summer	18	43	17	41	False	2014-09-13	on-demand-songs	10	2.6530612244897958
5 Seconds Of Summer	18	44	16	43	False	2014-09-06	on-demand-songs	8	2.2857142857142856
5 Seconds Of Summer	18	0	15	44	False	2014-08-30	on-demand-songs	7	2.1020408163265305
5 Seconds Of Summer	18	22	14	24	False	2014-08-16	on-demand-songs	27	5.775510204081633
5 Seconds Of Summer	18	24	13	22	False	2014-08-09	on-demand-songs	29	6.142857142857142
5 Seconds Of Summer	18	26	12	24	False	2014-08-02	on-demand-songs	27	5.775510204081633
5 Seconds Of Summer	18	22	11	26	False	2014-07-26	on-demand-songs	25	5.408163265306122
5 Seconds Of Summer	18	20	10	22	False	2014-07-19	on-demand-songs	29	6.142857142857142
5 Seconds Of Summer	18	18	9	20	False	2014-07-12	on-demand-songs	31	6.510204081632653
5 Seconds Of Summer	18	18	8	18	False	2014-07-05	on-demand-songs	33	6.877551020408163
5 Seconds Of Summer	18	19	7	18	False	2014-06-28	on-demand-songs	33	6.877551020408163
5 Seconds Of Summer	19	21	6	19	False	2014-06-21	on-demand-songs	32	6.6938775510204085
5 Seconds Of Summer	21	24	5	21	False	2014-06-14	on-demand-songs	30	6.326530612244898
5 Seconds Of Summer	24	33	4	24	False	2014-06-07	on-demand-songs	27	5.775510204081633
5 Seconds Of Summer	31	31	3	33	False	2014-05-31	on-demand-songs	18	4.122448979591837
5 Seconds Of Summer	31	37	2	31	False	2014-05-24	on-demand-songs	20	4.489795918367347
5 Seconds Of Summer	37	0	0	37	True	2014-05-17	on-demand-songs	14	3.3877551020408165
5 Seconds Of Summer	25	41	27	43	False	2019-02-16	streaming-songs	8	2.2857142857142856
5 Seconds Of Summer	25	39	26	41	False	2019-02-09	streaming-songs	10	2.6530612244897958
5 Seconds Of Summer	25	28	25	39	False	2019-02-02	streaming-songs	12	3.020408163265306
5 Seconds Of Summer	25	25	24	28	False	2019-01-26	streaming-songs	23	5.040816326530612
5 Seconds Of Summer	25	25	23	25	False	2019-01-19	streaming-songs	26	5.591836734693878
5 Seconds Of Summer	25	0	22	25	False	2019-01-12	streaming-songs	26	5.591836734693878
5 Seconds Of Summer	27	40	21	48	False	2018-12-08	streaming-songs	3	1.3673469387755102
5 Seconds Of Summer	27	44	20	40	False	2018-12-01	streaming-songs	11	2.836734693877551
5 Seconds Of Summer	27	40	19	44	False	2018-11-24	streaming-songs	7	2.1020408163265305
5 Seconds Of Summer	27	36	18	40	False	2018-11-17	streaming-songs	11	2.836734693877551
5 Seconds Of Summer	27	36	17	36	False	2018-11-10	streaming-songs	15	3.571428571428571
5 Seconds Of Summer	27	35	16	36	False	2018-11-03	streaming-songs	15	3.571428571428571
5 Seconds Of Summer	27	41	15	35	False	2018-10-27	streaming-songs	16	3.7551020408163267
5 Seconds Of Summer	27	47	14	41	False	2018-10-20	streaming-songs	10	2.6530612244897958
5 Seconds Of Summer	27	34	13	47	False	2018-10-13	streaming-songs	4	1.5510204081632653
5 Seconds Of Summer	27	35	12	34	False	2018-10-06	streaming-songs	17	3.9387755102040813
5 Seconds Of Summer	27	30	11	35	False	2018-09-29	streaming-songs	16	3.7551020408163267
5 Seconds Of Summer	27	37	10	30	False	2018-09-22	streaming-songs	21	4.673469387755102
5 Seconds Of Summer	27	29	9	37	False	2018-09-15	streaming-songs	14	3.3877551020408165
5 Seconds Of Summer	27	29	8	29	False	2018-09-08	streaming-songs	22	4.857142857142857
5 Seconds Of Summer	27	27	7	29	False	2018-09-01	streaming-songs	22	4.857142857142857
5 Seconds Of Summer	27	40	6	27	False	2018-08-25	streaming-songs	24	5.224489795918368
5 Seconds Of Summer	30	30	5	40	False	2018-08-18	streaming-songs	11	2.836734693877551
5 Seconds Of Summer	30	31	4	30	False	2018-08-11	streaming-songs	21	4.673469387755102
5 Seconds Of Summer	31	35	3	31	False	2018-08-04	streaming-songs	20	4.489795918367347
5 Seconds Of Summer	35	0	2	35	False	2018-07-28	streaming-songs	16	3.7551020408163267
5 Seconds Of Summer	49	0	0	49	True	2018-06-30	streaming-songs	2	1.183673469387755
5 Seconds Of Summer	37	37	3	46	False	2015-08-29	streaming-songs	5	1.7346938775510203
5 Seconds Of Summer	37	0	2	37	False	2015-08-22	streaming-songs	14	3.3877551020408165
5 Seconds Of Summer	41	0	0	41	True	2015-08-08	streaming-songs	10	2.6530612244897958
5 Seconds Of Summer	33	40	12	47	False	2014-11-01	streaming-songs	4	1.5510204081632653
5 Seconds Of Summer	33	35	11	40	False	2014-10-25	streaming-songs	11	2.836734693877551
5 Seconds Of Summer	33	33	10	35	False	2014-10-18	streaming-songs	16	3.7551020408163267
5 Seconds Of Summer	33	34	9	33	False	2014-10-11	streaming-songs	18	4.122448979591837
5 Seconds Of Summer	34	36	8	34	False	2014-10-04	streaming-songs	17	3.9387755102040813
5 Seconds Of Summer	34	35	7	36	False	2014-09-27	streaming-songs	15	3.571428571428571
5 Seconds Of Summer	34	34	6	35	False	2014-09-20	streaming-songs	16	3.7551020408163267
5 Seconds Of Summer	34	41	5	34	False	2014-09-13	streaming-songs	17	3.9387755102040813
5 Seconds Of Summer	17	50	18	50	False	2014-09-13	streaming-songs	1	1.0
5 Seconds Of Summer	41	49	4	41	False	2014-09-06	streaming-songs	10	2.6530612244897958
5 Seconds Of Summer	17	48	17	50	False	2014-09-06	streaming-songs	1	1.0
5 Seconds Of Summer	17	50	16	48	False	2014-08-30	streaming-songs	3	1.3673469387755102
5 Seconds Of Summer	43	49	3	49	False	2014-08-30	streaming-songs	2	1.183673469387755
5 Seconds Of Summer	43	43	2	49	False	2014-08-23	streaming-songs	2	1.183673469387755
5 Seconds Of Summer	17	36	15	50	False	2014-08-23	streaming-songs	1	1.0
5 Seconds Of Summer	17	32	14	36	False	2014-08-16	streaming-songs	15	3.571428571428571
5 Seconds Of Summer	43	0	0	43	True	2014-08-16	streaming-songs	8	2.2857142857142856
5 Seconds Of Summer	17	35	13	32	False	2014-08-09	streaming-songs	19	4.3061224489795915
5 Seconds Of Summer	17	33	12	35	False	2014-08-02	streaming-songs	16	3.7551020408163267
5 Seconds Of Summer	17	32	11	33	False	2014-07-26	streaming-songs	18	4.122448979591837
5 Seconds Of Summer	17	26	10	32	False	2014-07-19	streaming-songs	19	4.3061224489795915
5 Seconds Of Summer	17	23	9	26	False	2014-07-12	streaming-songs	25	5.408163265306122
5 Seconds Of Summer	17	24	8	23	False	2014-07-05	streaming-songs	28	5.959183673469387
5 Seconds Of Summer	17	21	7	24	False	2014-06-28	streaming-songs	27	5.775510204081633
5 Seconds Of Summer	17	17	6	21	False	2014-06-21	streaming-songs	30	6.326530612244898
5 Seconds Of Summer	17	24	5	17	False	2014-06-14	streaming-songs	34	7.061224489795918
5 Seconds Of Summer	24	30	4	24	False	2014-06-07	streaming-songs	27	5.775510204081633
5 Seconds Of Summer	30	32	3	30	False	2014-05-31	streaming-songs	21	4.673469387755102
5 Seconds Of Summer	32	43	2	32	False	2014-05-24	streaming-songs	19	4.3061224489795915
5 Seconds Of Summer	43	0	0	43	True	2014-05-17	streaming-songs	8	2.2857142857142856
5 Seconds Of Summer	1	48	97	47	False	2019-02-09	artist-100	54	5.818181818181818
5 Seconds Of Summer	1	44	96	48	False	2019-02-02	artist-100	53	5.7272727272727275
5 Seconds Of Summer	1	40	95	44	False	2019-01-26	artist-100	57	6.090909090909091
5 Seconds Of Summer	1	39	94	40	False	2019-01-19	artist-100	61	6.454545454545455
5 Seconds Of Summer	1	37	93	39	False	2019-01-12	artist-100	62	6.545454545454545
5 Seconds Of Summer	1	52	92	37	False	2019-01-05	artist-100	64	6.7272727272727275
5 Seconds Of Summer	1	46	91	52	False	2018-12-29	artist-100	49	5.363636363636363
5 Seconds Of Summer	1	40	90	46	False	2018-12-22	artist-100	55	5.909090909090908
5 Seconds Of Summer	1	33	89	40	False	2018-12-15	artist-100	61	6.454545454545455
5 Seconds Of Summer	1	31	88	33	False	2018-12-08	artist-100	68	7.090909090909091
5 Seconds Of Summer	1	32	87	31	False	2018-12-01	artist-100	70	7.272727272727273
5 Seconds Of Summer	1	26	86	32	False	2018-11-24	artist-100	69	7.181818181818182
5 Seconds Of Summer	1	25	85	26	False	2018-11-17	artist-100	75	7.7272727272727275
5 Seconds Of Summer	1	31	84	25	False	2018-11-10	artist-100	76	7.818181818181818
5 Seconds Of Summer	1	27	83	31	False	2018-11-03	artist-100	70	7.272727272727273
5 Seconds Of Summer	1	28	82	27	False	2018-10-27	artist-100	74	7.636363636363636
5 Seconds Of Summer	1	20	81	28	False	2018-10-20	artist-100	73	7.545454545454546
5 Seconds Of Summer	1	19	80	20	False	2018-10-13	artist-100	81	8.272727272727273
5 Seconds Of Summer	1	21	79	19	False	2018-10-06	artist-100	82	8.363636363636363
5 Seconds Of Summer	1	26	78	21	False	2018-09-29	artist-100	80	8.181818181818182
5 Seconds Of Summer	1	23	77	26	False	2018-09-22	artist-100	75	7.7272727272727275
5 Seconds Of Summer	1	21	76	23	False	2018-09-15	artist-100	78	8.0
5 Seconds Of Summer	1	28	75	21	False	2018-09-08	artist-100	80	8.181818181818182
5 Seconds Of Summer	1	28	74	28	False	2018-09-01	artist-100	73	7.545454545454546
5 Seconds Of Summer	1	28	73	28	False	2018-08-25	artist-100	73	7.545454545454546
5 Seconds Of Summer	1	31	72	28	False	2018-08-18	artist-100	73	7.545454545454546
5 Seconds Of Summer	1	36	71	31	False	2018-08-11	artist-100	70	7.272727272727273
5 Seconds Of Summer	1	39	70	36	False	2018-08-04	artist-100	65	6.818181818181818
5 Seconds Of Summer	1	36	69	39	False	2018-07-28	artist-100	62	6.545454545454545
5 Seconds Of Summer	1	41	68	36	False	2018-07-21	artist-100	65	6.818181818181818
5 Seconds Of Summer	1	25	67	41	False	2018-07-14	artist-100	60	6.363636363636363
5 Seconds Of Summer	1	2	66	25	False	2018-07-07	artist-100	76	7.818181818181818
5 Seconds Of Summer	1	0	65	2	False	2018-06-30	artist-100	99	9.90909090909091
5 Seconds Of Summer	1	0	64	88	False	2018-04-28	artist-100	13	2.090909090909091
5 Seconds Of Summer	1	0	63	66	False	2018-03-10	artist-100	35	4.090909090909091
5 Seconds Of Summer	1	0	62	36	False	2016-12-24	artist-100	65	6.818181818181818
5 Seconds Of Summer	1	50	61	89	False	2016-08-13	artist-100	12	2.0
5 Seconds Of Summer	1	83	60	50	False	2016-08-06	artist-100	51	5.545454545454546
5 Seconds Of Summer	1	0	59	83	False	2016-07-30	artist-100	18	2.5454545454545454
5 Seconds Of Summer	1	0	58	94	False	2016-06-18	artist-100	7	1.5454545454545454
5 Seconds Of Summer	1	100	57	100	False	2016-03-05	artist-100	1	1.0
5 Seconds Of Summer	1	0	56	100	False	2016-02-27	artist-100	1	1.0
5 Seconds Of Summer	1	48	55	81	False	2016-01-23	artist-100	20	2.727272727272727
5 Seconds Of Summer	1	0	54	48	False	2016-01-16	artist-100	53	5.7272727272727275
5 Seconds Of Summer	1	72	53	63	False	2016-01-02	artist-100	38	4.363636363636363
5 Seconds Of Summer	1	48	52	72	False	2015-12-26	artist-100	29	3.5454545454545454
5 Seconds Of Summer	1	53	51	48	False	2015-12-19	artist-100	53	5.7272727272727275
5 Seconds Of Summer	1	57	50	53	False	2015-12-12	artist-100	48	5.2727272727272725
5 Seconds Of Summer	1	43	49	57	False	2015-12-05	artist-100	44	4.909090909090909
5 Seconds Of Summer	1	22	48	43	False	2015-11-28	artist-100	58	6.1818181818181825
5 Seconds Of Summer	1	2	47	22	False	2015-11-21	artist-100	79	8.09090909090909
5 Seconds Of Summer	1	0	46	2	False	2015-11-14	artist-100	99	9.90909090909091
5 Seconds Of Summer	1	38	45	42	False	2015-10-24	artist-100	59	6.2727272727272725
5 Seconds Of Summer	1	72	44	38	False	2015-10-17	artist-100	63	6.636363636363637
5 Seconds Of Summer	1	63	43	72	False	2015-10-10	artist-100	29	3.5454545454545454
5 Seconds Of Summer	1	48	42	63	False	2015-10-03	artist-100	38	4.363636363636363
5 Seconds Of Summer	1	17	41	48	False	2015-09-26	artist-100	53	5.7272727272727275
5 Seconds Of Summer	1	16	40	17	False	2015-09-19	artist-100	84	8.545454545454545
5 Seconds Of Summer	1	19	39	16	False	2015-09-12	artist-100	85	8.636363636363637
5 Seconds Of Summer	1	26	38	19	False	2015-09-05	artist-100	82	8.363636363636363
5 Seconds Of Summer	1	26	37	26	False	2015-08-29	artist-100	75	7.7272727272727275
5 Seconds Of Summer	1	42	36	26	False	2015-08-22	artist-100	75	7.7272727272727275
5 Seconds Of Summer	1	13	35	42	False	2015-08-15	artist-100	59	6.2727272727272725
5 Seconds Of Summer	1	58	34	13	False	2015-08-08	artist-100	88	8.90909090909091
5 Seconds Of Summer	1	0	33	58	False	2015-08-01	artist-100	43	4.818181818181818
5 Seconds Of Summer	1	0	32	94	False	2015-03-28	artist-100	7	1.5454545454545454
5 Seconds Of Summer	1	75	31	95	False	2015-02-14	artist-100	6	1.4545454545454546
5 Seconds Of Summer	1	68	30	75	False	2015-02-07	artist-100	26	3.272727272727273
5 Seconds Of Summer	1	44	29	68	False	2015-01-31	artist-100	33	3.909090909090909
5 Seconds Of Summer	1	28	28	44	False	2015-01-24	artist-100	57	6.090909090909091
5 Seconds Of Summer	1	20	27	28	False	2015-01-17	artist-100	73	7.545454545454546
5 Seconds Of Summer	1	24	26	20	False	2015-01-10	artist-100	81	8.272727272727273
5 Seconds Of Summer	1	73	25	24	False	2015-01-03	artist-100	77	7.909090909090908
5 Seconds Of Summer	1	68	24	73	False	2014-12-27	artist-100	28	3.454545454545454
5 Seconds Of Summer	1	40	23	68	False	2014-12-20	artist-100	33	3.909090909090909
5 Seconds Of Summer	1	36	22	40	False	2014-12-13	artist-100	61	6.454545454545455
5 Seconds Of Summer	1	40	21	36	False	2014-12-06	artist-100	65	6.818181818181818
5 Seconds Of Summer	1	35	20	40	False	2014-11-29	artist-100	61	6.454545454545455
5 Seconds Of Summer	1	40	19	35	False	2014-11-22	artist-100	66	6.909090909090909
5 Seconds Of Summer	1	32	18	40	False	2014-11-15	artist-100	61	6.454545454545455
5 Seconds Of Summer	1	25	17	32	False	2014-11-08	artist-100	69	7.181818181818182
5 Seconds Of Summer	1	18	16	25	False	2014-11-01	artist-100	76	7.818181818181818
5 Seconds Of Summer	1	24	15	18	False	2014-10-25	artist-100	83	8.454545454545455
5 Seconds Of Summer	1	18	14	24	False	2014-10-18	artist-100	77	7.909090909090908
5 Seconds Of Summer	1	23	13	18	False	2014-10-11	artist-100	83	8.454545454545455
5 Seconds Of Summer	1	20	12	23	False	2014-10-04	artist-100	78	8.0
5 Seconds Of Summer	1	16	11	20	False	2014-09-27	artist-100	81	8.272727272727273
5 Seconds Of Summer	1	14	10	16	False	2014-09-20	artist-100	85	8.636363636363637
5 Seconds Of Summer	1	10	9	14	False	2014-09-13	artist-100	87	8.818181818181818
5 Seconds Of Summer	1	8	8	10	False	2014-09-06	artist-100	91	9.181818181818182
5 Seconds Of Summer	1	6	7	8	False	2014-08-30	artist-100	93	9.363636363636363
5 Seconds Of Summer	1	6	6	6	False	2014-08-23	artist-100	95	9.545454545454545
5 Seconds Of Summer	1	1	5	6	False	2014-08-16	artist-100	95	9.545454545454545
5 Seconds Of Summer	1	6	4	1	False	2014-08-09	artist-100	100	10.0
5 Seconds Of Summer	6	25	3	6	False	2014-08-02	artist-100	95	9.545454545454545
5 Seconds Of Summer	8	8	2	25	False	2014-07-26	artist-100	76	7.818181818181818
5 Seconds Of Summer	7	0	2	7	False	2018-11-17	lyricfind-global	19	7.75
5 Seconds Of Summer	23	0	0	23	True	2018-09-29	lyricfind-global	3	1.75
5 Seconds Of Summer	14	0	0	14	True	2018-06-30	lyricfind-global	12	5.125
5 Seconds Of Summer	10	10	2	23	False	2018-06-30	lyricfind-global	3	1.75
5 Seconds Of Summer	10	0	0	10	True	2018-06-23	lyricfind-global	16	6.625
5 Seconds Of Summer	5	12	3	19	False	2015-12-12	lyricfind-global	7	3.25
5 Seconds Of Summer	5	5	2	12	False	2015-12-05	lyricfind-global	14	5.875
5 Seconds Of Summer	5	0	0	5	True	2015-11-28	lyricfind-global	21	8.5
5 Seconds Of Summer	8	10	3	15	False	2015-11-28	lyricfind-global	11	4.75
5 Seconds Of Summer	8	8	2	10	False	2015-11-21	lyricfind-global	16	6.625
5 Seconds Of Summer	21	23	2	21	False	2015-11-21	lyricfind-global	5	2.5
5 Seconds Of Summer	8	0	0	8	True	2015-11-14	lyricfind-global	18	7.375
5 Seconds Of Summer	10	0	0	10	True	2015-11-14	lyricfind-global	16	6.625
5 Seconds Of Summer	14	0	0	14	True	2015-11-14	lyricfind-global	12	5.125
5 Seconds Of Summer	23	0	0	23	True	2015-11-14	lyricfind-global	3	1.75
5 Seconds Of Summer	7	0	0	7	True	2018-11-17	lyricfind-us	19	7.75
5 Seconds Of Summer	12	0	0	12	True	2018-06-30	lyricfind-us	14	5.875
5 Seconds Of Summer	8	8	2	20	False	2018-06-30	lyricfind-us	6	2.875
5 Seconds Of Summer	8	0	0	8	True	2018-06-23	lyricfind-us	18	7.375
