artist	peakPos	lastPos	weeks	rank	isNew	date	chart	rankScore	rankScaled
Sebastian Yatra	192	0	0	192	True	2018-06-02	billboard-200	9	1.3618090452261307
Sebastian Yatra	86	0	0	86	True	2018-06-02	top-album-sales	15	2.2727272727272725
Sebastian Yatra	27	39	5	48	False	2019-02-09	social-50	3	1.3673469387755102
Sebastian Yatra	27	0	4	39	False	2019-02-02	social-50	12	3.020408163265306
Sebastian Yatra	27	0	3	34	False	2018-10-13	social-50	17	3.9387755102040813
Sebastian Yatra	27	27	2	41	False	2018-06-09	social-50	10	2.6530612244897958
Sebastian Yatra	27	0	0	27	True	2018-06-02	social-50	24	5.224489795918368
Sebastian Yatra	10	17	2	10	False	2019-02-09	youtube	16	6.625
Sebastian Yatra	17	0	0	17	True	2019-02-02	youtube	9	4.0
Sebastian Yatra	4	14	7	16	False	2018-11-10	youtube	10	4.375
Sebastian Yatra	4	0	6	14	False	2018-10-27	youtube	12	5.125
Sebastian Yatra	20	23	2	20	False	2018-10-20	youtube	6	2.875
Sebastian Yatra	23	0	0	23	True	2018-10-13	youtube	3	1.75
Sebastian Yatra	4	6	5	9	False	2018-09-22	youtube	17	7.0
Sebastian Yatra	4	6	4	6	False	2018-09-15	youtube	20	8.125
Sebastian Yatra	4	6	3	6	False	2018-09-08	youtube	20	8.125
Sebastian Yatra	4	4	2	6	False	2018-09-01	youtube	20	8.125
Sebastian Yatra	4	0	0	4	True	2018-08-25	youtube	22	8.875
Sebastian Yatra	10	10	2	24	False	2018-05-12	youtube	2	1.375
Sebastian Yatra	10	0	0	10	True	2018-05-05	youtube	16	6.625
Sebastian Yatra	19	19	2	23	False	2018-04-21	youtube	3	1.75
Sebastian Yatra	19	0	0	19	True	2018-04-14	youtube	7	3.25
Sebastian Yatra	16	0	0	16	True	2018-03-31	youtube	10	4.375
Sebastian Yatra	12	14	3	21	False	2018-03-03	youtube	5	2.5
Sebastian Yatra	12	12	2	14	False	2018-02-24	youtube	12	5.125
Sebastian Yatra	12	0	0	12	True	2018-02-17	youtube	14	5.875
Sebastian Yatra	18	18	17	22	False	2018-01-13	youtube	4	2.125
Sebastian Yatra	18	20	16	18	False	2018-01-06	youtube	8	3.625
Sebastian Yatra	19	22	15	20	False	2018-01-03	youtube	6	2.875
Sebastian Yatra	19	19	14	22	False	2017-12-30	youtube	4	2.125
Sebastian Yatra	19	19	13	19	False	2017-12-23	youtube	7	3.25
Sebastian Yatra	19	22	12	19	False	2017-12-16	youtube	7	3.25
Sebastian Yatra	19	24	11	22	False	2017-12-09	youtube	4	2.125
Sebastian Yatra	19	22	10	24	False	2017-12-02	youtube	2	1.375
Sebastian Yatra	19	22	9	22	False	2017-11-25	youtube	4	2.125
Sebastian Yatra	19	22	8	22	False	2017-11-18	youtube	4	2.125
Sebastian Yatra	19	19	7	22	False	2017-11-11	youtube	4	2.125
Sebastian Yatra	19	22	6	19	False	2017-11-04	youtube	7	3.25
Sebastian Yatra	21	21	5	22	False	2017-10-28	youtube	4	2.125
Sebastian Yatra	21	23	4	21	False	2017-10-21	youtube	5	2.5
Sebastian Yatra	21	21	3	23	False	2017-10-14	youtube	3	1.75
Sebastian Yatra	21	24	2	21	False	2017-10-07	youtube	5	2.5
Sebastian Yatra	24	0	0	24	True	2017-09-30	youtube	2	1.375
Sebastian Yatra	17	24	4	25	False	2017-09-02	lyricfind-global	1	1.0
Sebastian Yatra	17	19	3	24	False	2017-08-26	lyricfind-global	2	1.375
Sebastian Yatra	17	17	2	19	False	2017-08-19	lyricfind-global	7	3.25
Sebastian Yatra	17	0	0	17	True	2017-08-12	lyricfind-global	9	4.0
Sebastian Yatra	12	15	5	18	False	2017-09-09	lyricfind-us	8	3.625
Sebastian Yatra	12	18	4	15	False	2017-09-02	lyricfind-us	11	4.75
Sebastian Yatra	12	14	3	18	False	2017-08-26	lyricfind-us	8	3.625
Sebastian Yatra	12	12	2	14	False	2017-08-19	lyricfind-us	12	5.125
Sebastian Yatra	12	0	0	12	True	2017-08-12	lyricfind-us	14	5.875
