ego_label	ego_name	artist_label	artist_name	release_date	total
20JZFwl6HVl6yg8a4H3ZqK	Panic! At The Disco	5nCi3BB41mBaMH9gfr6Su0	fun.	2011-05-17	1
20JZFwl6HVl6yg8a4H3ZqK	Panic! At The Disco	0H0OkFxp022WOyKlt3HmlA	LOLO	2013-07-15	1
20JZFwl6HVl6yg8a4H3ZqK	Panic! At The Disco	0H0OkFxp022WOyKlt3HmlA	LOLO	2013-10-04	1
20JZFwl6HVl6yg8a4H3ZqK	Panic! At The Disco	4AGwPDdh1y8hochNzHy5HC	RAC	2016-05-06	1
20JZFwl6HVl6yg8a4H3ZqK	Panic! At The Disco	7G7KvDCLdVG0Ok511Iqc9U	Disco Fries	2016-12-02	1
20JZFwl6HVl6yg8a4H3ZqK	Panic! At The Disco	62Jfwxon19ZOT9eSL6bvtY	Sweater Beats	2018-08-24	1
20JZFwl6HVl6yg8a4H3ZqK	Panic! At The Disco	1mOUOvOOaoTF2b3kDjrety	White Panda	2018-09-28	1
20JZFwl6HVl6yg8a4H3ZqK	Panic! At The Disco	1l2ekx5skC4gJH8djERwh1	Don Diablo	2019-01-11	1
