ego_label	ego_name	artist_label	artist_name	release_date	total
0Y5tJX1MQlPlqiwlOH1tJY	Travis Scott	17lzZA2AlOHwCwFALHttmp	2 Chainz	2013-04-19	1
0Y5tJX1MQlPlqiwlOH1tJY	Travis Scott	4OBJLual30L7gRl5UkeRcT	T.I.	2013-04-19	1
0Y5tJX1MQlPlqiwlOH1tJY	Travis Scott	20sxb77xiYeusSH8cVdatc	Meek Mill	2013-09-22	1
0Y5tJX1MQlPlqiwlOH1tJY	Travis Scott	0k7Xl1pqI3tu8sSEjo5oEg	Paul Wall	2013-09-22	1
0Y5tJX1MQlPlqiwlOH1tJY	Travis Scott	4EMtGVFvfCSrEmWaGV0roE	Theophilus London	2013-09-22	1
0Y5tJX1MQlPlqiwlOH1tJY	Travis Scott	67nwj3Y5sZQLl72VNUHEYE	Wale	2013-09-22	1
0Y5tJX1MQlPlqiwlOH1tJY	Travis Scott	0c173mlxpT3dSFRgMO8XPh	Big Sean	2014-07-11	1
0Y5tJX1MQlPlqiwlOH1tJY	Travis Scott	3mIj9lX2MWuHmhNCA7LSCW	The 1975	2014-07-11	1
0Y5tJX1MQlPlqiwlOH1tJY	Travis Scott	5lHRUCqkQZCIWeX7xG4sYT	Rich Homie Quan	2014-12-02	1
0Y5tJX1MQlPlqiwlOH1tJY	Travis Scott	50co4Is1HCEo8bhOyUWKpn	Young Thug	2014-12-02	1
0Y5tJX1MQlPlqiwlOH1tJY	Travis Scott	50co4Is1HCEo8bhOyUWKpn	Young Thug	2014-12-16	1
0Y5tJX1MQlPlqiwlOH1tJY	Travis Scott	17lzZA2AlOHwCwFALHttmp	2 Chainz	2015-06-08	1
0Y5tJX1MQlPlqiwlOH1tJY	Travis Scott	1RyvyyTE3xzB2ZywiAwp0i	Future	2015-06-08	1
0Y5tJX1MQlPlqiwlOH1tJY	Travis Scott	5K4W6rqBFWDnAN6FQUkS6x	Kanye West	2015-09-01	1
0Y5tJX1MQlPlqiwlOH1tJY	Travis Scott	17lzZA2AlOHwCwFALHttmp	2 Chainz	2015-09-04	1
0Y5tJX1MQlPlqiwlOH1tJY	Travis Scott	15iVAtD3s3FsQR4w1v6M0P	Chief Keef	2015-09-04	1
0Y5tJX1MQlPlqiwlOH1tJY	Travis Scott	1RyvyyTE3xzB2ZywiAwp0i	Future	2015-09-04	1
0Y5tJX1MQlPlqiwlOH1tJY	Travis Scott	5gCRApTajqwbnHHPbr2Fpi	Juicy J	2015-09-04	1
0Y5tJX1MQlPlqiwlOH1tJY	Travis Scott	1uNFoZAHBGtllmzznpCI3s	Justin Bieber	2015-09-04	1
0Y5tJX1MQlPlqiwlOH1tJY	Travis Scott	4dYQmk5ma04mZ1KJ9KkAQK	Kacy Hill	2015-09-04	1
0Y5tJX1MQlPlqiwlOH1tJY	Travis Scott	5K4W6rqBFWDnAN6FQUkS6x	Kanye West	2015-09-04	1
0Y5tJX1MQlPlqiwlOH1tJY	Travis Scott	0VRj0yCOv2FXJNP47XQnx5	Quavo	2015-09-04	1
0Y5tJX1MQlPlqiwlOH1tJY	Travis Scott	5IcR3N7QB1j6KBL8eImZ8m	ScHoolboy Q	2015-09-04	1
0Y5tJX1MQlPlqiwlOH1tJY	Travis Scott	1zNqQNIdeOUZHb8zbZRFMX	Swae Lee	2015-09-04	1
0Y5tJX1MQlPlqiwlOH1tJY	Travis Scott	1Xyo4u8uXC1ZmMpatF05PJ	The Weeknd	2015-09-04	1
0Y5tJX1MQlPlqiwlOH1tJY	Travis Scott	6O4EGCCb6DoIiR6B1QCQgp	Toro y Moi	2015-09-04	1
0Y5tJX1MQlPlqiwlOH1tJY	Travis Scott	50co4Is1HCEo8bhOyUWKpn	Young Thug	2015-09-04	1
0Y5tJX1MQlPlqiwlOH1tJY	Travis Scott	20sxb77xiYeusSH8cVdatc	Meek Mill	2015-09-10	1
0Y5tJX1MQlPlqiwlOH1tJY	Travis Scott	1RyvyyTE3xzB2ZywiAwp0i	Future	2016-01-08	1
0Y5tJX1MQlPlqiwlOH1tJY	Travis Scott	1kL0BHzMRcqMVNQ6VWznRZ	J-Willz	2016-01-08	1
0Y5tJX1MQlPlqiwlOH1tJY	Travis Scott	5K4W6rqBFWDnAN6FQUkS6x	Kanye West	2018-05-04	1
0Y5tJX1MQlPlqiwlOH1tJY	Travis Scott	4O15NlyKLIASxsJ0PrXPfz	Lil Uzi Vert	2018-05-04	1
0Y5tJX1MQlPlqiwlOH1tJY	Travis Scott	2YZyLoL8N0Wb9xBt1NhZWg	Kendrick Lamar	2018-10-12	1
0Y5tJX1MQlPlqiwlOH1tJY	Travis Scott	5he5w2lnU9x7JFhnwcekXX	Skrillex	2018-11-28	1
