ego_label	ego_name	artist_label	artist_name	release_date	total
3TVXtAsR1Inumwj472S9r4	Drake	45a6gCQWq61lIUDmr1tKuO	Bun B	2009-01-01	1
3TVXtAsR1Inumwj472S9r4	Drake	7dGJo4pcD2V6oG8kP0tJRR	Eminem	2009-01-01	3
3TVXtAsR1Inumwj472S9r4	Drake	4yBK75WVCQXej1p04GWqxH	Jeezy	2009-01-01	1
3TVXtAsR1Inumwj472S9r4	Drake	5K4W6rqBFWDnAN6FQUkS6x	Kanye West	2009-01-01	3
3TVXtAsR1Inumwj472S9r4	Drake	55Aa2cqylxrFIXC767Z865	Lil Wayne	2009-01-01	6
3TVXtAsR1Inumwj472S9r4	Drake	7dGJo4pcD2V6oG8kP0tJRR	Eminem	2009-05-15	1
3TVXtAsR1Inumwj472S9r4	Drake	5K4W6rqBFWDnAN6FQUkS6x	Kanye West	2009-05-15	1
3TVXtAsR1Inumwj472S9r4	Drake	55Aa2cqylxrFIXC767Z865	Lil Wayne	2009-05-15	1
3TVXtAsR1Inumwj472S9r4	Drake	3DiDSECUqqY1AuBP8qtaIa	Alicia Keys	2010-01-01	1
3TVXtAsR1Inumwj472S9r4	Drake	3nFkdlSjzX9mRTtwJOzDYB	JAY Z	2010-01-01	1
3TVXtAsR1Inumwj472S9r4	Drake	4yBK75WVCQXej1p04GWqxH	Jeezy	2010-01-01	1
3TVXtAsR1Inumwj472S9r4	Drake	55Aa2cqylxrFIXC767Z865	Lil Wayne	2010-01-01	1
3TVXtAsR1Inumwj472S9r4	Drake	0hCNtLu0JehylgoiP8L4Gh	Nicki Minaj	2010-01-01	1
3TVXtAsR1Inumwj472S9r4	Drake	2cADQgiLMjNhbsfeN52Bf3	Swizz Beatz	2010-01-01	1
3TVXtAsR1Inumwj472S9r4	Drake	4OBJLual30L7gRl5UkeRcT	T.I.	2010-01-01	1
3TVXtAsR1Inumwj472S9r4	Drake	1W3FSF1BLpY3hlVIgvenLz	The-Dream	2010-01-01	1
3TVXtAsR1Inumwj472S9r4	Drake	148gSU64dLtxbEp1ZAg1Nu	Soulja Red	2010-02-09	1
3TVXtAsR1Inumwj472S9r4	Drake	74V3dE1a51skRkdII8y2C6	André 3000	2011-01-01	1
3TVXtAsR1Inumwj472S9r4	Drake	35sCXuy5gN6Or69rZ9vqBs	Birdman	2011-01-01	1
3TVXtAsR1Inumwj472S9r4	Drake	2YZyLoL8N0Wb9xBt1NhZWg	Kendrick Lamar	2011-01-01	1
3TVXtAsR1Inumwj472S9r4	Drake	55Aa2cqylxrFIXC767Z865	Lil Wayne	2011-01-01	3
3TVXtAsR1Inumwj472S9r4	Drake	0hCNtLu0JehylgoiP8L4Gh	Nicki Minaj	2011-01-01	3
3TVXtAsR1Inumwj472S9r4	Drake	1sBkRIssrMs1AbVkOJbc7a	Rick Ross	2011-01-01	1
3TVXtAsR1Inumwj472S9r4	Drake	5pKCCKE2ajJHZ9KAiaK11H	Rihanna	2011-01-01	1
3TVXtAsR1Inumwj472S9r4	Drake	2cADQgiLMjNhbsfeN52Bf3	Swizz Beatz	2011-01-01	1
3TVXtAsR1Inumwj472S9r4	Drake	4OBJLual30L7gRl5UkeRcT	T.I.	2011-01-01	1
3TVXtAsR1Inumwj472S9r4	Drake	1Xyo4u8uXC1ZmMpatF05PJ	The Weeknd	2011-01-01	1
3TVXtAsR1Inumwj472S9r4	Drake	4yBK75WVCQXej1p04GWqxH	Jeezy	2012-05-07	1
3TVXtAsR1Inumwj472S9r4	Drake	17lzZA2AlOHwCwFALHttmp	2 Chainz	2013-01-01	1
3TVXtAsR1Inumwj472S9r4	Drake	0c173mlxpT3dSFRgMO8XPh	Big Sean	2013-01-01	1
3TVXtAsR1Inumwj472S9r4	Drake	4sglKanXuoU0gqGYP3wiNv	Detail	2013-01-01	2
3TVXtAsR1Inumwj472S9r4	Drake	3nFkdlSjzX9mRTtwJOzDYB	JAY Z	2013-01-01	2
3TVXtAsR1Inumwj472S9r4	Drake	5ZS223C6JyBfXasXxrRqOk	Jhene Aiko	2013-01-01	2
3TVXtAsR1Inumwj472S9r4	Drake	4HzKw8XcD0piJmDrrPRCYk	Majid Jordan	2013-01-01	2
3TVXtAsR1Inumwj472S9r4	Drake	2WoVwexZuODvclzULjPQtm	Sampha	2013-01-01	2
3TVXtAsR1Inumwj472S9r4	Drake	55Aa2cqylxrFIXC767Z865	Lil Wayne	2015-02-12	1
3TVXtAsR1Inumwj472S9r4	Drake	2HPaUgqeutzr3jx5a9WyDV	PARTYNEXTDOOR	2015-02-12	2
3TVXtAsR1Inumwj472S9r4	Drake	0Y5tJX1MQlPlqiwlOH1tJY	Travis Scott	2015-02-12	1
3TVXtAsR1Inumwj472S9r4	Drake	1RyvyyTE3xzB2ZywiAwp0i	Future	2015-09-20	9
3TVXtAsR1Inumwj472S9r4	Drake	7bkdi7f1mxyYxWcBlwON4s	The Throne	2016-04-04	1
3TVXtAsR1Inumwj472S9r4	Drake	7e1ICztHM2Sc4JNLxeMXYl	dvsn	2016-05-06	2
3TVXtAsR1Inumwj472S9r4	Drake	1RyvyyTE3xzB2ZywiAwp0i	Future	2016-05-06	2
3TVXtAsR1Inumwj472S9r4	Drake	77DAFfvm3O9zT5dIoG0eIO	Kyla	2016-05-06	2
3TVXtAsR1Inumwj472S9r4	Drake	2HPaUgqeutzr3jx5a9WyDV	PARTYNEXTDOOR	2016-05-06	2
3TVXtAsR1Inumwj472S9r4	Drake	7v9bFXCdSMA2o3gS4nvp0F	Pimp C	2016-05-06	2
3TVXtAsR1Inumwj472S9r4	Drake	5pKCCKE2ajJHZ9KAiaK11H	Rihanna	2016-05-06	2
3TVXtAsR1Inumwj472S9r4	Drake	3tVQdUvClmAT7URs9V3rsp	WizKid	2016-05-06	2
3TVXtAsR1Inumwj472S9r4	Drake	17lzZA2AlOHwCwFALHttmp	2 Chainz	2017-03-18	1
3TVXtAsR1Inumwj472S9r4	Drake	6wMr4zKPrrR0UVz08WtUWc	Black Coffee	2017-03-18	1
3TVXtAsR1Inumwj472S9r4	Drake	3S0tlB4fE7ChxI2pWz8Xip	Giggs	2017-03-18	2
3TVXtAsR1Inumwj472S9r4	Drake	1CoZyIx7UvdxT5c8UkMzHd	Jorja Smith	2017-03-18	1
3TVXtAsR1Inumwj472S9r4	Drake	5K4W6rqBFWDnAN6FQUkS6x	Kanye West	2017-03-18	1
3TVXtAsR1Inumwj472S9r4	Drake	2HPaUgqeutzr3jx5a9WyDV	PARTYNEXTDOOR	2017-03-18	1
3TVXtAsR1Inumwj472S9r4	Drake	0VRj0yCOv2FXJNP47XQnx5	Quavo	2017-03-18	1
3TVXtAsR1Inumwj472S9r4	Drake	2WoVwexZuODvclzULjPQtm	Sampha	2017-03-18	1
3TVXtAsR1Inumwj472S9r4	Drake	0Y5tJX1MQlPlqiwlOH1tJY	Travis Scott	2017-03-18	1
3TVXtAsR1Inumwj472S9r4	Drake	50co4Is1HCEo8bhOyUWKpn	Young Thug	2017-03-18	2
3TVXtAsR1Inumwj472S9r4	Drake	3nFkdlSjzX9mRTtwJOzDYB	JAY Z	2018-06-29	1
3TVXtAsR1Inumwj472S9r4	Drake	3fMbdgg4jU18AjLCKBhRSm	Michael Jackson	2018-06-29	1
3TVXtAsR1Inumwj472S9r4	Drake	3pbi8H08p95NUZ7m6ybxUV	Static Major	2018-06-29	1
3TVXtAsR1Inumwj472S9r4	Drake	7c0XG5cIJTrrAgEC3ULPiq	Ty Dolla $ign	2018-06-29	1
