id	ego_label	ego_name	artist_label	artist_name	release_date	total
4vhNDa5ycK0ST968ek7kRr	Carlos Vives	3CPpjVwhB303sfCCPMPsDu	Ivan Benavides	2006-09-15	1
4vhNDa5ycK0ST968ek7kRr	Carlos Vives	1ejHa0Njpvuq8rYdw41Au0	Khumbula	2011-01-01	1
4vhNDa5ycK0ST968ek7kRr	Carlos Vives	6XFITTl7cFTdopDY3lUdlY	J Alvarez	2013-01-28	1
4vhNDa5ycK0ST968ek7kRr	Carlos Vives	2mi9HBpuOnJGhganiPOdbs	Alan Rosales	2013-04-01	1
4vhNDa5ycK0ST968ek7kRr	Carlos Vives	1E2ZsvpZKP4qMPNARv36W5	Gocho	2013-04-01	1
4vhNDa5ycK0ST968ek7kRr	Carlos Vives	5y2nLK6kmWioPeK3yZvXAY	Manu Morales	2013-04-01	1
4vhNDa5ycK0ST968ek7kRr	Carlos Vives	1sDVuztNhGcetCLChkleDA	Michel Teló	2013-04-01	3
4vhNDa5ycK0ST968ek7kRr	Carlos Vives	6iruqoplIhH7VmvMQV1wDM	Toy Selectah	2013-04-01	1
4vhNDa5ycK0ST968ek7kRr	Carlos Vives	1JAk98r1t50BVglMNC9Nny	A&X & Link-On	2013-04-21	1
4vhNDa5ycK0ST968ek7kRr	Carlos Vives	1sDVuztNhGcetCLChkleDA	Michel Teló	2013-04-21	3
4vhNDa5ycK0ST968ek7kRr	Carlos Vives	7npqy7rgdX2D3yfVyWExKo	Angel Y Khriz	2013-11-05	2
4vhNDa5ycK0ST968ek7kRr	Carlos Vives	0fuEzqNxSprqSv18ngJtpT	Gonzalo Lopez	2013-11-05	2
4vhNDa5ycK0ST968ek7kRr	Carlos Vives	6tkyhGe9hGI3Lcfo4gVh6Z	ChocQuibTown	2014-03-03	1
4vhNDa5ycK0ST968ek7kRr	Carlos Vives	73Tg5BxH6c3D3C6qIrkrmB	David Correy	2014-04-15	1
4vhNDa5ycK0ST968ek7kRr	Carlos Vives	4wLXwxDeWQ8mtUIRPxGiD6	Marc Anthony	2014-04-28	1
4vhNDa5ycK0ST968ek7kRr	Carlos Vives	73Tg5BxH6c3D3C6qIrkrmB	David Correy	2014-05-12	1
4vhNDa5ycK0ST968ek7kRr	Carlos Vives	6tkyhGe9hGI3Lcfo4gVh6Z	ChocQuibTown	2014-05-13	1
4vhNDa5ycK0ST968ek7kRr	Carlos Vives	73Tg5BxH6c3D3C6qIrkrmB	David Correy	2014-05-13	1
4vhNDa5ycK0ST968ek7kRr	Carlos Vives	5kn7l4yaJxtNhj583LmL9L	Gaby Amarantos	2014-05-13	1
4vhNDa5ycK0ST968ek7kRr	Carlos Vives	4wLXwxDeWQ8mtUIRPxGiD6	Marc Anthony	2014-05-13	1
4vhNDa5ycK0ST968ek7kRr	Carlos Vives	4EU2koSlyxLmiyslykCis5	Monobloco	2014-05-13	2
4vhNDa5ycK0ST968ek7kRr	Carlos Vives	4wLXwxDeWQ8mtUIRPxGiD6	Marc Anthony	2014-07-21	2
4vhNDa5ycK0ST968ek7kRr	Carlos Vives	4wLXwxDeWQ8mtUIRPxGiD6	Marc Anthony	2014-08-12	2
4vhNDa5ycK0ST968ek7kRr	Carlos Vives	6tkyhGe9hGI3Lcfo4gVh6Z	ChocQuibTown	2014-11-18	1
4vhNDa5ycK0ST968ek7kRr	Carlos Vives	1r4hJ1h58CWwUQe3MxPuau	Maluma	2015-02-24	1
4vhNDa5ycK0ST968ek7kRr	Carlos Vives	56WwKhBsxrWjpwXvJVLAjZ	Andrea Echeverri	2015-08-07	1
4vhNDa5ycK0ST968ek7kRr	Carlos Vives	6tkyhGe9hGI3Lcfo4gVh6Z	ChocQuibTown	2015-08-07	1
4vhNDa5ycK0ST968ek7kRr	Carlos Vives	4yLRkOFGOz0zUlQ2AkjzAm	Cholo Valderrama	2015-08-07	1
4vhNDa5ycK0ST968ek7kRr	Carlos Vives	0Ker0l1n6dzgGNgz3igStF	Coral Group	2015-08-07	1
4vhNDa5ycK0ST968ek7kRr	Carlos Vives	6GRC8segVAr34gm6pjfSoQ	Fanny Lu	2015-08-07	1
4vhNDa5ycK0ST968ek7kRr	Carlos Vives	53KTldaJ8tHSkYU3nigfwP	Fonseca	2015-08-07	1
4vhNDa5ycK0ST968ek7kRr	Carlos Vives	3aeY1LxKK63GRg7tmI8UVa	Herencia de Timbiqui	2015-08-07	1
4vhNDa5ycK0ST968ek7kRr	Carlos Vives	1r4hJ1h58CWwUQe3MxPuau	Maluma	2015-08-07	1
4vhNDa5ycK0ST968ek7kRr	Carlos Vives	1r4hJ1h58CWwUQe3MxPuau	Maluma	2016-08-09	1
4vhNDa5ycK0ST968ek7kRr	Carlos Vives	1r4hJ1h58CWwUQe3MxPuau	Maluma	2016-08-19	1
4vhNDa5ycK0ST968ek7kRr	Carlos Vives	0EmeFodog0BfCgMzAIvKQp	Shakira	2016-08-19	3
4vhNDa5ycK0ST968ek7kRr	Carlos Vives	6tkyhGe9hGI3Lcfo4gVh6Z	ChocQuibTown	2016-12-09	2
4vhNDa5ycK0ST968ek7kRr	Carlos Vives	4yLRkOFGOz0zUlQ2AkjzAm	Cholo Valderrama	2016-12-09	1
4vhNDa5ycK0ST968ek7kRr	Carlos Vives	4VMYDCV2IEDYJArk749S6m	Daddy Yankee	2016-12-09	1
4vhNDa5ycK0ST968ek7kRr	Carlos Vives	6GRC8segVAr34gm6pjfSoQ	Fanny Lu	2016-12-09	1
4vhNDa5ycK0ST968ek7kRr	Carlos Vives	53KTldaJ8tHSkYU3nigfwP	Fonseca	2016-12-09	1
4vhNDa5ycK0ST968ek7kRr	Carlos Vives	7GMRarEViKQmiTUMFZtrfe	Gusi	2016-12-09	1
4vhNDa5ycK0ST968ek7kRr	Carlos Vives	3aeY1LxKK63GRg7tmI8UVa	Herencia de Timbiqui	2016-12-09	1
4vhNDa5ycK0ST968ek7kRr	Carlos Vives	1RF7XDsk6Su1qdIJoXa0Qm	Jorge Hyman Archbold	2016-12-09	1
4vhNDa5ycK0ST968ek7kRr	Carlos Vives	1r4hJ1h58CWwUQe3MxPuau	Maluma	2016-12-09	2
4vhNDa5ycK0ST968ek7kRr	Carlos Vives	1sDVuztNhGcetCLChkleDA	Michel Teló	2016-12-09	1
4vhNDa5ycK0ST968ek7kRr	Carlos Vives	3E6xrwgnVfYCrCs0ePERDz	Wisin	2016-12-09	1
4vhNDa5ycK0ST968ek7kRr	Carlos Vives	3E6xrwgnVfYCrCs0ePERDz	Wisin	2017-03-24	1
4vhNDa5ycK0ST968ek7kRr	Carlos Vives	0EmeFodog0BfCgMzAIvKQp	Shakira	2017-05-26	1
4vhNDa5ycK0ST968ek7kRr	Carlos Vives	09nkYcH1g1Yq6hgLXMoWOF	Dúo Huellas	2017-06-20	1
4vhNDa5ycK0ST968ek7kRr	Carlos Vives	2KZ1FfVWn4eVsh9NFn2vrJ	Eduardo Arias	2017-06-20	1
4vhNDa5ycK0ST968ek7kRr	Carlos Vives	5R78uxRzEnzKWnnoMzOkWW	Karl Troller	2017-06-20	1
4vhNDa5ycK0ST968ek7kRr	Carlos Vives	0ZmLQD0JMILG9pXpHLTfaw	Cynthia Montaño	2017-11-10	1
4vhNDa5ycK0ST968ek7kRr	Carlos Vives	2aSbTnwgEMnlXQRN4aZ5qW	Elena Vives	2017-11-10	1
4vhNDa5ycK0ST968ek7kRr	Carlos Vives	6xx9qZgvt1b1X2D0fohJAn	Río Grande Music School Chorus	2017-11-10	1
4vhNDa5ycK0ST968ek7kRr	Carlos Vives	07YUOmWljBTXwIseAUd9TW	Sebastian Yatra	2017-11-10	1
4vhNDa5ycK0ST968ek7kRr	Carlos Vives	0EmeFodog0BfCgMzAIvKQp	Shakira	2017-11-10	1
4vhNDa5ycK0ST968ek7kRr	Carlos Vives	23wEWD21D4TPYiJugoXmYb	Thalía	2017-11-10	1
4vhNDa5ycK0ST968ek7kRr	Carlos Vives	6tiRwsuega5ughhQTyta7A	Alfonso Zuleta	2018-04-06	1
4vhNDa5ycK0ST968ek7kRr	Carlos Vives	6dexNK5MjEL8UvmA5MjSgg	Felipe Peláez	2018-04-06	1
4vhNDa5ycK0ST968ek7kRr	Carlos Vives	0gudLEFCyMFIBCt1EQaMh7	Ivan Villazon	2018-04-06	1
4vhNDa5ycK0ST968ek7kRr	Carlos Vives	7rNbdH4pgrnwguvzxhA2Ek	Jorge Celedón	2018-04-06	1
4vhNDa5ycK0ST968ek7kRr	Carlos Vives	36nvA2snEFUkDbg5qI0ZiG	Jorge Oñate	2018-04-06	1
4vhNDa5ycK0ST968ek7kRr	Carlos Vives	5p1D7KgsRRcS9gpQyRARrL	Peter Manjarrés	2018-04-06	1
4vhNDa5ycK0ST968ek7kRr	Carlos Vives	3OcvS8PzSGYMBvLdzY6g3e	Silvestre Dangond	2018-04-06	1
4vhNDa5ycK0ST968ek7kRr	Carlos Vives	4xYpn9uFxh8aFPM08Zf5IK	Martin Elías	2018-05-01	1
4vhNDa5ycK0ST968ek7kRr	Carlos Vives	0EmeFodog0BfCgMzAIvKQp	Shakira	2018-05-25	1
4vhNDa5ycK0ST968ek7kRr	Carlos Vives	7MP4jhYmFEgb0AtiOkw55s	Play-N-Skillz	2018-08-10	1
