ego_label	ego_name	artist_label	artist_name	release_date	total
2YZyLoL8N0Wb9xBt1NhZWg	Kendrick Lamar	0g9vAlRPK9Gt3FKCekk4TW	Ab-Soul	2010-09-14	1
2YZyLoL8N0Wb9xBt1NhZWg	Kendrick Lamar	1Cgtal24kmBtCcRjM6GTno	Ash Riser	2010-09-14	1
2YZyLoL8N0Wb9xBt1NhZWg	Kendrick Lamar	07d5etnpjriczFBB8pxmRe	BJ The Chicago Kid	2010-09-14	1
2YZyLoL8N0Wb9xBt1NhZWg	Kendrick Lamar	3s8alQfNnY0roAHaJh7Xxt	Dom Kennedy	2010-09-14	1
2YZyLoL8N0Wb9xBt1NhZWg	Kendrick Lamar	2PMP4OQ9NlNV6eVxGPRH01	Javonte	2010-09-14	1
2YZyLoL8N0Wb9xBt1NhZWg	Kendrick Lamar	5ZS223C6JyBfXasXxrRqOk	Jhene Aiko	2010-09-14	1
2YZyLoL8N0Wb9xBt1NhZWg	Kendrick Lamar	2dWF6m2ksP9GN75fufFp16	Murs	2010-09-14	1
2YZyLoL8N0Wb9xBt1NhZWg	Kendrick Lamar	5IcR3N7QB1j6KBL8eImZ8m	ScHoolboy Q	2010-09-14	1
2YZyLoL8N0Wb9xBt1NhZWg	Kendrick Lamar	3s8alQfNnY0roAHaJh7Xxt	Dom Kennedy	2010-11-22	1
2YZyLoL8N0Wb9xBt1NhZWg	Kendrick Lamar	2dWF6m2ksP9GN75fufFp16	Murs	2010-11-22	1
2YZyLoL8N0Wb9xBt1NhZWg	Kendrick Lamar	28ExwzUQsvgJooOI0X1mr3	Jay Rock	2011-08-16	1
2YZyLoL8N0Wb9xBt1NhZWg	Kendrick Lamar	0N41KJ4H6bkPAm2tx7VS8C	Anna Wise	2012-01-01	2
2YZyLoL8N0Wb9xBt1NhZWg	Kendrick Lamar	6DPYiyq5kWVQS4RGwxzPC7	Dr. Dre	2012-01-01	3
2YZyLoL8N0Wb9xBt1NhZWg	Kendrick Lamar	3TVXtAsR1Inumwj472S9r4	Drake	2012-01-01	2
2YZyLoL8N0Wb9xBt1NhZWg	Kendrick Lamar	7sfgqEdoeBTjd8lQsPT3Cy	Emeli Sandé	2012-01-01	2
2YZyLoL8N0Wb9xBt1NhZWg	Kendrick Lamar	28ExwzUQsvgJooOI0X1mr3	Jay Rock	2012-01-01	2
2YZyLoL8N0Wb9xBt1NhZWg	Kendrick Lamar	3nFkdlSjzX9mRTtwJOzDYB	JAY Z	2012-01-01	2
2YZyLoL8N0Wb9xBt1NhZWg	Kendrick Lamar	1XkoF8ryArs86LZvFOkbyr	Mary J. Blige	2012-01-01	1
2YZyLoL8N0Wb9xBt1NhZWg	Kendrick Lamar	4XqfpACObRB5AsBcUYjL8X	MC Eiht	2012-01-01	2
2YZyLoL8N0Wb9xBt1NhZWg	Kendrick Lamar	1Ah5AeHBzgy2b4u6sJtkLg	Nitty Scott	2012-08-28	1
2YZyLoL8N0Wb9xBt1NhZWg	Kendrick Lamar	0N41KJ4H6bkPAm2tx7VS8C	Anna Wise	2015-03-16	2
2YZyLoL8N0Wb9xBt1NhZWg	Kendrick Lamar	4jCbgl5Dmt3uOh8WRQfpPs	Bilal	2015-03-16	2
2YZyLoL8N0Wb9xBt1NhZWg	Kendrick Lamar	2GVBp7QyHckoOg7rYkLvrA	George Clinton	2015-03-16	1
2YZyLoL8N0Wb9xBt1NhZWg	Kendrick Lamar	5ooSG9S0glqP5ZrqqaHBvT	James Fauntleroy	2015-03-16	1
2YZyLoL8N0Wb9xBt1NhZWg	Kendrick Lamar	6NL31G53xThQXkFs7lDpL5	Rapsody	2015-03-16	1
2YZyLoL8N0Wb9xBt1NhZWg	Kendrick Lamar	6W9RUw7xnNRYtgh8dimg7L	Ronald Isley	2015-03-16	1
2YZyLoL8N0Wb9xBt1NhZWg	Kendrick Lamar	7hJcb9fa4alzcOq3EaNPoG	Snoop Dogg	2015-03-16	1
2YZyLoL8N0Wb9xBt1NhZWg	Kendrick Lamar	4frXpPxQQZwbCu3eTGnZEw	Thundercat	2015-03-16	2
2YZyLoL8N0Wb9xBt1NhZWg	Kendrick Lamar	0N41KJ4H6bkPAm2tx7VS8C	Anna Wise	2015-10-16	1
2YZyLoL8N0Wb9xBt1NhZWg	Kendrick Lamar	4jCbgl5Dmt3uOh8WRQfpPs	Bilal	2015-10-16	1
2YZyLoL8N0Wb9xBt1NhZWg	Kendrick Lamar	4frXpPxQQZwbCu3eTGnZEw	Thundercat	2015-10-16	1
2YZyLoL8N0Wb9xBt1NhZWg	Kendrick Lamar	1C4z0Gkwl4ZObsBNH2JZ9r	Melo Kan	2017-01-27	1
2YZyLoL8N0Wb9xBt1NhZWg	Kendrick Lamar	5pKCCKE2ajJHZ9KAiaK11H	Rihanna	2017-04-14	1
2YZyLoL8N0Wb9xBt1NhZWg	Kendrick Lamar	51Blml2LZPmy7TTiAg47vQ	U2	2017-04-14	1
2YZyLoL8N0Wb9xBt1NhZWg	Kendrick Lamar	3qBKjEOanahMxlRojwCzhI	Zacari	2017-04-14	1
2YZyLoL8N0Wb9xBt1NhZWg	Kendrick Lamar	3qBKjEOanahMxlRojwCzhI	Zacari	2017-06-30	1
2YZyLoL8N0Wb9xBt1NhZWg	Kendrick Lamar	3qBKjEOanahMxlRojwCzhI	Zacari	2017-07-21	1
2YZyLoL8N0Wb9xBt1NhZWg	Kendrick Lamar	5pKCCKE2ajJHZ9KAiaK11H	Rihanna	2017-11-03	1
2YZyLoL8N0Wb9xBt1NhZWg	Kendrick Lamar	3qBKjEOanahMxlRojwCzhI	Zacari	2017-11-03	1
2YZyLoL8N0Wb9xBt1NhZWg	Kendrick Lamar	5pKCCKE2ajJHZ9KAiaK11H	Rihanna	2017-11-17	1
2YZyLoL8N0Wb9xBt1NhZWg	Kendrick Lamar	5pKCCKE2ajJHZ9KAiaK11H	Rihanna	2017-12-08	1
2YZyLoL8N0Wb9xBt1NhZWg	Kendrick Lamar	51Blml2LZPmy7TTiAg47vQ	U2	2017-12-08	1
2YZyLoL8N0Wb9xBt1NhZWg	Kendrick Lamar	3qBKjEOanahMxlRojwCzhI	Zacari	2017-12-08	1
2YZyLoL8N0Wb9xBt1NhZWg	Kendrick Lamar	7tYKF4w9nC0nq9CsPZTHyP	SZA	2018-01-04	1
2YZyLoL8N0Wb9xBt1NhZWg	Kendrick Lamar	0N41KJ4H6bkPAm2tx7VS8C	Anna Wise	2018-02-02	1
2YZyLoL8N0Wb9xBt1NhZWg	Kendrick Lamar	4jCbgl5Dmt3uOh8WRQfpPs	Bilal	2018-02-02	1
2YZyLoL8N0Wb9xBt1NhZWg	Kendrick Lamar	4frXpPxQQZwbCu3eTGnZEw	Thundercat	2018-02-02	1
2YZyLoL8N0Wb9xBt1NhZWg	Kendrick Lamar	7tYKF4w9nC0nq9CsPZTHyP	SZA	2018-02-09	1
2YZyLoL8N0Wb9xBt1NhZWg	Kendrick Lamar	0Y5tJX1MQlPlqiwlOH1tJY	Travis Scott	2018-02-09	1
2YZyLoL8N0Wb9xBt1NhZWg	Kendrick Lamar	3qBKjEOanahMxlRojwCzhI	Zacari	2018-03-23	1
2YZyLoL8N0Wb9xBt1NhZWg	Kendrick Lamar	6DPYiyq5kWVQS4RGwxzPC7	Dr. Dre	2018-04-13	1
2YZyLoL8N0Wb9xBt1NhZWg	Kendrick Lamar	3qBKjEOanahMxlRojwCzhI	Zacari	2018-04-27	1
2YZyLoL8N0Wb9xBt1NhZWg	Kendrick Lamar	6DPYiyq5kWVQS4RGwxzPC7	Dr. Dre	2018-05-25	1
2YZyLoL8N0Wb9xBt1NhZWg	Kendrick Lamar	28ExwzUQsvgJooOI0X1mr3	Jay Rock	2018-09-21	1
2YZyLoL8N0Wb9xBt1NhZWg	Kendrick Lamar	0N41KJ4H6bkPAm2tx7VS8C	Anna Wise	2018-10-26	1
2YZyLoL8N0Wb9xBt1NhZWg	Kendrick Lamar	4jCbgl5Dmt3uOh8WRQfpPs	Bilal	2018-10-26	1
2YZyLoL8N0Wb9xBt1NhZWg	Kendrick Lamar	6DPYiyq5kWVQS4RGwxzPC7	Dr. Dre	2018-10-26	1
2YZyLoL8N0Wb9xBt1NhZWg	Kendrick Lamar	4XqfpACObRB5AsBcUYjL8X	MC Eiht	2018-10-26	1
2YZyLoL8N0Wb9xBt1NhZWg	Kendrick Lamar	7hJcb9fa4alzcOq3EaNPoG	Snoop Dogg	2018-10-26	1
