ego_label	ego_name	artist_label	artist_name	release_date	total
4q3ewBCX7sLwd24euuV69X	Bad Bunny	6w9ToX5slZ4uIdmD17hJ3c	Bryant Myers	2017-01-02	1
4q3ewBCX7sLwd24euuV69X	Bad Bunny	6P6GTRTigHBp8ZesNtpCKH	Almighty	2017-03-02	1
4q3ewBCX7sLwd24euuV69X	Bad Bunny	6CeuGv4HZFxwZB1LyCBUjn	Denyerkin	2017-03-02	1
4q3ewBCX7sLwd24euuV69X	Bad Bunny	0pm4ijsngxgyYEZl0UeXug	El Fother	2017-03-02	1
4q3ewBCX7sLwd24euuV69X	Bad Bunny	3tZdknQnzsVIIdaGCTj4RX	Quimico Ultra Mega	2017-03-02	1
4q3ewBCX7sLwd24euuV69X	Bad Bunny	6P6GTRTigHBp8ZesNtpCKH	Almighty	2017-03-10	1
4q3ewBCX7sLwd24euuV69X	Bad Bunny	6w9ToX5slZ4uIdmD17hJ3c	Bryant Myers	2017-03-10	1
4q3ewBCX7sLwd24euuV69X	Bad Bunny	1RBzGO6Nm3uyhUSxP7EDWO	Kevin Roldan	2017-03-10	1
4q3ewBCX7sLwd24euuV69X	Bad Bunny	3RtNN1VnooWEn3KQk03DUL	Noriel	2017-03-10	1
4q3ewBCX7sLwd24euuV69X	Bad Bunny	6P6GTRTigHBp8ZesNtpCKH	Almighty	2017-04-11	1
4q3ewBCX7sLwd24euuV69X	Bad Bunny	4SsVbpTthjScTS7U2hmr1X	Arcangel	2017-04-11	1
4q3ewBCX7sLwd24euuV69X	Bad Bunny	0GgyFUpOyzWDRDqx8FCTDN	Baby Rasta	2017-04-11	1
4q3ewBCX7sLwd24euuV69X	Bad Bunny	6w9ToX5slZ4uIdmD17hJ3c	Bryant Myers	2017-04-11	1
4q3ewBCX7sLwd24euuV69X	Bad Bunny	00XhexlJEXQstHimpZN910	Brytiago	2017-04-11	1
4q3ewBCX7sLwd24euuV69X	Bad Bunny	64aJYyrXljOodnUG6jvhRD	DJ Luian	2017-04-11	1
4q3ewBCX7sLwd24euuV69X	Bad Bunny	2T1aUibqR2QC2sINIDQOAK	Mambo Kingz	2017-04-11	1
4q3ewBCX7sLwd24euuV69X	Bad Bunny	3RtNN1VnooWEn3KQk03DUL	Noriel	2017-04-11	1
4q3ewBCX7sLwd24euuV69X	Bad Bunny	64aJYyrXljOodnUG6jvhRD	DJ Luian	2017-05-19	1
4q3ewBCX7sLwd24euuV69X	Bad Bunny	329e4yvIujISKGKz1BZZbO	Farruko	2017-05-19	1
4q3ewBCX7sLwd24euuV69X	Bad Bunny	2T1aUibqR2QC2sINIDQOAK	Mambo Kingz	2017-05-19	1
4q3ewBCX7sLwd24euuV69X	Bad Bunny	4SsVbpTthjScTS7U2hmr1X	Arcangel	2017-06-22	1
4q3ewBCX7sLwd24euuV69X	Bad Bunny	1vyhD5VmyZ7KMfW5gqLgo5	J Balvin	2017-06-22	1
4q3ewBCX7sLwd24euuV69X	Bad Bunny	1i8SpTcr7yvPOmcqrbnVXY	Ozuna	2017-06-22	1
4q3ewBCX7sLwd24euuV69X	Bad Bunny	6P6GTRTigHBp8ZesNtpCKH	Almighty	2017-07-18	1
4q3ewBCX7sLwd24euuV69X	Bad Bunny	6w9ToX5slZ4uIdmD17hJ3c	Bryant Myers	2017-07-18	1
4q3ewBCX7sLwd24euuV69X	Bad Bunny	6CeuGv4HZFxwZB1LyCBUjn	Denyerkin	2017-07-18	1
4q3ewBCX7sLwd24euuV69X	Bad Bunny	0pm4ijsngxgyYEZl0UeXug	El Fother	2017-07-18	1
4q3ewBCX7sLwd24euuV69X	Bad Bunny	1RBzGO6Nm3uyhUSxP7EDWO	Kevin Roldan	2017-07-18	1
4q3ewBCX7sLwd24euuV69X	Bad Bunny	0zZJhc1T0zBurhnBwQ2fcu	Mark B.	2017-07-18	1
4q3ewBCX7sLwd24euuV69X	Bad Bunny	3RtNN1VnooWEn3KQk03DUL	Noriel	2017-07-18	1
4q3ewBCX7sLwd24euuV69X	Bad Bunny	1m82A2YUjBaQnLAFi9vjJv	Poeta Callejero	2017-07-18	1
4q3ewBCX7sLwd24euuV69X	Bad Bunny	3tZdknQnzsVIIdaGCTj4RX	Quimico Ultra Mega	2017-07-18	1
4q3ewBCX7sLwd24euuV69X	Bad Bunny	6P6GTRTigHBp8ZesNtpCKH	Almighty	2017-07-28	2
4q3ewBCX7sLwd24euuV69X	Bad Bunny	4SsVbpTthjScTS7U2hmr1X	Arcangel	2017-07-28	2
4q3ewBCX7sLwd24euuV69X	Bad Bunny	5ImkeVBlU11axX5QwOWg12	Black Jonas Point	2017-07-28	2
4q3ewBCX7sLwd24euuV69X	Bad Bunny	3tZdknQnzsVIIdaGCTj4RX	Quimico Ultra Mega	2017-07-28	2
4q3ewBCX7sLwd24euuV69X	Bad Bunny	2R21vXR83lH98kGeO99Y66	Anuel Aa	2017-10-25	1
4q3ewBCX7sLwd24euuV69X	Bad Bunny	00me4Ke1LsvMxt5kydlMyU	Cosculluela	2017-10-25	1
4q3ewBCX7sLwd24euuV69X	Bad Bunny	4VMYDCV2IEDYJArk749S6m	Daddy Yankee	2017-10-25	1
4q3ewBCX7sLwd24euuV69X	Bad Bunny	64aJYyrXljOodnUG6jvhRD	DJ Luian	2017-11-03	1
4q3ewBCX7sLwd24euuV69X	Bad Bunny	1vyhD5VmyZ7KMfW5gqLgo5	J Balvin	2017-11-03	1
4q3ewBCX7sLwd24euuV69X	Bad Bunny	2T1aUibqR2QC2sINIDQOAK	Mambo Kingz	2017-11-03	1
4q3ewBCX7sLwd24euuV69X	Bad Bunny	3MHaV05u0io8fQbZ2XPtlC	Prince Royce	2017-11-03	1
4q3ewBCX7sLwd24euuV69X	Bad Bunny	2ydZrTy8U3kOMOzx20s3dg	DJ Nelson	2018-08-17	1
4q3ewBCX7sLwd24euuV69X	Bad Bunny	2OHKEe204spO7G7NcbeO2o	Ñejo	2018-08-17	1
4q3ewBCX7sLwd24euuV69X	Bad Bunny	0AdjzZxHJ4MfbImx2rD0Df	Pj Sin Suela	2018-08-17	1
4q3ewBCX7sLwd24euuV69X	Bad Bunny	2TjgzYcbTdsZjbT9OItIeB	Héctor "El Father"	2018-08-21	1
4q3ewBCX7sLwd24euuV69X	Bad Bunny	0zZJhc1T0zBurhnBwQ2fcu	Mark B.	2018-09-11	1
4q3ewBCX7sLwd24euuV69X	Bad Bunny	1m82A2YUjBaQnLAFi9vjJv	Poeta Callejero	2018-09-11	1
4q3ewBCX7sLwd24euuV69X	Bad Bunny	3TVXtAsR1Inumwj472S9r4	Drake	2018-10-11	1
4q3ewBCX7sLwd24euuV69X	Bad Bunny	5fMUXHkw8R8eOP2RNVYEZX	Diplo	2018-12-23	1
4q3ewBCX7sLwd24euuV69X	Bad Bunny	3TVXtAsR1Inumwj472S9r4	Drake	2018-12-23	1
4q3ewBCX7sLwd24euuV69X	Bad Bunny	2oQX8QiMXOyuqbcZEFsZfm	El Alfa	2018-12-23	1
