ego_label	ego_name	artist_label	artist_name	release_date	total
4AK6F7OLvEQ5QYCBNiQWHq	One Direction	1vWImodgVqIgTUkekGEfR9	Dave Audé	2012-09-28	1
4AK6F7OLvEQ5QYCBNiQWHq	One Direction	5I7l0lSOyusetwCv1aQPMf	Jump Smokers	2012-09-28	1
4AK6F7OLvEQ5QYCBNiQWHq	One Direction	632I0NhPOufTbM8Dhep213	Sharoque	2013-02-17	1
4AK6F7OLvEQ5QYCBNiQWHq	One Direction	5I7l0lSOyusetwCv1aQPMf	Jump Smokers	2013-07-22	1
4AK6F7OLvEQ5QYCBNiQWHq	One Direction	60PKQFvtGXaQWYfVixrrDk	Kat Krazy	2013-07-22	1
4AK6F7OLvEQ5QYCBNiQWHq	One Direction	6sa3Tk9jumQUIv9VBbH2x4	Julian Bunetta	2014-05-23	1
4AK6F7OLvEQ5QYCBNiQWHq	One Direction	5pUo3fmmHT8bhCyHE52hA6	Liam Payne	2014-05-23	1
4AK6F7OLvEQ5QYCBNiQWHq	One Direction	632I0NhPOufTbM8Dhep213	Sharoque	2014-05-23	1
4AK6F7OLvEQ5QYCBNiQWHq	One Direction	6sa3Tk9jumQUIv9VBbH2x4	Julian Bunetta	2014-10-20	1
4AK6F7OLvEQ5QYCBNiQWHq	One Direction	5pUo3fmmHT8bhCyHE52hA6	Liam Payne	2014-10-20	1
4AK6F7OLvEQ5QYCBNiQWHq	One Direction	60PKQFvtGXaQWYfVixrrDk	Kat Krazy	2014-11-07	1
4AK6F7OLvEQ5QYCBNiQWHq	One Direction	0cKhhiOJQdzCUkcdlB6La7	Afterhrs	2014-12-12	1
4AK6F7OLvEQ5QYCBNiQWHq	One Direction	0cKhhiOJQdzCUkcdlB6La7	Afterhrs	2015-10-22	1
4AK6F7OLvEQ5QYCBNiQWHq	One Direction	5pUo3fmmHT8bhCyHE52hA6	Liam Payne	2015-10-22	1
4AK6F7OLvEQ5QYCBNiQWHq	One Direction	2iUbk5KhZYZt4CRvWbwb7S	LunchMoney Lewis	2015-10-22	1
4AK6F7OLvEQ5QYCBNiQWHq	One Direction	4YXycRbyyAE0wozTk7QMEq	Matoma	2015-10-22	1
4AK6F7OLvEQ5QYCBNiQWHq	One Direction	0cKhhiOJQdzCUkcdlB6La7	Afterhrs	2015-12-04	1
