ego_label	ego_name	artist_label	artist_name	release_date	total
6LuN9FCkKOj5PcnpouEgny	Khalid	6eXZu6O7nAUA5z6vLV8NKI	Little Simz	2017-01-26	1
6LuN9FCkKOj5PcnpouEgny	Khalid	0cGUm45nv7Z6M6qdXYQGTX	Kehlani	2017-03-17	2
6LuN9FCkKOj5PcnpouEgny	Khalid	55Aa2cqylxrFIXC767Z865	Lil Wayne	2017-03-17	2
6LuN9FCkKOj5PcnpouEgny	Khalid	5XenQ7XfcvQdfIbpLEFaKQ	GoldLink	2017-04-19	2
6LuN9FCkKOj5PcnpouEgny	Khalid	6icQOAFXDZKsumw3YXyusw	Lil Yachty	2017-06-07	2
6LuN9FCkKOj5PcnpouEgny	Khalid	7iZtZyCzp3LItcw1wtPI3D	Rae Sremmurd	2017-06-07	2
6LuN9FCkKOj5PcnpouEgny	Khalid	1zNqQNIdeOUZHb8zbZRFMX	Swae Lee	2018-02-09	1
6LuN9FCkKOj5PcnpouEgny	Khalid	2cWZOOzeOm4WmBJRnD5R7I	Normani	2018-02-12	1
6LuN9FCkKOj5PcnpouEgny	Khalid	2FwJwEswyIUAljqgjNSHgP	Snakehips	2018-02-12	1
6LuN9FCkKOj5PcnpouEgny	Khalid	2cWZOOzeOm4WmBJRnD5R7I	Normani	2018-02-13	2
6LuN9FCkKOj5PcnpouEgny	Khalid	1sBkRIssrMs1AbVkOJbc7a	Rick Ross	2018-02-13	2
6LuN9FCkKOj5PcnpouEgny	Khalid	2cWZOOzeOm4WmBJRnD5R7I	Normani	2018-02-14	1
6LuN9FCkKOj5PcnpouEgny	Khalid	2cWZOOzeOm4WmBJRnD5R7I	Normani	2018-03-16	1
6LuN9FCkKOj5PcnpouEgny	Khalid	4IVAbR2w4JJNJDDRFP3E83	6LACK	2018-04-20	2
6LuN9FCkKOj5PcnpouEgny	Khalid	7c0XG5cIJTrrAgEC3ULPiq	Ty Dolla $ign	2018-04-20	2
6LuN9FCkKOj5PcnpouEgny	Khalid	3Y7RZ31TRPVadSFVy1o8os	H.E.R.	2018-06-06	1
6LuN9FCkKOj5PcnpouEgny	Khalid	3Y7RZ31TRPVadSFVy1o8os	H.E.R.	2018-06-15	1
6LuN9FCkKOj5PcnpouEgny	Khalid	4IVAbR2w4JJNJDDRFP3E83	6LACK	2018-06-28	1
6LuN9FCkKOj5PcnpouEgny	Khalid	5eKqhPrKad0J9xGAtq3rW7	BURNS	2018-06-28	1
6LuN9FCkKOj5PcnpouEgny	Khalid	7c0XG5cIJTrrAgEC3ULPiq	Ty Dolla $ign	2018-06-28	1
6LuN9FCkKOj5PcnpouEgny	Khalid	4IVAbR2w4JJNJDDRFP3E83	6LACK	2018-06-29	1
6LuN9FCkKOj5PcnpouEgny	Khalid	5eKqhPrKad0J9xGAtq3rW7	BURNS	2018-06-29	1
6LuN9FCkKOj5PcnpouEgny	Khalid	7c0XG5cIJTrrAgEC3ULPiq	Ty Dolla $ign	2018-06-29	1
6LuN9FCkKOj5PcnpouEgny	Khalid	5QuBVnBPEzwYvFrgBbwpmU	Empress Of	2018-10-18	1
6LuN9FCkKOj5PcnpouEgny	Khalid	5QuBVnBPEzwYvFrgBbwpmU	Empress Of	2018-10-19	1
6LuN9FCkKOj5PcnpouEgny	Khalid	3e3f36CFSYJDJmZX6AfMYV	Jayvon	2018-12-19	1
6LuN9FCkKOj5PcnpouEgny	Khalid	0Ccy9eE0KaXLluPpwhOFJK	noclue?	2018-12-21	1
6LuN9FCkKOj5PcnpouEgny	Khalid	3oSJ7TBVCWMDMiYjXNiCKE	Kane Brown	2019-01-11	2
