ego_label	ego_name	artist_label	artist_name	release_date	total
137W8MRPWKqSmrBGDBFSop	Wiz Khalifa	6X8WdFjrNhXATMDSs26aCc	Curren$y	2009-11-24	1
137W8MRPWKqSmrBGDBFSop	Wiz Khalifa	7F2GsTMOQaWNchzcCMmXNX	Josh Everette	2009-11-24	2
137W8MRPWKqSmrBGDBFSop	Wiz Khalifa	1lrhAPMHcedVPJd7viLelh	L.C.	2009-11-24	1
137W8MRPWKqSmrBGDBFSop	Wiz Khalifa	2MtnHtIYtfSJAPHxpqk9uV	Lavish	2009-11-24	1
137W8MRPWKqSmrBGDBFSop	Wiz Khalifa	78u1jLVBjPSXQVmHBV43yG	Alborosie	2010-04-14	1
137W8MRPWKqSmrBGDBFSop	Wiz Khalifa	0CKa42Jqrc9fSFbDjePaXP	Big K.R.I.T.	2010-04-14	1
137W8MRPWKqSmrBGDBFSop	Wiz Khalifa	6X8WdFjrNhXATMDSs26aCc	Curren$y	2010-04-14	1
137W8MRPWKqSmrBGDBFSop	Wiz Khalifa	0GLQ8yTehMDSZvBSjQRrEk	Johnny Juliano	2010-04-14	1
137W8MRPWKqSmrBGDBFSop	Wiz Khalifa	0uzlfGNw35ha8bszBDhKy7	Killa Kyleon	2010-04-14	1
137W8MRPWKqSmrBGDBFSop	Wiz Khalifa	2GcGJIDbA22nWx874cFk2t	Nesby Phips	2010-04-14	1
137W8MRPWKqSmrBGDBFSop	Wiz Khalifa	0c173mlxpT3dSFRgMO8XPh	Big Sean	2011-02-17	2
137W8MRPWKqSmrBGDBFSop	Wiz Khalifa	6hSbppor1AmH9RGzyxOcGT	Chevy Woods	2011-02-17	3
137W8MRPWKqSmrBGDBFSop	Wiz Khalifa	1uvkJvciMWdORJ3JzCaY2c	Juicy J	2011-02-17	1
137W8MRPWKqSmrBGDBFSop	Wiz Khalifa	0NTyv1jcj4ZzcuuLOaihWl	Nikkiya	2011-02-17	1
137W8MRPWKqSmrBGDBFSop	Wiz Khalifa	3JXpwnHbLvXxY99EuXqFPX	Poo Bear	2011-02-17	1
137W8MRPWKqSmrBGDBFSop	Wiz Khalifa	49vCIUW46QY3L5vo1xVFoy	Trae Tha Truth	2011-02-17	1
137W8MRPWKqSmrBGDBFSop	Wiz Khalifa	6hSbppor1AmH9RGzyxOcGT	Chevy Woods	2011-03-29	2
137W8MRPWKqSmrBGDBFSop	Wiz Khalifa	6X8WdFjrNhXATMDSs26aCc	Curren$y	2011-03-29	2
137W8MRPWKqSmrBGDBFSop	Wiz Khalifa	1Xyo4u8uXC1ZmMpatF05PJ	The Weeknd	2012-09-24	1
137W8MRPWKqSmrBGDBFSop	Wiz Khalifa	17lzZA2AlOHwCwFALHttmp	2 Chainz	2012-12-04	2
137W8MRPWKqSmrBGDBFSop	Wiz Khalifa	0z4gvV4rjIZ9wHck67ucSV	Akon	2012-12-04	2
137W8MRPWKqSmrBGDBFSop	Wiz Khalifa	5zgyxbzemUOywyKdvEvVqB	Amber Rose	2012-12-04	2
137W8MRPWKqSmrBGDBFSop	Wiz Khalifa	7iMvwE8qANp3aIfAGKEAwS	Cam’ron	2012-12-04	2
137W8MRPWKqSmrBGDBFSop	Wiz Khalifa	6hSbppor1AmH9RGzyxOcGT	Chevy Woods	2012-12-04	2
137W8MRPWKqSmrBGDBFSop	Wiz Khalifa	3GDkfd4W2ucI99TJZOYkfe	Courtney Noelle	2012-12-04	2
137W8MRPWKqSmrBGDBFSop	Wiz Khalifa	2ZavqCJe7uqkRpISes0NFi	Iamsu!	2012-12-04	1
137W8MRPWKqSmrBGDBFSop	Wiz Khalifa	3hm1hqVd38xKA7iXjVJvo9	Juciy J	2012-12-04	2
137W8MRPWKqSmrBGDBFSop	Wiz Khalifa	5gCRApTajqwbnHHPbr2Fpi	Juicy J	2012-12-04	2
137W8MRPWKqSmrBGDBFSop	Wiz Khalifa	20OiMsBZdt90bBuku33KaO	Lola Monroe	2012-12-04	2
137W8MRPWKqSmrBGDBFSop	Wiz Khalifa	2RdwBSPQiwcmiDo9kixcl8	Pharrell Williams	2012-12-04	2
137W8MRPWKqSmrBGDBFSop	Wiz Khalifa	0399oiMcmbOzzsYQDNYqxn	Problem	2012-12-04	1
137W8MRPWKqSmrBGDBFSop	Wiz Khalifa	1Xyo4u8uXC1ZmMpatF05PJ	The Weeknd	2012-12-04	2
137W8MRPWKqSmrBGDBFSop	Wiz Khalifa	6YpZJVlbfrHIX66H9Lt0tD	Tuki Carter	2012-12-04	2
137W8MRPWKqSmrBGDBFSop	Wiz Khalifa	6X8WdFjrNhXATMDSs26aCc	Curren$y	2013-04-20	6
137W8MRPWKqSmrBGDBFSop	Wiz Khalifa	79ffq2PHS5TDmgnHhAyudW	Louis Futon	2014-07-01	1
137W8MRPWKqSmrBGDBFSop	Wiz Khalifa	5gCRApTajqwbnHHPbr2Fpi	Juicy J	2014-07-15	1
137W8MRPWKqSmrBGDBFSop	Wiz Khalifa	20qISvAhX20dpIbOOzGK3q	Nas	2014-07-15	1
137W8MRPWKqSmrBGDBFSop	Wiz Khalifa	08Ld63UgKrJ0nZnCkzHtzc	Project Pat	2014-07-15	1
137W8MRPWKqSmrBGDBFSop	Wiz Khalifa	1sBkRIssrMs1AbVkOJbc7a	Rick Ross	2014-07-15	1
137W8MRPWKqSmrBGDBFSop	Wiz Khalifa	5IcR3N7QB1j6KBL8eImZ8m	ScHoolboy Q	2014-07-15	1
137W8MRPWKqSmrBGDBFSop	Wiz Khalifa	7hJcb9fa4alzcOq3EaNPoG	Snoop Dogg	2014-07-22	1
137W8MRPWKqSmrBGDBFSop	Wiz Khalifa	7c0XG5cIJTrrAgEC3ULPiq	Ty Dolla $ign	2014-07-22	1
137W8MRPWKqSmrBGDBFSop	Wiz Khalifa	4fQHCuys7JZvaQzRvB1kPR	Ghost Loft	2014-08-12	1
137W8MRPWKqSmrBGDBFSop	Wiz Khalifa	6hSbppor1AmH9RGzyxOcGT	Chevy Woods	2014-08-19	2
137W8MRPWKqSmrBGDBFSop	Wiz Khalifa	6X8WdFjrNhXATMDSs26aCc	Curren$y	2014-08-19	2
137W8MRPWKqSmrBGDBFSop	Wiz Khalifa	4fQHCuys7JZvaQzRvB1kPR	Ghost Loft	2014-08-19	2
137W8MRPWKqSmrBGDBFSop	Wiz Khalifa	5gCRApTajqwbnHHPbr2Fpi	Juicy J	2014-08-19	2
137W8MRPWKqSmrBGDBFSop	Wiz Khalifa	20qISvAhX20dpIbOOzGK3q	Nas	2014-08-19	1
137W8MRPWKqSmrBGDBFSop	Wiz Khalifa	0hCNtLu0JehylgoiP8L4Gh	Nicki Minaj	2014-08-19	2
137W8MRPWKqSmrBGDBFSop	Wiz Khalifa	08Ld63UgKrJ0nZnCkzHtzc	Project Pat	2014-08-19	2
137W8MRPWKqSmrBGDBFSop	Wiz Khalifa	1sBkRIssrMs1AbVkOJbc7a	Rick Ross	2014-08-19	1
137W8MRPWKqSmrBGDBFSop	Wiz Khalifa	5IcR3N7QB1j6KBL8eImZ8m	ScHoolboy Q	2014-08-19	1
137W8MRPWKqSmrBGDBFSop	Wiz Khalifa	7hJcb9fa4alzcOq3EaNPoG	Snoop Dogg	2014-08-19	1
137W8MRPWKqSmrBGDBFSop	Wiz Khalifa	7c0XG5cIJTrrAgEC3ULPiq	Ty Dolla $ign	2014-08-19	5
137W8MRPWKqSmrBGDBFSop	Wiz Khalifa	6VuMaDnrHyPL1p4EHjYLi7	Charlie Puth	2015-01-01	1
137W8MRPWKqSmrBGDBFSop	Wiz Khalifa	5yG7ZAZafVaAlMTeBybKAL	Iggy Azalea	2015-02-17	1
137W8MRPWKqSmrBGDBFSop	Wiz Khalifa	4UXqAaa6dQYAk18Lv7PEgX	Fall Out Boy	2015-08-03	1
137W8MRPWKqSmrBGDBFSop	Wiz Khalifa	7iZtZyCzp3LItcw1wtPI3D	Rae Sremmurd	2015-09-04	1
137W8MRPWKqSmrBGDBFSop	Wiz Khalifa	0Y5tJX1MQlPlqiwlOH1tJY	Travis Scott	2016-01-22	1
137W8MRPWKqSmrBGDBFSop	Wiz Khalifa	6hSbppor1AmH9RGzyxOcGT	Chevy Woods	2016-02-05	1
137W8MRPWKqSmrBGDBFSop	Wiz Khalifa	3GDkfd4W2ucI99TJZOYkfe	Courtney Noelle	2016-02-05	1
137W8MRPWKqSmrBGDBFSop	Wiz Khalifa	1d7Nvxd0A9j7z2XSyUe6vr	J.R. Donato	2016-02-05	1
137W8MRPWKqSmrBGDBFSop	Wiz Khalifa	5gCRApTajqwbnHHPbr2Fpi	Juicy J	2016-02-05	1
137W8MRPWKqSmrBGDBFSop	Wiz Khalifa	2GEcMpeGIad5O23WxDRFMn	Rico Love	2016-02-05	1
137W8MRPWKqSmrBGDBFSop	Wiz Khalifa	3SDQzHnLxVFNK6hvg9Lrks	Sebastian	2016-02-05	1
137W8MRPWKqSmrBGDBFSop	Wiz Khalifa	0Y5tJX1MQlPlqiwlOH1tJY	Travis Scott	2016-02-05	1
137W8MRPWKqSmrBGDBFSop	Wiz Khalifa	7c0XG5cIJTrrAgEC3ULPiq	Ty Dolla $ign	2016-02-05	1
137W8MRPWKqSmrBGDBFSop	Wiz Khalifa	4O15NlyKLIASxsJ0PrXPfz	Lil Uzi Vert	2016-05-25	1
137W8MRPWKqSmrBGDBFSop	Wiz Khalifa	7jiMD3vf8pQSfYOqsftWVg	Slim Dee	2016-07-07	1
137W8MRPWKqSmrBGDBFSop	Wiz Khalifa	4O15NlyKLIASxsJ0PrXPfz	Lil Uzi Vert	2016-08-26	2
137W8MRPWKqSmrBGDBFSop	Wiz Khalifa	7c0XG5cIJTrrAgEC3ULPiq	Ty Dolla $ign	2017-08-11	1
137W8MRPWKqSmrBGDBFSop	Wiz Khalifa	0uFc6StTmJBvdHPZFDkdJy	Casey Veggies	2017-11-07	1
137W8MRPWKqSmrBGDBFSop	Wiz Khalifa	21dooacK2WGBB5amYvKyfM	Smokepurpp	2018-03-09	1
137W8MRPWKqSmrBGDBFSop	Wiz Khalifa	13y7CgLHjMVRMDqxdx0Xdo	Gucci Mane	2018-05-03	1
137W8MRPWKqSmrBGDBFSop	Wiz Khalifa	13y7CgLHjMVRMDqxdx0Xdo	Gucci Mane	2018-06-21	1
137W8MRPWKqSmrBGDBFSop	Wiz Khalifa	1zNqQNIdeOUZHb8zbZRFMX	Swae Lee	2018-06-21	2
137W8MRPWKqSmrBGDBFSop	Wiz Khalifa	13y7CgLHjMVRMDqxdx0Xdo	Gucci Mane	2018-06-29	1
137W8MRPWKqSmrBGDBFSop	Wiz Khalifa	0399oiMcmbOzzsYQDNYqxn	Problem	2018-06-29	1
137W8MRPWKqSmrBGDBFSop	Wiz Khalifa	5spEJXLwD1sKUdC2bnOHPg	Bone Thugs-N-Harmony	2018-07-13	1
137W8MRPWKqSmrBGDBFSop	Wiz Khalifa	6hSbppor1AmH9RGzyxOcGT	Chevy Woods	2018-07-13	1
137W8MRPWKqSmrBGDBFSop	Wiz Khalifa	6X8WdFjrNhXATMDSs26aCc	Curren$y	2018-07-13	1
137W8MRPWKqSmrBGDBFSop	Wiz Khalifa	14w9cCpmdbQVQUCvVWFKdT	Darrius Willrich	2018-07-13	1
137W8MRPWKqSmrBGDBFSop	Wiz Khalifa	13y7CgLHjMVRMDqxdx0Xdo	Gucci Mane	2018-07-13	1
137W8MRPWKqSmrBGDBFSop	Wiz Khalifa	3ohrdimoWGwbjGMOnTDoUJ	Hardo	2018-07-13	1
137W8MRPWKqSmrBGDBFSop	Wiz Khalifa	3eu4XaXUnk055bWtkKkK3W	Jimmy Wopo	2018-07-13	1
137W8MRPWKqSmrBGDBFSop	Wiz Khalifa	7d3WFRME3vBY2cgoP38RDo	Lil Skies	2018-07-13	1
137W8MRPWKqSmrBGDBFSop	Wiz Khalifa	2HPaUgqeutzr3jx5a9WyDV	PARTYNEXTDOOR	2018-07-13	1
137W8MRPWKqSmrBGDBFSop	Wiz Khalifa	0399oiMcmbOzzsYQDNYqxn	Problem	2018-07-13	1
137W8MRPWKqSmrBGDBFSop	Wiz Khalifa	7hJcb9fa4alzcOq3EaNPoG	Snoop Dogg	2018-07-13	1
137W8MRPWKqSmrBGDBFSop	Wiz Khalifa	1zNqQNIdeOUZHb8zbZRFMX	Swae Lee	2018-07-13	1
137W8MRPWKqSmrBGDBFSop	Wiz Khalifa	7crF48BmAnNaoNU8QPVld0	THEMXXNLIGHT	2018-07-13	3
137W8MRPWKqSmrBGDBFSop	Wiz Khalifa	7c0XG5cIJTrrAgEC3ULPiq	Ty Dolla $ign	2018-07-13	1
137W8MRPWKqSmrBGDBFSop	Wiz Khalifa	3jUbD0bMblwdoR2jrJofSh	Smoke Purpp	2018-09-28	1
