ego_label	ego_name	artist_label	artist_name	release_date	total
246dkjvS1zLTtiykXe5h60	Post Malone	17lzZA2AlOHwCwFALHttmp	2 Chainz	2016-12-09	1
246dkjvS1zLTtiykXe5h60	Post Malone	1uNFoZAHBGtllmzznpCI3s	Justin Bieber	2016-12-09	2
246dkjvS1zLTtiykXe5h60	Post Malone	0cGUm45nv7Z6M6qdXYQGTX	Kehlani	2016-12-09	2
246dkjvS1zLTtiykXe5h60	Post Malone	0VRj0yCOv2FXJNP47XQnx5	Quavo	2016-12-09	2
246dkjvS1zLTtiykXe5h60	Post Malone	1RyvyyTE3xzB2ZywiAwp0i	Future	2017-06-16	1
246dkjvS1zLTtiykXe5h60	Post Malone	0VRj0yCOv2FXJNP47XQnx5	Quavo	2017-06-16	1
246dkjvS1zLTtiykXe5h60	Post Malone	0VRj0yCOv2FXJNP47XQnx5	Quavo	2017-06-30	1
246dkjvS1zLTtiykXe5h60	Post Malone	0VRj0yCOv2FXJNP47XQnx5	Quavo	2017-09-01	1
246dkjvS1zLTtiykXe5h60	Post Malone	1URnnhqYAYcrqrcwql10ft	21 Savage	2017-10-13	1
246dkjvS1zLTtiykXe5h60	Post Malone	1URnnhqYAYcrqrcwql10ft	21 Savage	2017-11-03	1
246dkjvS1zLTtiykXe5h60	Post Malone	1URnnhqYAYcrqrcwql10ft	21 Savage	2017-12-08	1
246dkjvS1zLTtiykXe5h60	Post Malone	1SupJlEpv7RS2tPNRaHViT	Nicky Jam	2017-12-08	1
246dkjvS1zLTtiykXe5h60	Post Malone	1i8SpTcr7yvPOmcqrbnVXY	Ozuna	2017-12-08	1
246dkjvS1zLTtiykXe5h60	Post Malone	0VRj0yCOv2FXJNP47XQnx5	Quavo	2017-12-08	1
246dkjvS1zLTtiykXe5h60	Post Malone	1URnnhqYAYcrqrcwql10ft	21 Savage	2017-12-15	1
246dkjvS1zLTtiykXe5h60	Post Malone	0VRj0yCOv2FXJNP47XQnx5	Quavo	2017-12-15	1
246dkjvS1zLTtiykXe5h60	Post Malone	1SupJlEpv7RS2tPNRaHViT	Nicky Jam	2018-03-16	1
246dkjvS1zLTtiykXe5h60	Post Malone	1i8SpTcr7yvPOmcqrbnVXY	Ozuna	2018-03-16	1
246dkjvS1zLTtiykXe5h60	Post Malone	1URnnhqYAYcrqrcwql10ft	21 Savage	2018-03-23	1
246dkjvS1zLTtiykXe5h60	Post Malone	1URnnhqYAYcrqrcwql10ft	21 Savage	2018-04-27	1
246dkjvS1zLTtiykXe5h60	Post Malone	02kJSzxNuaWGqwubyUba0Z	G-Eazy	2018-04-27	1
246dkjvS1zLTtiykXe5h60	Post Malone	0hCNtLu0JehylgoiP8L4Gh	Nicki Minaj	2018-04-27	1
246dkjvS1zLTtiykXe5h60	Post Malone	1zNqQNIdeOUZHb8zbZRFMX	Swae Lee	2018-04-27	1
246dkjvS1zLTtiykXe5h60	Post Malone	7c0XG5cIJTrrAgEC3ULPiq	Ty Dolla $ign	2018-04-27	1
246dkjvS1zLTtiykXe5h60	Post Malone	0A0FS04o6zMoto8OKPsDwY	YG	2018-04-27	1
246dkjvS1zLTtiykXe5h60	Post Malone	0hCNtLu0JehylgoiP8L4Gh	Nicki Minaj	2018-06-22	1
246dkjvS1zLTtiykXe5h60	Post Malone	7c0XG5cIJTrrAgEC3ULPiq	Ty Dolla $ign	2018-06-22	1
246dkjvS1zLTtiykXe5h60	Post Malone	1zNqQNIdeOUZHb8zbZRFMX	Swae Lee	2018-12-14	1
